Sk,Solo,Ast,Comb,TFL,Int,PD,ht,wt,forty,bench,vertical,broad_jump,cone,shuttle,age,dr_av,draft_year
14.5,32.0,30.0,62.0,24.0,,,79.0,295.0,4.7,35.0,40.5,120.0,7.19,4.36,21.0,36.0,2006
9.5,69.0,52.0,121.0,16.5,,,73.0,248.0,4.59,24.0,40.0,115.0,6.82,3.96,22.0,52.0,2006
2.5,22.0,50.0,72.0,10.0,,,71.0,231.0,4.5,25.0,41.0,125.0,7.31,4.22,21.0,18.0,2006
3.0,32.0,29.0,61.0,9.0,,,76.0,338.0,5.13,37.0,31.5,110.0,7.95,4.65,22.0,92.0,2006
9.0,39.0,27.0,66.0,25.0,,,75.0,306.0,5.01,44.0,32.5,113.0,7.23,4.39,22.0,25.0,2006
2.0,92.0,64.0,156.0,10.0,,,74.0,242.0,4.76,16.0,33.5,117.0,7.0,4.22,23.0,66.0,2006
8.0,33.0,16.0,49.0,10.5,,,74.0,256.0,4.65,24.0,33.0,116.0,7.23,4.39,23.0,5.0,2006
11.0,27.0,38.0,65.0,17.0,,,75.0,275.0,4.87,24.0,33.0,116.0,7.23,4.39,22.0,75.0,2006
10.5,33.0,25.0,58.0,19.5,,,77.0,241.0,4.43,23.0,39.5,124.0,6.9,4.18,22.0,23.0,2006
0.5,10.0,14.0,24.0,9.0,,,73.0,302.0,5.15,25.0,30.5,110.0,7.79,4.48,23.0,4.0,2006
9.5,34.0,17.0,51.0,16.5,,,78.0,266.0,4.7,17.0,32.0,120.0,7.27,4.13,23.0,37.0,2006
5.0,41.0,35.0,76.0,11.5,,,73.0,236.0,4.65,23.0,39.0,129.0,7.19,4.17,22.0,39.0,2006
4.0,56.0,81.0,137.0,6.5,,,72.0,230.0,4.73,19.0,37.0,116.0,7.05,4.36,22.0,40.0,2006
3.0,47.0,38.0,85.0,7.0,,,75.0,239.0,4.42,21.0,39.0,124.0,6.96,4.28,23.0,25.0,2006
10.0,27.0,21.0,48.0,14.5,,,74.0,252.0,4.83,27.0,33.0,109.0,7.31,4.48,21.0,21.0,2006
1.0,96.0,62.0,158.0,11.0,,,72.0,236.0,4.76,24.0,31.0,108.0,7.09,4.3,23.0,1.0,2006
4.5,17.0,27.0,44.0,10.5,,,74.0,302.0,5.08,24.0,33.0,116.0,7.23,4.39,22.0,2.0,2006
4.0,17.0,22.0,39.0,13.5,,,75.0,306.0,5.01,31.0,34.0,110.0,7.62,4.35,25.0,6.0,2006
2.0,43.0,39.0,82.0,7.0,,,72.0,250.0,4.88,21.0,32.0,111.0,7.41,4.38,25.0,0.0,2006
6.5,31.0,21.0,52.0,9.5,,,73.0,223.0,4.5,30.0,40.0,132.0,6.9,4.13,23.0,0.0,2006
5.0,35.0,26.0,61.0,10.5,,,74.0,244.0,4.65,22.0,41.0,116.0,7.12,4.1,23.0,21.0,2006
3.0,41.0,41.0,82.0,8.5,,,75.0,229.0,4.59,24.0,41.0,121.0,6.67,4.07,22.0,25.0,2006
6.5,37.0,21.0,58.0,13.0,,,75.0,267.0,4.88,24.0,29.5,110.0,7.23,4.39,22.0,10.0,2006
1.0,68.0,45.0,113.0,11.5,,,71.0,224.0,4.68,15.0,36.0,113.0,7.01,4.12,23.0,15.0,2006
4.0,44.0,41.0,85.0,9.0,,,75.0,233.0,4.66,19.0,39.0,122.0,7.21,4.17,23.0,6.0,2006
2.0,25.0,15.0,40.0,6.5,,,75.0,339.0,5.27,36.0,25.0,96.0,8.28,4.8,22.0,11.0,2006
0.0,35.0,19.0,54.0,3.5,,,75.0,245.0,4.54,25.0,33.0,116.0,7.23,4.39,23.0,8.0,2006
6.5,32.0,15.0,47.0,12.0,,,76.0,274.0,4.86,22.0,32.0,112.0,7.37,4.41,23.0,13.0,2006
6.0,59.0,75.0,134.0,21.0,,,71.0,241.0,4.84,27.0,33.5,113.0,7.19,4.15,21.0,20.0,2006
2.0,48.0,22.0,70.0,4.0,,,72.0,236.0,4.59,24.0,37.0,120.0,7.03,4.29,22.0,5.0,2006
1.0,33.0,20.0,53.0,2.5,,,75.0,307.0,5.27,25.0,28.5,103.0,7.69,4.49,21.0,60.0,2006
2.0,23.0,39.0,62.0,6.5,,,76.0,304.0,4.95,35.0,34.0,105.0,7.43,4.35,22.0,30.0,2006
20.0,36.0,27.0,63.0,22.0,,,71.0,257.0,4.75,30.0,33.0,116.0,7.23,4.39,22.0,41.0,2006
5.5,22.0,6.0,28.0,11.0,,,77.0,273.0,4.81,30.0,39.0,114.0,7.71,4.57,21.0,28.0,2006
8.0,35.0,13.0,48.0,17.0,,,75.0,260.0,4.91,23.0,34.5,116.0,6.96,4.18,22.0,0.0,2006
0.0,20.0,24.0,44.0,4.0,,,72.0,232.0,4.51,41.0,39.0,124.0,6.97,4.11,23.0,0.0,2006
8.5,33.0,12.0,45.0,17.0,,,73.0,253.0,4.8,24.0,32.0,115.0,7.37,4.26,22.0,31.0,2006
2.0,45.0,28.0,73.0,8.5,,,77.0,228.0,4.44,11.0,37.0,118.0,7.17,4.34,23.0,0.0,2006
1.0,48.0,55.0,103.0,7.5,,,73.0,246.0,4.59,23.0,35.5,110.0,7.25,4.39,23.0,9.0,2006
7.0,24.0,26.0,50.0,9.0,,,76.0,277.0,5.03,25.0,34.5,110.0,7.11,4.23,22.0,1.0,2006
1.0,53.0,47.0,100.0,9.5,,,73.0,252.0,4.88,25.0,33.0,116.0,7.37,4.43,23.0,0.0,2006
6.5,23.0,17.0,40.0,14.5,,,76.0,254.0,4.62,20.0,42.0,127.0,6.95,4.22,23.0,15.0,2006
4.0,50.0,28.0,78.0,8.0,,,73.0,234.0,4.78,23.0,37.0,116.0,7.31,4.28,22.0,22.0,2006
2.0,18.0,17.0,35.0,7.0,,,72.0,311.0,5.37,24.0,33.0,116.0,7.23,4.39,23.0,1.0,2006
4.5,15.0,23.0,38.0,7.5,,,73.0,309.0,4.97,24.0,33.5,111.0,7.4,4.4,22.0,0.0,2006
5.0,60.0,39.0,99.0,14.5,,,73.0,235.0,4.76,24.0,32.5,115.0,7.22,4.16,22.0,19.0,2006
4.5,36.0,18.0,54.0,10.5,,,74.0,304.0,5.27,33.0,32.0,105.0,7.87,4.54,23.0,0.0,2006
5.0,19.0,44.0,63.0,11.5,,,75.0,317.0,5.41,24.0,33.0,104.0,7.23,4.39,23.0,21.0,2006
1.0,13.0,7.0,20.0,2.0,,,76.0,300.0,4.88,31.0,33.0,111.0,7.6,4.45,23.0,27.0,2006
9.0,33.0,31.0,64.0,11.0,,,75.0,276.0,5.08,24.0,33.0,116.0,7.23,4.39,23.0,5.0,2006
4.5,40.0,18.0,58.0,6.5,,,77.0,262.0,4.63,27.0,33.0,116.0,7.75,4.51,24.0,0.0,2006
2.0,81.0,75.0,156.0,7.0,,,73.0,242.0,4.73,24.0,38.0,118.0,7.09,4.07,22.0,1.0,2006
3.0,11.0,16.0,27.0,7.5,,,77.0,300.0,5.08,31.0,32.0,110.0,7.84,4.51,22.0,4.0,2006
8.0,21.0,10.0,31.0,13.5,,,74.0,262.0,4.7,19.0,39.0,114.0,7.87,4.5,21.0,1.0,2006
4.0,29.0,14.0,43.0,14.5,,,76.0,258.0,4.7,19.0,33.5,115.0,7.48,4.52,23.0,0.0,2006
21.0,59.0,37.0,96.0,27.5,,,77.0,258.0,4.64,24.0,35.0,119.0,7.17,4.36,24.0,17.0,2007
17.0,58.0,24.0,82.0,31.0,,,77.0,288.0,4.75,24.0,33.0,116.0,7.23,4.39,21.0,19.0,2007
8.5,50.0,27.0,77.0,16.5,,,74.0,302.0,5.07,29.0,30.0,111.0,7.46,4.39,20.0,21.0,2007
6.0,177.0,88.0,265.0,21.0,,,73.0,242.0,4.51,22.0,39.0,119.0,7.23,4.46,22.0,93.0,2007
16.5,50.0,45.0,95.0,28.5,,,78.0,296.0,4.9,33.0,33.5,110.0,7.06,4.18,23.0,9.0,2007
8.0,59.0,55.0,114.0,21.5,,,73.0,234.0,4.66,25.0,35.0,123.0,6.89,4.32,21.0,68.0,2007
2.5,24.0,22.0,46.0,9.0,,,76.0,300.0,5.04,24.0,30.5,108.0,7.63,4.79,23.0,2.0,2007
15.0,61.0,20.0,81.0,22.0,,,78.0,250.0,4.7,16.0,30.5,120.0,7.23,4.39,23.0,2.0,2007
1.5,81.0,51.0,132.0,15.5,,,72.0,237.0,4.72,19.0,33.0,111.0,7.23,4.39,22.0,48.0,2007
12.5,84.0,31.0,115.0,32.0,,,75.0,261.0,4.7,30.0,32.5,112.0,7.14,4.43,23.0,34.0,2007
4.5,33.0,23.0,56.0,13.0,,,78.0,324.0,5.07,33.0,27.5,107.0,7.23,4.39,22.0,4.0,2007
6.0,133.0,99.0,232.0,20.5,,,74.0,238.0,4.7,22.0,37.0,116.0,6.94,4.2,22.0,17.0,2007
18.0,57.0,27.0,84.0,30.5,,,73.0,266.0,4.74,24.0,33.0,116.0,7.23,4.39,22.0,50.0,2007
3.0,73.0,23.0,96.0,15.0,,,74.0,243.0,4.59,23.0,33.0,107.0,7.25,4.29,23.0,73.0,2007
3.5,54.0,29.0,83.0,12.0,,,74.0,277.0,4.81,27.0,31.0,108.0,7.1,4.12,22.0,6.0,2007
11.5,47.0,17.0,64.0,21.0,,,76.0,272.0,4.69,32.0,30.5,111.0,7.28,4.32,22.0,2.0,2007
19.0,59.0,31.0,90.0,30.5,,,76.0,267.0,4.8,25.0,33.0,116.0,7.23,4.39,21.0,5.0,2007
9.0,45.0,43.0,88.0,17.5,,,77.0,280.0,4.85,24.0,33.0,116.0,7.23,4.39,22.0,1.0,2007
16.5,39.0,30.0,69.0,26.0,,,75.0,304.0,5.17,24.0,25.5,103.0,7.81,4.83,24.0,4.0,2007
13.5,51.0,16.0,67.0,27.5,,,74.0,270.0,4.84,33.0,34.0,118.0,7.5,4.39,21.0,47.0,2007
11.0,39.0,42.0,81.0,19.5,,,73.0,309.0,5.15,24.0,24.0,106.0,7.94,4.65,22.0,50.0,2007
4.0,53.0,48.0,101.0,9.0,,,76.0,254.0,4.72,28.0,35.5,112.0,7.29,4.17,23.0,17.0,2007
0.0,59.0,75.0,134.0,6.5,,,76.0,223.0,4.58,16.0,35.0,116.0,7.23,4.39,23.0,5.0,2007
1.5,67.0,38.0,105.0,12.5,,,75.0,245.0,4.59,25.0,33.0,116.0,7.23,4.39,23.0,1.0,2007
4.0,26.0,18.0,44.0,7.5,,,75.0,276.0,4.88,24.0,33.0,116.0,7.23,4.39,22.0,35.0,2007
9.0,35.0,32.0,67.0,15.0,,,74.0,299.0,4.93,24.0,34.0,112.0,7.23,4.39,23.0,1.0,2007
11.0,41.0,20.0,61.0,21.0,,,75.0,259.0,4.67,27.0,40.5,121.0,6.89,4.26,24.0,46.0,2007
3.0,13.0,28.0,41.0,5.0,,,76.0,344.0,5.1,24.0,29.5,103.0,7.66,4.69,23.0,32.0,2007
14.5,120.0,48.0,168.0,31.0,,,73.0,232.0,4.64,29.0,33.5,110.0,7.29,4.45,24.0,27.0,2007
7.0,36.0,36.0,72.0,17.0,,,76.0,271.0,4.69,22.0,33.0,111.0,7.23,4.39,22.0,2.0,2007
8.0,37.0,34.0,71.0,16.0,,,75.0,314.0,5.23,27.0,33.0,116.0,7.23,4.39,21.0,14.0,2007
4.5,12.0,13.0,25.0,7.0,,,76.0,286.0,4.98,27.0,28.0,108.0,7.79,4.46,23.0,0.0,2007
15.5,69.0,45.0,114.0,38.0,,,73.0,240.0,4.43,31.0,35.0,122.0,7.29,4.32,22.0,3.0,2007
6.0,20.0,16.0,36.0,10.5,,,78.0,279.0,5.0,20.0,33.0,112.0,7.5,4.54,23.0,11.0,2007
2.0,16.0,20.0,36.0,7.0,,,75.0,310.0,5.15,28.0,29.0,108.0,7.47,4.49,22.0,3.0,2007
7.0,42.0,17.0,59.0,10.0,,,75.0,310.0,5.12,25.0,26.5,102.0,7.49,4.69,23.0,13.0,2007
11.5,69.0,51.0,120.0,14.5,,,73.0,236.0,4.51,26.0,36.5,116.0,7.01,4.12,23.0,1.0,2007
10.0,50.0,58.0,108.0,23.5,,,74.0,288.0,4.96,24.0,33.0,116.0,7.23,4.39,23.0,2.0,2007
8.5,131.0,89.0,220.0,26.5,,,73.0,228.0,4.79,25.0,35.0,117.0,7.06,4.3,24.0,0.0,2007
2.0,153.0,115.0,268.0,14.0,,,71.0,236.0,4.69,22.0,33.0,116.0,7.23,4.39,22.0,9.0,2007
3.0,127.0,88.0,215.0,21.0,,,74.0,239.0,4.78,33.0,33.0,116.0,7.23,4.39,23.0,17.0,2007
4.0,80.0,49.0,129.0,10.5,,,75.0,240.0,4.82,19.0,32.5,106.0,7.01,4.31,23.0,2.0,2007
4.5,107.0,92.0,199.0,11.5,,,74.0,240.0,4.8,26.0,32.0,110.0,7.19,4.42,23.0,0.0,2007
1.0,95.0,31.0,126.0,13.5,,,75.0,249.0,4.87,22.0,32.0,108.0,7.29,4.25,22.0,5.0,2007
7.0,86.0,55.0,141.0,19.0,,,74.0,241.0,4.62,24.0,30.5,109.0,7.34,4.39,21.0,10.0,2007
20.0,90.0,92.0,182.0,36.5,,,75.0,272.0,4.75,24.0,34.0,124.0,7.02,4.21,23.0,40.0,2008
13.0,71.0,83.0,154.0,25.0,,,73.0,297.0,5.12,24.0,33.0,116.0,7.23,4.39,23.0,26.0,2008
22.5,47.0,40.0,87.0,30.5,,,75.0,266.0,4.65,37.0,35.5,125.0,7.12,4.4,22.0,6.0,2008
17.5,75.0,67.0,142.0,28.0,,,72.0,309.0,5.26,34.0,26.5,105.0,7.78,4.73,23.0,26.0,2008
20.5,60.0,30.0,90.0,31.5,,,77.0,271.0,4.84,31.0,28.5,113.0,7.27,4.36,21.0,14.0,2008
3.0,127.0,88.0,215.0,15.5,,,74.0,241.0,4.54,24.0,33.0,116.0,7.23,4.39,22.0,15.0,2008
6.5,143.0,93.0,236.0,21.0,,,73.0,242.0,4.54,24.0,32.0,114.0,7.31,4.29,22.0,51.0,2008
24.5,89.0,59.0,148.0,40.5,,,76.0,271.0,4.82,31.0,31.0,108.0,7.08,4.4,23.0,11.0,2008
7.0,53.0,39.0,92.0,17.0,,,76.0,308.0,5.29,33.0,29.0,103.0,7.65,4.82,21.0,2.0,2008
11.5,64.0,47.0,111.0,26.0,,,76.0,276.0,4.73,17.0,33.0,116.0,7.23,4.39,23.0,6.0,2008
1.0,117.0,80.0,197.0,16.0,,,72.0,246.0,4.79,23.0,24.5,105.0,7.69,4.56,22.0,29.0,2008
8.5,178.0,105.0,283.0,21.5,,,72.0,229.0,4.71,24.0,30.5,118.0,7.01,4.35,22.0,2.0,2008
9.0,82.0,125.0,207.0,20.5,,,73.0,304.0,5.09,35.0,30.5,103.0,7.37,4.49,23.0,7.0,2008
19.5,83.0,46.0,129.0,39.0,,,80.0,290.0,5.04,16.0,29.5,111.0,7.45,4.69,22.0,59.0,2008
19.0,60.0,36.0,96.0,28.0,,,75.0,259.0,4.53,30.0,29.5,120.0,7.31,4.42,24.0,4.0,2008
14.0,100.0,74.0,174.0,50.0,,,77.0,273.0,4.76,18.0,25.5,123.0,7.29,4.32,22.0,14.0,2008
0.0,84.0,54.0,138.0,5.5,,,73.0,234.0,4.62,22.0,35.0,118.0,7.23,4.39,23.0,7.0,2008
19.0,58.0,74.0,132.0,28.0,,,76.0,263.0,4.71,24.0,27.0,109.0,7.64,4.65,23.0,2.0,2008
13.0,177.0,157.0,334.0,29.5,,,74.0,231.0,4.67,24.0,33.0,116.0,7.23,4.39,22.0,10.0,2008
7.5,38.0,15.0,53.0,16.5,,,74.0,310.0,5.06,20.0,27.0,116.0,7.23,4.39,22.0,19.0,2008
16.5,98.0,43.0,141.0,43.5,,,77.0,245.0,4.61,29.0,28.0,111.0,7.29,4.55,23.0,0.0,2008
5.5,34.0,41.0,75.0,17.5,,,74.0,296.0,5.0,28.0,33.0,116.0,7.23,4.39,23.0,8.0,2008
26.5,85.0,35.0,120.0,39.0,,,75.0,252.0,4.78,19.0,29.0,109.0,7.34,4.47,23.0,0.0,2008
4.0,82.0,39.0,121.0,15.5,,,75.0,317.0,5.06,26.0,33.0,116.0,7.23,4.39,24.0,6.0,2008
12.5,104.0,53.0,157.0,32.5,,,75.0,253.0,4.51,27.0,32.5,117.0,6.9,4.51,22.0,23.0,2008
19.5,135.0,108.0,243.0,35.0,,,74.0,248.0,4.76,24.0,31.0,118.0,7.11,4.29,23.0,10.0,2008
7.5,68.0,28.0,96.0,17.5,,,76.0,264.0,4.75,25.0,32.0,117.0,6.97,4.23,22.0,1.0,2008
10.5,170.0,124.0,294.0,26.0,,,73.0,244.0,4.9,25.0,33.0,116.0,7.23,4.39,22.0,0.0,2008
9.5,58.0,69.0,127.0,17.5,,,76.0,305.0,4.84,31.0,28.0,105.0,7.73,4.55,23.0,1.0,2008
13.5,58.0,45.0,103.0,20.0,,,76.0,274.0,4.91,26.0,29.0,109.0,7.62,4.75,23.0,2.0,2008
9.0,112.0,154.0,266.0,25.0,,,74.0,232.0,4.69,24.0,30.0,110.0,7.23,4.47,23.0,4.0,2008
2.0,21.0,44.0,65.0,8.5,,,76.0,318.0,5.0,20.0,28.0,111.0,7.75,4.64,24.0,26.0,2008
6.5,102.0,89.0,191.0,20.5,,,74.0,242.0,4.67,26.0,34.0,119.0,6.88,4.23,24.0,4.0,2008
1.0,115.0,74.0,189.0,9.0,,,74.0,239.0,4.58,29.0,34.0,126.0,6.7,3.98,23.0,2.0,2008
4.5,97.0,71.0,168.0,19.0,,,70.0,219.0,4.7,22.0,33.0,116.0,7.23,4.39,24.0,1.0,2008
4.0,43.0,56.0,99.0,16.5,,,75.0,301.0,5.09,28.0,25.5,100.0,7.23,4.39,22.0,1.0,2008
7.5,45.0,50.0,95.0,15.0,,,76.0,347.0,5.32,32.0,23.0,104.0,8.07,4.95,22.0,0.0,2008
1.5,29.0,27.0,56.0,10.5,,,75.0,303.0,5.31,26.0,33.0,116.0,7.23,4.39,21.0,13.0,2008
2.0,69.0,34.0,103.0,10.5,,,73.0,238.0,4.86,26.0,29.5,113.0,7.23,4.39,23.0,0.0,2008
12.5,56.0,20.0,76.0,14.5,,,72.0,237.0,4.45,27.0,34.5,116.0,7.23,4.39,22.0,1.0,2008
6.5,171.0,98.0,269.0,15.5,,,74.0,245.0,4.63,28.0,31.5,118.0,6.86,4.26,22.0,9.0,2008
8.0,82.0,57.0,139.0,29.5,,,73.0,226.0,4.64,22.0,26.5,116.0,7.22,4.48,21.0,18.0,2008
10.0,70.0,61.0,131.0,21.5,,,76.0,291.0,5.14,34.0,27.0,108.0,7.55,4.54,22.0,7.0,2008
7.0,179.0,92.0,271.0,28.5,,,74.0,238.0,4.85,27.0,28.5,113.0,7.68,4.55,24.0,4.0,2008
5.5,43.0,26.0,69.0,10.0,,,73.0,235.0,4.76,20.0,31.5,113.0,6.77,4.22,23.0,4.0,2008
7.5,61.0,41.0,102.0,11.0,,,76.0,296.0,5.38,24.0,25.0,99.0,7.62,4.75,23.0,0.0,2008
17.0,52.0,69.0,121.0,26.5,,,76.0,296.0,4.94,24.0,28.5,102.0,7.64,4.8,23.0,23.0,2009
9.5,209.0,122.0,331.0,44.5,,,74.0,254.0,4.52,25.0,37.0,124.0,7.15,4.51,23.0,12.0,2009
12.0,53.0,39.0,92.0,29.0,,,73.0,337.0,5.12,33.0,32.0,103.0,7.9,4.69,23.0,33.0,2009
16.0,38.0,23.0,61.0,24.5,,,76.0,249.0,4.64,22.0,38.0,124.0,7.52,4.38,21.0,2.0,2009
23.0,75.0,28.0,103.0,34.5,,,75.0,263.0,4.63,31.0,39.5,116.0,7.23,4.39,23.0,33.0,2009
8.5,104.0,74.0,178.0,27.0,,,75.0,243.0,4.64,30.0,35.0,120.0,6.84,4.22,22.0,52.0,2009
31.5,108.0,104.0,212.0,54.5,,,74.0,255.0,4.74,24.0,36.0,107.0,7.26,4.38,23.0,7.0,2009
9.0,80.0,33.0,113.0,31.5,,,75.0,272.0,4.77,18.0,29.5,102.0,7.56,4.51,24.0,13.0,2009
11.5,79.0,53.0,132.0,33.0,,,74.0,299.0,4.98,24.0,33.0,116.0,7.23,4.39,25.0,13.0,2009
5.5,57.0,40.0,97.0,13.5,,,75.0,240.0,4.58,23.0,35.5,121.0,6.9,4.18,23.0,75.0,2009
14.5,88.0,67.0,155.0,22.5,,,75.0,300.0,4.83,34.0,33.0,108.0,7.5,4.55,22.0,27.0,2009
13.0,159.0,216.0,375.0,24.5,,,74.0,244.0,4.72,22.0,33.0,115.0,6.93,4.24,22.0,51.0,2009
9.0,164.0,109.0,273.0,22.5,,,74.0,249.0,4.91,23.0,33.0,83.0,7.23,4.39,22.0,47.0,2009
5.0,50.0,35.0,85.0,22.0,,,75.0,330.0,5.48,32.0,28.0,99.0,8.15,4.73,22.0,6.0,2009
23.0,71.0,28.0,99.0,46.5,,,73.0,256.0,4.65,26.0,31.5,114.0,7.55,4.53,22.0,5.0,2009
27.0,131.0,114.0,245.0,38.5,,,75.0,256.0,4.75,24.0,34.5,119.0,7.37,4.4,23.0,2.0,2009
18.0,77.0,40.0,117.0,28.0,,,74.0,257.0,4.75,35.0,33.0,110.0,7.2,4.46,23.0,1.0,2009
9.5,46.0,44.0,90.0,23.5,,,76.0,305.0,5.07,25.0,30.5,100.0,7.23,4.39,24.0,19.0,2009
10.5,55.0,69.0,124.0,24.0,,,76.0,263.0,4.79,24.0,32.5,108.0,7.52,4.47,23.0,7.0,2009
7.5,63.0,52.0,115.0,30.0,,,74.0,306.0,5.0,24.0,33.0,116.0,7.23,4.39,22.0,11.0,2009
6.0,68.0,49.0,117.0,14.0,,,75.0,298.0,4.82,30.0,29.5,103.0,7.52,4.55,22.0,1.0,2009
21.5,89.0,56.0,145.0,42.0,,,77.0,288.0,4.81,28.0,35.5,119.0,7.7,4.56,22.0,0.0,2009
19.0,70.0,37.0,107.0,30.5,,,79.0,266.0,4.61,28.0,38.5,128.0,7.42,4.37,22.0,50.0,2009
9.0,70.0,30.0,100.0,26.0,,,77.0,266.0,4.86,24.0,30.5,112.0,7.68,4.88,22.0,13.0,2009
6.0,105.0,79.0,184.0,26.0,,,75.0,321.0,4.93,24.0,28.0,103.0,7.9,4.78,23.0,18.0,2009
14.0,115.0,95.0,210.0,27.0,,,74.0,236.0,4.56,19.0,33.0,119.0,7.23,4.39,22.0,45.0,2009
10.0,54.0,46.0,100.0,20.5,,,73.0,310.0,4.93,36.0,32.0,103.0,8.01,4.74,22.0,15.0,2009
3.5,32.0,16.0,48.0,11.0,,,75.0,301.0,4.96,24.0,24.5,97.0,7.44,4.73,24.0,0.0,2009
2.0,94.0,70.0,164.0,15.5,,,71.0,229.0,4.65,30.0,33.0,110.0,6.98,4.2,22.0,12.0,2009
26.0,58.0,52.0,110.0,40.0,,,74.0,248.0,4.72,24.0,33.0,113.0,7.21,4.4,22.0,6.0,2009
7.0,40.0,36.0,76.0,13.0,,,77.0,272.0,4.76,22.0,30.5,105.0,7.4,4.47,22.0,5.0,2009
5.0,131.0,120.0,251.0,21.5,,,72.0,232.0,4.56,19.0,31.5,121.0,7.22,4.39,22.0,1.0,2009
22.0,58.0,27.0,85.0,30.5,,,74.0,261.0,4.78,24.0,33.0,112.0,7.23,4.49,21.0,0.0,2009
7.5,208.0,178.0,386.0,32.0,,,74.0,231.0,4.49,19.0,34.0,123.0,7.24,4.35,23.0,7.0,2009
5.5,118.0,53.0,171.0,24.0,,,73.0,239.0,4.6,20.0,34.0,120.0,7.23,4.32,23.0,1.0,2009
8.0,211.0,133.0,344.0,28.5,,,73.0,244.0,4.7,27.0,35.5,119.0,7.0,4.39,23.0,2.0,2009
7.5,142.0,51.0,193.0,20.0,,,74.0,252.0,4.67,26.0,35.5,114.0,7.03,4.32,24.0,16.0,2009
4.0,17.0,16.0,33.0,5.0,,,75.0,275.0,4.94,19.0,31.5,107.0,7.4,4.58,23.0,5.0,2009
15.0,53.0,42.0,95.0,23.0,,,74.0,261.0,4.84,27.0,33.0,115.0,7.38,4.45,23.0,3.0,2009
11.5,69.0,49.0,118.0,20.0,,,72.0,319.0,5.03,24.0,30.0,107.0,8.16,4.75,23.0,3.0,2009
13.0,69.0,41.0,110.0,26.5,,,74.0,304.0,5.32,29.0,33.0,116.0,7.23,4.39,22.0,9.0,2009
7.0,91.0,70.0,161.0,19.0,,,73.0,233.0,4.65,12.0,31.0,121.0,7.09,4.28,24.0,10.0,2009
22.5,155.0,89.0,244.0,50.0,,,74.0,236.0,4.69,24.0,37.0,117.0,7.31,4.39,22.0,2.0,2009
5.5,23.0,33.0,56.0,10.0,,,75.0,295.0,5.19,25.0,26.0,93.0,7.23,4.39,22.0,5.0,2009
24.0,125.0,90.0,215.0,49.5,,,76.0,307.0,5.03,32.0,35.5,105.0,7.21,4.44,23.0,59.0,2010
14.5,51.0,32.0,83.0,33.0,,,76.0,295.0,5.04,23.0,30.5,114.0,7.32,4.48,22.0,65.0,2010
8.0,139.0,135.0,274.0,31.5,,,75.0,254.0,4.68,24.0,33.0,116.0,7.23,4.39,21.0,15.0,2010
16.0,80.0,115.0,195.0,26.0,,,74.0,295.0,4.87,21.0,35.5,116.0,7.15,4.43,23.0,33.0,2010
29.5,86.0,52.0,138.0,56.0,,,73.0,268.0,4.71,31.0,33.0,116.0,7.23,4.39,22.0,59.0,2010
6.5,27.0,18.0,45.0,16.5,,,77.0,270.0,4.71,19.0,30.5,115.0,7.18,4.67,21.0,46.0,2010
19.5,74.0,41.0,115.0,29.5,,,75.0,266.0,4.77,24.0,34.0,112.0,7.12,4.43,21.0,40.0,2010
12.0,233.0,173.0,406.0,44.0,,,73.0,239.0,4.62,34.0,40.0,123.0,6.99,4.38,22.0,22.0,2010
7.0,79.0,81.0,160.0,25.0,,,74.0,327.0,5.19,27.0,32.0,96.0,7.88,4.87,23.0,20.0,2010
14.5,47.0,57.0,104.0,25.5,,,77.0,304.0,5.03,26.0,29.0,106.0,7.22,4.59,22.0,20.0,2010
28.5,83.0,59.0,142.0,40.5,,,74.0,255.0,4.65,26.0,34.5,118.0,6.99,4.15,22.0,3.0,2010
12.5,75.0,22.0,97.0,44.5,,,73.0,303.0,5.12,34.0,28.5,96.0,7.23,4.39,21.0,4.0,2010
10.5,94.0,112.0,206.0,26.0,,,75.0,251.0,4.75,24.0,38.0,127.0,7.07,4.27,23.0,30.0,2010
16.5,107.0,44.0,151.0,33.5,,,75.0,250.0,4.65,25.0,36.5,118.0,7.26,4.53,22.0,0.0,2010
14.0,86.0,50.0,136.0,35.5,,,75.0,305.0,4.84,30.0,33.5,114.0,7.61,4.71,23.0,25.0,2010
6.5,57.0,86.0,143.0,29.5,,,76.0,328.0,5.09,39.0,30.0,100.0,8.12,4.71,21.0,16.0,2010
5.5,148.0,72.0,220.0,20.5,,,74.0,230.0,4.58,17.0,31.0,114.0,7.23,4.39,23.0,34.0,2010
15.0,61.0,67.0,128.0,34.0,,,73.0,254.0,4.65,24.0,38.0,114.0,6.95,4.29,22.0,22.0,2010
18.5,79.0,72.0,151.0,33.0,,,75.0,266.0,4.89,24.0,33.0,116.0,7.23,4.39,22.0,8.0,2010
19.5,56.0,28.0,84.0,26.0,,,78.0,277.0,4.68,21.0,31.5,111.0,7.21,4.61,21.0,62.0,2010
11.0,147.0,166.0,313.0,29.5,,,74.0,236.0,4.71,24.0,37.5,120.0,7.23,4.39,24.0,53.0,2010
13.0,56.0,43.0,99.0,26.0,,,75.0,294.0,4.87,31.0,33.0,113.0,7.53,4.53,23.0,17.0,2010
0.5,19.0,33.0,52.0,10.5,,,76.0,354.0,5.71,24.0,20.5,90.0,8.19,5.03,22.0,14.0,2010
6.5,178.0,129.0,307.0,31.5,,,75.0,249.0,5.05,24.0,29.0,111.0,6.97,4.39,23.0,19.0,2010
2.0,95.0,163.0,258.0,11.5,,,72.0,235.0,4.71,26.0,35.0,110.0,7.04,4.29,23.0,18.0,2010
21.5,94.0,52.0,146.0,40.5,,,77.0,285.0,4.92,26.0,33.0,116.0,7.23,4.39,23.0,6.0,2010
12.5,72.0,125.0,197.0,23.5,,,74.0,304.0,5.01,24.0,33.0,116.0,7.23,4.39,22.0,1.0,2010
3.0,159.0,79.0,238.0,26.5,,,73.0,245.0,4.61,35.0,33.0,116.0,7.23,4.39,21.0,26.0,2010
8.0,50.0,38.0,88.0,18.0,,,74.0,296.0,4.75,25.0,28.5,107.0,7.68,4.55,22.0,10.0,2010
11.5,87.0,65.0,152.0,27.0,,,75.0,300.0,4.98,24.0,33.0,98.0,7.56,4.76,22.0,23.0,2010
29.0,115.0,79.0,194.0,46.0,,,75.0,263.0,4.73,29.0,37.0,121.0,6.91,4.18,23.0,1.0,2010
8.0,117.0,98.0,215.0,36.0,,,72.0,242.0,4.7,26.0,29.5,115.0,6.91,4.59,22.0,67.0,2010
6.5,170.0,128.0,298.0,24.0,,,71.0,235.0,4.75,25.0,34.5,116.0,7.23,4.39,21.0,1.0,2010
18.0,48.0,36.0,84.0,21.0,,,75.0,273.0,4.65,32.0,33.0,116.0,7.23,4.39,22.0,66.0,2010
2.5,154.0,101.0,255.0,27.0,,,71.0,236.0,4.81,24.0,33.0,116.0,7.19,4.42,22.0,10.0,2010
2.0,87.0,98.0,185.0,13.0,,,73.0,239.0,4.69,24.0,35.5,119.0,6.97,4.25,22.0,27.0,2010
19.5,94.0,62.0,156.0,38.0,,,78.0,270.0,4.92,20.0,33.0,116.0,7.23,4.39,23.0,12.0,2010
3.5,90.0,83.0,173.0,13.5,,,72.0,245.0,4.65,24.0,31.5,106.0,7.16,4.43,23.0,0.0,2010
11.0,76.0,44.0,120.0,33.5,,,73.0,293.0,4.75,34.0,33.0,117.0,7.33,4.43,22.0,89.0,2010
29.0,176.0,79.0,255.0,55.0,,,73.0,245.0,4.71,24.0,36.5,115.0,7.08,4.23,22.0,2.0,2010
12.0,95.0,55.0,150.0,29.0,,,74.0,286.0,4.97,23.0,29.5,116.0,7.23,4.39,22.0,0.0,2010
17.0,77.0,33.0,110.0,33.0,,,74.0,221.0,4.63,24.0,33.0,116.0,7.23,4.39,23.0,8.0,2010
5.5,174.0,82.0,256.0,20.5,,,74.0,246.0,4.68,19.0,31.0,110.0,7.25,4.39,23.0,1.0,2010
14.5,89.0,51.0,140.0,29.0,,,74.0,257.0,4.92,24.0,33.0,115.0,7.23,4.53,22.0,1.0,2010
3.5,44.0,39.0,83.0,8.5,,,76.0,330.0,5.16,31.0,29.0,102.0,7.68,4.78,23.0,9.0,2010
6.5,85.0,60.0,145.0,38.5,,,75.0,301.0,5.04,24.0,33.0,116.0,7.23,4.39,24.0,14.0,2010
9.0,120.0,142.0,262.0,24.5,,,74.0,231.0,4.71,23.0,33.0,116.0,7.23,4.39,22.0,6.0,2010
26.5,90.0,57.0,147.0,39.5,,,76.0,281.0,4.82,21.0,35.0,117.0,7.25,4.65,22.0,27.0,2010
2.0,143.0,85.0,228.0,19.0,,,74.0,240.0,4.81,21.0,35.0,111.0,6.93,4.54,23.0,1.0,2010
11.5,111.0,93.0,204.0,26.5,,,71.0,203.0,4.55,11.0,35.5,117.0,6.58,4.39,23.0,5.0,2010
20.0,109.0,85.0,194.0,46.0,,,77.0,251.0,4.88,25.0,38.0,118.0,7.24,4.56,24.0,10.0,2010
11.5,113.0,71.0,184.0,32.5,,,73.0,240.0,4.55,24.0,40.0,134.0,7.06,4.11,22.0,8.0,2010
4.5,135.0,151.0,286.0,15.5,,,73.0,242.0,4.54,26.0,39.0,124.0,6.9,4.29,23.0,12.0,2010
28.5,145.0,61.0,206.0,69.0,,,76.0,252.0,4.93,24.0,30.5,109.0,7.48,4.63,23.0,2.0,2010
27.0,92.0,100.0,192.0,45.5,,,75.0,290.0,4.83,32.0,33.0,116.0,7.23,4.77,23.0,7.0,2010
31.0,85.0,51.0,136.0,45.0,,,73.0,244.0,4.62,25.0,35.0,109.0,7.08,4.3,23.0,1.0,2010
3.0,132.0,131.0,263.0,14.0,,,72.0,242.0,4.59,24.0,33.5,110.0,7.36,4.6,23.0,15.0,2010
1.5,14.0,19.0,33.0,4.5,,,73.0,304.0,4.97,44.0,30.0,101.0,7.23,4.68,23.0,0.0,2010
7.0,34.0,47.0,81.0,13.0,,,76.0,314.0,5.08,24.0,33.0,116.0,7.23,4.39,23.0,8.0,2010
6.0,50.0,39.0,89.0,17.0,,,75.0,281.0,4.86,24.0,33.0,116.0,7.23,4.39,23.0,2.0,2010
3.0,97.0,119.0,216.0,14.5,,,75.0,237.0,4.93,25.0,32.5,115.0,6.86,4.07,23.0,2.0,2010
33.0,104.0,77.0,181.0,50.5,,,75.0,246.0,4.42,21.0,37.0,126.0,6.7,4.06,22.0,97.0,2011
11.0,39.0,27.0,66.0,20.0,,,75.0,319.0,4.93,24.0,27.0,116.0,7.83,4.62,21.0,47.0,2011
14.5,52.0,27.0,79.0,23.0,,,76.0,263.0,4.74,20.0,34.0,118.0,7.19,4.5,21.0,24.0,2011
11.5,74.0,32.0,106.0,36.5,,,77.0,290.0,4.81,34.0,37.0,120.0,6.88,4.21,22.0,105.0,2011
13.0,50.0,38.0,88.0,27.5,,,76.0,291.0,4.84,24.0,31.0,113.0,7.14,4.56,23.0,16.0,2011
13.0,57.0,29.0,86.0,25.5,,,76.0,265.0,4.62,22.0,34.0,116.0,7.13,4.4,21.0,43.0,2011
33.5,134.0,76.0,210.0,57.0,,,76.0,267.0,4.67,31.0,33.5,122.0,7.18,4.39,23.0,62.0,2011
8.5,57.0,68.0,125.0,25.5,,,74.0,298.0,4.97,27.0,27.5,102.0,7.48,4.68,21.0,41.0,2011
19.0,73.0,119.0,192.0,37.5,,,75.0,281.0,4.78,24.0,33.0,113.0,7.3,4.13,23.0,12.0,2011
2.5,46.0,41.0,87.0,9.5,,,75.0,334.0,5.09,31.0,29.5,100.0,7.75,4.77,23.0,19.0,2011
16.5,88.0,87.0,175.0,34.0,,,76.0,287.0,4.74,25.0,31.0,117.0,7.07,4.37,22.0,109.0,2011
17.0,88.0,56.0,144.0,26.0,,,76.0,315.0,4.96,27.0,26.0,106.0,7.31,4.59,21.0,58.0,2011
15.5,80.0,83.0,163.0,37.5,,,77.0,294.0,4.95,24.0,30.0,116.0,7.23,4.39,22.0,115.0,2011
19.5,82.0,60.0,142.0,35.5,,,75.0,264.0,4.68,24.0,31.0,115.0,7.23,4.39,22.0,22.0,2011
14.0,128.0,55.0,183.0,29.5,,,74.0,254.0,4.81,18.0,31.0,116.0,7.49,4.28,22.0,17.0,2011
9.5,146.0,69.0,215.0,24.0,,,73.0,241.0,4.57,25.0,33.0,116.0,7.23,4.39,23.0,16.0,2011
4.5,59.0,56.0,115.0,24.5,,,76.0,310.0,5.03,17.0,26.5,98.0,7.42,4.83,23.0,13.0,2011
17.0,75.0,39.0,114.0,25.0,,,74.0,263.0,4.65,30.0,30.5,113.0,7.11,4.28,24.0,24.0,2011
19.5,89.0,61.0,150.0,44.5,,,75.0,280.0,4.92,22.0,33.0,116.0,7.23,4.39,21.0,7.0,2011
9.0,59.0,47.0,106.0,13.5,,,74.0,309.0,4.84,38.0,30.5,112.0,7.33,4.4,22.0,1.0,2011
14.0,56.0,73.0,129.0,29.5,,,73.0,303.0,4.98,49.0,33.0,116.0,7.23,4.39,23.0,15.0,2011
3.0,124.0,140.0,264.0,18.0,,,73.0,239.0,4.84,24.0,31.5,115.0,7.08,4.34,23.0,0.0,2011
7.5,59.0,29.0,88.0,17.0,,,74.0,297.0,4.98,29.0,28.0,104.0,7.48,4.56,23.0,4.0,2011
30.0,120.0,68.0,188.0,62.5,,,73.0,248.0,4.4,21.0,42.0,128.0,7.09,4.38,23.0,0.0,2011
9.0,116.0,98.0,214.0,40.0,,,73.0,240.0,4.74,24.0,33.0,116.0,7.23,4.39,23.0,9.0,2011
5.5,136.0,175.0,311.0,26.0,,,74.0,250.0,4.7,22.0,33.5,110.0,7.23,4.28,23.0,8.0,2011
20.0,72.0,53.0,125.0,38.0,,,75.0,270.0,4.62,30.0,36.5,125.0,6.95,4.37,22.0,54.0,2011
9.0,102.0,121.0,223.0,20.0,,,76.0,250.0,4.42,23.0,36.0,124.0,7.04,4.28,22.0,2.0,2011
9.0,59.0,79.0,138.0,22.0,,,73.0,300.0,5.04,26.0,27.5,101.0,7.51,4.78,21.0,71.0,2011
10.5,243.0,135.0,378.0,38.5,,,73.0,245.0,4.75,22.0,31.0,110.0,7.14,4.45,22.0,21.0,2011
19.0,58.0,49.0,107.0,31.0,,,75.0,285.0,4.71,27.0,36.5,117.0,7.43,4.56,22.0,30.0,2011
10.0,75.0,64.0,139.0,31.5,,,73.0,294.0,5.06,31.0,30.5,112.0,7.71,4.65,22.0,3.0,2011
4.5,135.0,105.0,240.0,12.5,,,73.0,242.0,4.73,24.0,37.5,123.0,7.23,4.39,23.0,9.0,2011
9.0,37.0,43.0,80.0,16.0,,,73.0,308.0,5.28,30.0,24.0,101.0,7.54,4.54,23.0,4.0,2011
8.0,131.0,127.0,258.0,22.5,,,75.0,246.0,4.71,20.0,32.0,120.0,7.26,4.46,22.0,62.0,2011
21.0,93.0,44.0,137.0,32.5,,,74.0,262.0,4.67,23.0,33.5,112.0,6.69,4.32,23.0,19.0,2011
12.0,60.0,93.0,153.0,21.5,,,76.0,283.0,4.75,24.0,31.5,111.0,7.54,4.51,22.0,3.0,2011
5.0,159.0,146.0,305.0,35.0,,,73.0,238.0,4.59,23.0,36.5,119.0,6.93,4.2,22.0,11.0,2011
9.0,123.0,122.0,245.0,30.5,,,73.0,231.0,4.78,13.0,33.0,116.0,7.23,4.39,22.0,10.0,2011
11.5,57.0,83.0,140.0,31.0,,,75.0,275.0,4.85,22.0,33.0,116.0,7.23,4.39,23.0,13.0,2011
12.5,108.0,59.0,167.0,26.5,,,74.0,235.0,4.62,18.0,36.0,121.0,7.09,4.57,22.0,1.0,2011
7.0,46.0,45.0,91.0,22.0,,,75.0,278.0,4.91,20.0,28.5,107.0,7.13,4.59,22.0,20.0,2011
6.5,98.0,87.0,185.0,19.5,,,75.0,240.0,4.65,17.0,34.0,115.0,6.95,4.25,22.0,1.0,2011
16.5,236.0,229.0,465.0,46.5,,,72.0,242.0,4.75,21.0,31.5,117.0,7.27,4.27,22.0,3.0,2011
7.0,196.0,143.0,339.0,20.0,,,75.0,239.0,4.65,21.0,32.0,115.0,6.7,4.0,23.0,0.0,2011
2.5,85.0,117.0,202.0,19.0,,,70.0,229.0,4.53,28.0,33.0,115.0,6.89,4.26,22.0,6.0,2011
6.0,93.0,121.0,214.0,24.0,,,73.0,241.0,4.65,23.0,30.5,114.0,7.23,4.28,23.0,1.0,2011
7.0,49.0,20.0,69.0,24.0,,,74.0,335.0,5.25,27.0,25.0,93.0,8.17,5.06,24.0,2.0,2011
35.5,124.0,90.0,214.0,57.5,,,73.0,254.0,4.81,35.0,31.0,113.0,7.05,4.34,24.0,7.0,2011
6.0,56.0,27.0,83.0,11.5,,,76.0,261.0,4.84,30.0,35.5,119.0,7.24,4.32,23.0,0.0,2011
11.0,81.0,50.0,131.0,28.5,,,75.0,266.0,4.86,14.0,32.5,117.0,7.25,4.51,23.0,0.0,2011
15.5,108.0,41.0,149.0,26.0,,,75.0,257.0,4.81,17.0,32.0,112.0,7.21,4.37,22.0,3.0,2011
6.0,58.0,72.0,130.0,11.0,,,74.0,319.0,5.06,30.0,29.0,106.0,7.56,4.46,23.0,2.0,2011
2.5,299.0,233.0,532.0,35.5,,,75.0,242.0,4.58,27.0,38.0,123.0,6.92,4.12,21.0,91.0,2012
5.0,57.0,44.0,101.0,21.5,,,75.0,346.0,4.89,44.0,29.5,105.0,7.9,4.56,22.0,41.0,2012
7.5,53.0,61.0,114.0,24.5,,,76.0,298.0,4.77,30.0,26.0,103.0,7.07,4.53,21.0,95.0,2012
2.0,34.0,45.0,79.0,11.0,,,77.0,322.0,5.31,24.0,26.5,105.0,7.46,4.81,21.0,53.0,2012
22.5,45.0,16.0,61.0,29.0,,,75.0,245.0,4.41,23.0,33.5,123.0,6.7,4.03,24.0,22.0,2012
24.0,80.0,64.0,144.0,40.5,,,78.0,284.0,4.69,25.0,31.5,109.0,7.57,4.78,22.0,17.0,2012
21.5,72.0,39.0,111.0,30.5,,,73.0,264.0,4.69,28.0,34.5,109.0,6.83,4.18,23.0,52.0,2012
20.5,64.0,66.0,130.0,33.0,,,75.0,260.0,4.62,19.0,31.5,118.0,7.07,4.33,23.0,13.0,2012
10.0,101.0,46.0,147.0,27.0,,,77.0,266.0,4.77,22.0,35.0,120.0,7.07,4.38,22.0,25.0,2012
5.0,101.0,133.0,234.0,21.0,,,74.0,265.0,4.62,24.0,32.0,116.0,7.23,4.39,22.0,65.0,2012
18.0,40.0,41.0,81.0,29.0,,,76.0,261.0,4.68,27.0,32.0,118.0,7.17,4.53,22.0,49.0,2012
21.5,62.0,41.0,103.0,29.5,,,75.0,271.0,4.55,35.0,38.5,124.0,7.25,4.66,22.0,22.0,2012
17.5,88.0,53.0,141.0,36.5,,,74.0,272.0,4.74,22.0,33.0,116.0,7.23,4.39,22.0,24.0,2012
19.5,89.0,73.0,162.0,37.0,,,77.0,295.0,4.93,33.0,33.5,108.0,7.26,4.44,22.0,45.0,2012
17.5,89.0,90.0,179.0,34.0,,,76.0,259.0,4.67,19.0,32.5,120.0,7.19,4.25,23.0,9.0,2012
13.5,155.0,104.0,259.0,36.5,,,71.0,239.0,4.44,24.0,39.5,127.0,7.23,4.19,21.0,32.0,2012
11.5,78.0,64.0,142.0,32.5,,,76.0,299.0,4.82,36.0,34.5,113.0,7.43,4.53,22.0,22.0,2012
12.0,52.0,55.0,107.0,27.5,,,74.0,308.0,5.0,24.0,28.5,107.0,7.6,4.56,22.0,3.0,2012
5.5,143.0,87.0,230.0,19.0,,,73.0,244.0,4.44,24.0,33.5,116.0,7.23,4.39,22.0,16.0,2012
10.5,55.0,58.0,113.0,32.5,,,77.0,303.0,5.01,26.0,29.5,116.0,7.23,4.39,23.0,3.0,2012
11.5,150.0,135.0,285.0,24.5,,,73.0,233.0,4.57,19.0,36.5,119.0,7.28,4.22,22.0,93.0,2012
26.5,111.0,128.0,239.0,49.0,,,75.0,266.0,4.87,24.0,32.0,110.0,6.9,4.4,24.0,19.0,2012
9.0,51.0,30.0,81.0,20.5,,,74.0,261.0,4.73,31.0,34.5,122.0,7.39,4.5,21.0,20.0,2012
7.0,129.0,100.0,229.0,22.5,,,74.0,235.0,4.49,32.0,38.5,124.0,7.19,4.28,23.0,23.0,2012
13.5,33.0,43.0,76.0,27.0,,,76.0,275.0,4.82,28.0,33.0,113.0,7.09,4.44,22.0,34.0,2012
10.0,70.0,102.0,172.0,25.0,,,73.0,306.0,4.8,36.0,33.5,113.0,7.19,4.25,22.0,6.0,2012
10.5,169.0,148.0,317.0,46.0,,,71.0,231.0,4.66,12.0,33.5,119.0,7.46,4.28,22.0,9.0,2012
9.0,70.0,71.0,141.0,25.5,,,74.0,309.0,5.32,28.0,33.0,116.0,7.23,4.39,24.0,8.0,2012
23.5,63.0,63.0,126.0,31.0,,,77.0,274.0,4.75,24.0,34.0,113.0,6.9,4.07,23.0,0.0,2012
4.5,59.0,70.0,129.0,19.5,,,74.0,314.0,5.2,35.0,31.0,100.0,7.97,4.71,22.0,7.0,2012
20.5,83.0,59.0,142.0,44.0,,,76.0,270.0,4.8,24.0,33.0,116.0,7.23,4.39,22.0,6.0,2012
9.0,188.0,117.0,305.0,21.5,,,74.0,241.0,4.56,24.0,37.0,121.0,7.18,4.37,23.0,16.0,2012
13.5,117.0,78.0,195.0,35.5,,,76.0,249.0,4.73,25.0,33.5,117.0,7.11,4.31,23.0,11.0,2012
11.0,80.0,51.0,131.0,25.5,,,75.0,301.0,4.78,24.0,27.5,106.0,7.32,4.47,23.0,0.0,2012
5.5,167.0,108.0,275.0,20.5,,,75.0,242.0,4.72,27.0,35.5,120.0,7.23,4.39,23.0,13.0,2012
7.5,169.0,126.0,295.0,37.5,,,73.0,241.0,4.6,23.0,37.0,124.0,7.34,4.37,23.0,4.0,2012
10.0,67.0,51.0,118.0,20.5,,,74.0,253.0,4.65,36.0,31.0,112.0,7.09,4.4,21.0,1.0,2012
20.0,75.0,92.0,167.0,29.5,,,76.0,279.0,4.91,24.0,31.0,104.0,7.47,4.4,23.0,21.0,2012
19.0,141.0,94.0,235.0,47.0,,,74.0,246.0,4.67,31.0,37.5,121.0,7.23,4.39,24.0,14.0,2012
15.5,54.0,69.0,123.0,27.0,,,72.0,291.0,4.84,24.0,33.0,116.0,7.23,4.39,23.0,36.0,2012
2.5,44.0,44.0,88.0,13.5,,,73.0,316.0,5.02,24.0,33.0,116.0,7.23,4.39,23.0,7.0,2012
7.5,52.0,52.0,104.0,22.0,,,77.0,284.0,4.85,25.0,28.0,105.0,7.38,4.41,22.0,14.0,2012
7.0,80.0,46.0,126.0,21.0,,,73.0,233.0,4.62,21.0,37.0,124.0,7.14,4.37,22.0,26.0,2012
8.0,80.0,77.0,157.0,22.5,,,72.0,244.0,4.55,24.0,35.5,117.0,7.23,4.39,23.0,0.0,2012
6.0,147.0,112.0,259.0,33.5,,,73.0,242.0,4.72,28.0,30.5,108.0,7.05,4.09,22.0,0.0,2012
10.0,68.0,40.0,108.0,20.0,,,75.0,239.0,4.67,20.0,34.0,119.0,7.23,4.39,22.0,0.0,2012
14.0,35.0,50.0,85.0,26.5,,,77.0,274.0,4.74,24.0,33.0,116.0,7.15,4.25,24.0,1.0,2012
10.0,112.0,81.0,193.0,27.5,,,74.0,237.0,4.71,22.0,32.5,114.0,7.18,4.43,22.0,0.0,2012
19.5,81.0,47.0,128.0,31.0,,,74.0,264.0,4.81,20.0,33.5,120.0,7.38,4.53,24.0,6.0,2012
6.0,198.0,176.0,374.0,32.5,,,72.0,237.0,4.84,18.0,31.5,111.0,7.23,4.39,22.0,19.0,2012
16.0,64.0,69.0,133.0,36.5,,,76.0,294.0,4.86,24.0,27.0,107.0,7.37,4.44,23.0,12.0,2012
14.0,147.0,129.0,276.0,32.0,,,76.0,246.0,4.76,15.0,35.0,114.0,6.96,4.29,23.0,7.0,2012
24.0,130.0,77.0,207.0,43.5,,,75.0,262.0,4.88,34.0,35.0,124.0,7.17,4.25,23.0,1.0,2012
5.0,45.0,44.0,89.0,18.5,,,77.0,293.0,5.0,28.0,34.0,111.0,7.49,4.84,23.0,1.0,2012
7.0,243.0,203.0,446.0,31.0,,,73.0,246.0,4.83,22.0,36.0,122.0,7.23,4.39,24.0,4.0,2012
10.5,41.0,56.0,97.0,22.0,,,77.0,298.0,4.97,21.0,36.0,113.0,7.4,4.41,23.0,32.0,2012
3.0,28.0,51.0,79.0,8.5,,,74.0,315.0,5.0,24.0,33.0,116.0,7.23,4.39,23.0,6.0,2012
12.5,74.0,56.0,130.0,32.5,,,75.0,268.0,4.75,24.0,35.0,105.0,7.2,4.38,22.0,0.0,2012
8.5,61.0,54.0,115.0,18.5,,,77.0,299.0,4.87,28.0,34.5,112.0,7.43,4.41,26.0,6.0,2012
6.5,71.0,52.0,123.0,21.0,,,76.0,302.0,5.12,30.0,26.0,102.0,7.23,4.39,23.0,1.0,2012
14.5,72.0,47.0,119.0,29.0,,,78.0,248.0,4.54,24.0,32.5,122.0,7.02,4.35,23.0,3.0,2013
4.5,39.0,33.0,72.0,13.0,,,77.0,271.0,4.56,21.0,34.5,118.0,7.11,4.26,24.0,37.0,2013
15.0,60.0,59.0,119.0,29.0,,,76.0,241.0,4.58,24.0,37.0,128.0,6.84,4.39,22.0,10.0,2013
6.0,54.0,58.0,112.0,18.5,,,74.0,294.0,5.02,30.0,32.0,116.0,7.23,4.39,22.0,32.0,2013
7.0,48.0,59.0,107.0,21.5,,,74.0,311.0,5.14,24.0,33.0,116.0,7.23,4.39,23.0,28.0,2013
28.0,96.0,72.0,168.0,45.5,,,74.0,245.0,4.74,24.0,33.0,116.0,7.23,4.39,23.0,17.0,2013
4.5,48.0,44.0,92.0,19.5,,,75.0,297.0,4.92,24.0,30.0,106.0,7.4,4.75,21.0,13.0,2013
23.5,63.0,36.0,99.0,35.0,,,75.0,266.0,4.83,25.0,31.0,111.0,7.3,4.4,23.0,10.0,2013
12.5,90.0,58.0,148.0,36.5,,,76.0,283.0,4.8,29.0,31.5,112.0,7.32,4.32,23.0,9.0,2013
8.5,44.0,52.0,96.0,20.5,,,75.0,313.0,5.03,27.0,26.5,102.0,7.93,4.8,24.0,22.0,2013
6.0,104.0,59.0,163.0,19.0,,,74.0,242.0,4.7,20.0,33.5,122.0,7.16,4.39,21.0,37.0,2013
8.5,212.0,225.0,437.0,34.0,,,73.0,241.0,4.82,24.0,33.0,113.0,7.13,4.27,22.0,14.0,2013
16.5,71.0,47.0,118.0,21.0,,,76.0,276.0,4.9,28.0,33.0,116.0,7.23,4.39,23.0,7.0,2013
19.5,124.0,62.0,186.0,49.0,,,75.0,299.0,5.08,24.0,33.0,116.0,7.23,4.39,24.0,41.0,2013
5.0,81.0,125.0,206.0,18.5,,,72.0,246.0,4.81,25.0,33.0,119.0,7.23,4.39,22.0,19.0,2013
3.5,99.0,45.0,144.0,21.0,,,75.0,238.0,4.74,24.0,33.0,116.0,7.23,4.39,23.0,10.0,2013
5.0,58.0,80.0,138.0,16.5,,,75.0,320.0,5.31,24.0,26.0,104.0,7.59,4.61,21.0,17.0,2013
7.5,141.0,78.0,219.0,19.0,,,73.0,245.0,4.59,22.0,32.5,118.0,6.99,4.24,22.0,5.0,2013
16.5,124.0,66.0,190.0,39.5,,,75.0,250.0,4.64,19.0,41.5,139.0,7.1,4.32,23.0,42.0,2013
16.5,60.0,52.0,112.0,28.0,,,80.0,277.0,4.62,38.0,34.5,121.0,7.07,4.51,26.0,4.0,2013
3.0,132.0,86.0,218.0,17.0,,,72.0,241.0,4.62,24.0,33.0,116.0,7.23,4.39,20.0,2.0,2013
16.0,174.0,100.0,274.0,44.0,,,73.0,245.0,4.65,29.0,38.0,127.0,7.49,4.31,23.0,9.0,2013
5.0,38.0,69.0,107.0,12.5,,,74.0,309.0,5.08,30.0,25.0,104.0,7.53,4.67,23.0,22.0,2013
26.5,116.0,81.0,197.0,45.0,,,76.0,250.0,4.95,12.0,35.5,122.0,7.23,4.39,20.0,4.0,2013
4.0,36.0,42.0,78.0,8.0,,,76.0,346.0,5.21,30.0,33.0,116.0,7.23,4.39,24.0,9.0,2013
8.0,51.0,72.0,123.0,16.5,,,73.0,303.0,5.23,28.0,22.5,103.0,7.49,4.51,22.0,6.0,2013
17.0,57.0,41.0,98.0,24.0,,,75.0,255.0,4.6,27.0,33.0,119.0,7.14,4.4,21.0,3.0,2013
4.0,161.0,95.0,256.0,20.5,,,73.0,234.0,4.47,27.0,34.0,131.0,6.71,4.18,23.0,3.0,2013
2.0,87.0,76.0,163.0,16.5,,,74.0,248.0,4.73,24.0,33.0,116.0,7.23,4.39,23.0,1.0,2013
3.5,65.0,121.0,186.0,16.5,,,73.0,307.0,5.15,37.0,30.0,107.0,7.82,4.72,21.0,14.0,2013
23.0,88.0,62.0,150.0,34.0,,,76.0,264.0,4.78,21.0,33.0,116.0,7.23,4.39,22.0,14.0,2013
6.0,109.0,73.0,182.0,16.5,,,72.0,243.0,4.65,27.0,33.0,116.0,7.23,4.39,21.0,14.0,2013
14.5,148.0,113.0,261.0,34.5,,,73.0,229.0,4.75,22.0,35.0,119.0,7.23,4.39,22.0,0.0,2013
10.0,62.0,80.0,142.0,30.0,,,78.0,281.0,4.96,23.0,28.5,110.0,7.2,4.59,22.0,39.0,2013
12.0,70.0,57.0,127.0,23.0,,,76.0,276.0,4.87,26.0,31.5,114.0,7.23,4.39,23.0,5.0,2013
20.5,81.0,73.0,154.0,42.0,,,73.0,257.0,4.62,24.0,33.0,116.0,7.23,4.39,22.0,1.0,2013
18.5,107.0,54.0,161.0,35.5,,,79.0,266.0,4.72,14.0,35.0,128.0,6.89,4.3,23.0,12.0,2013
10.5,41.0,55.0,96.0,20.0,,,76.0,277.0,4.8,24.0,33.0,119.0,7.03,4.51,23.0,1.0,2013
24.0,87.0,48.0,135.0,41.0,,,77.0,250.0,4.74,24.0,33.0,116.0,7.23,4.39,23.0,1.0,2013
3.0,181.0,180.0,361.0,20.0,,,73.0,250.0,4.66,20.0,33.0,113.0,7.23,4.39,22.0,9.0,2013
15.5,63.0,50.0,113.0,23.0,,,74.0,256.0,4.78,30.0,33.0,116.0,7.23,4.39,22.0,2.0,2013
2.5,20.0,26.0,46.0,8.0,,,77.0,318.0,5.29,24.0,33.0,116.0,7.23,4.39,23.0,13.0,2013
22.5,81.0,38.0,119.0,37.5,,,74.0,251.0,5.07,18.0,33.0,116.0,7.23,4.39,23.0,0.0,2013
8.5,47.0,78.0,125.0,18.0,,,75.0,310.0,5.14,32.0,26.5,104.0,7.16,4.64,24.0,4.0,2013
18.0,84.0,66.0,150.0,45.0,,,75.0,260.0,4.92,25.0,33.0,112.0,7.23,4.39,22.0,5.0,2013
10.5,46.0,30.0,76.0,17.0,,,76.0,265.0,4.55,36.0,39.0,128.0,7.23,4.39,23.0,3.0,2013
12.0,79.0,101.0,180.0,22.0,,,76.0,298.0,4.95,24.0,33.0,116.0,7.23,4.39,23.0,0.0,2013
2.5,29.0,34.0,63.0,9.5,,,75.0,308.0,4.98,24.0,33.0,116.0,7.23,4.39,23.0,10.0,2013
4.5,91.0,92.0,183.0,12.5,,,74.0,243.0,4.83,28.0,33.0,116.0,7.23,4.39,23.0,2.0,2013
14.0,68.0,93.0,161.0,26.0,,,77.0,255.0,4.78,22.0,33.0,113.0,6.91,4.44,22.0,2.0,2013
6.5,151.0,107.0,258.0,21.5,,,73.0,246.0,4.91,22.0,32.5,117.0,7.23,4.39,22.0,4.0,2013
12.5,128.0,146.0,274.0,35.0,,,73.0,240.0,4.84,19.0,33.0,118.0,6.99,4.2,23.0,0.0,2013
24.0,85.0,44.0,129.0,47.0,,,77.0,266.0,4.53,21.0,37.5,124.0,7.27,4.43,21.0,38.0,2014
28.5,185.0,142.0,327.0,74.5,,,75.0,251.0,4.65,23.0,40.0,128.0,7.08,4.18,23.0,41.0,2014
23.5,103.0,46.0,149.0,41.5,,,77.0,255.0,4.66,15.0,34.5,119.0,6.82,4.19,22.0,52.0,2014
29.5,115.0,66.0,181.0,66.0,,,73.0,285.0,4.68,35.0,32.0,116.0,7.11,4.39,23.0,123.0,2014
15.0,210.0,107.0,317.0,45.5,,,73.0,237.0,4.58,25.0,42.0,130.0,6.91,4.21,22.0,27.0,2014
6.5,175.0,142.0,317.0,23.0,,,74.0,234.0,4.65,24.0,35.0,118.0,7.3,4.4,22.0,59.0,2014
20.5,60.0,33.0,93.0,27.5,,,74.0,252.0,4.75,24.0,33.0,116.0,7.23,4.39,23.0,21.0,2014
25.5,57.0,25.0,82.0,32.5,,,75.0,251.0,4.66,23.0,35.0,121.0,7.48,4.47,22.0,3.0,2014
5.5,38.0,34.0,72.0,18.0,,,74.0,288.0,4.93,26.0,33.0,116.0,7.23,4.39,22.0,4.0,2014
20.0,63.0,57.0,120.0,34.0,,,75.0,251.0,4.8,20.0,34.5,113.0,7.46,4.31,22.0,65.0,2014
10.0,57.0,34.0,91.0,24.0,,,78.0,310.0,4.92,32.0,35.5,114.0,7.87,4.5,24.0,8.0,2014
25.0,157.0,69.0,226.0,61.5,,,75.0,243.0,4.71,21.0,32.5,112.0,7.22,4.2,23.0,4.0,2014
21.5,59.0,67.0,126.0,25.0,,,77.0,304.0,4.92,31.0,33.0,116.0,7.23,4.39,21.0,38.0,2014
32.5,102.0,58.0,160.0,52.5,,,77.0,250.0,4.86,19.0,35.5,118.0,6.78,4.2,23.0,11.0,2014
8.5,73.0,65.0,138.0,25.0,,,74.0,299.0,5.06,27.0,29.5,102.0,7.23,4.83,21.0,14.0,2014
31.5,134.0,62.0,196.0,43.5,,,75.0,252.0,4.75,24.0,33.0,116.0,7.23,4.39,21.0,8.0,2014
1.0,24.0,61.0,85.0,5.0,,,75.0,315.0,4.98,24.0,33.0,116.0,7.23,4.39,22.0,2.0,2014
13.5,56.0,40.0,96.0,28.0,,,76.0,273.0,4.92,22.0,31.0,114.0,6.83,4.45,22.0,10.0,2014
5.5,151.0,164.0,315.0,13.5,,,74.0,233.0,4.72,16.0,32.0,122.0,7.23,4.39,22.0,22.0,2014
23.5,100.0,65.0,165.0,51.0,,,75.0,273.0,4.84,24.0,31.5,108.0,7.19,4.29,22.0,2.0,2014
13.0,70.0,50.0,120.0,24.5,,,75.0,306.0,5.06,26.0,33.5,106.0,7.92,4.78,22.0,5.0,2014
17.0,233.0,187.0,420.0,50.0,,,71.0,248.0,4.83,27.0,31.0,114.0,7.18,4.27,23.0,6.0,2014
20.5,95.0,66.0,161.0,45.5,,,72.0,303.0,5.36,24.0,28.5,99.0,7.93,4.82,22.0,8.0,2014
19.5,92.0,86.0,178.0,45.5,,,78.0,272.0,4.72,22.0,35.5,129.0,7.2,4.33,22.0,9.0,2014
2.5,36.0,62.0,98.0,9.0,,,73.0,334.0,5.27,25.0,28.0,92.0,7.81,4.75,23.0,19.0,2014
15.0,96.0,53.0,149.0,22.5,,,76.0,252.0,4.89,14.0,32.0,108.0,7.08,4.25,22.0,5.0,2014
3.5,45.0,41.0,86.0,13.5,,,76.0,322.0,5.35,25.0,27.5,101.0,7.73,4.78,22.0,34.0,2014
3.0,110.0,126.0,236.0,19.0,,,72.0,240.0,4.74,23.0,31.5,116.0,7.15,4.45,22.0,21.0,2014
21.5,110.0,44.0,154.0,43.0,,,73.0,250.0,4.76,23.0,37.5,122.0,7.25,4.3,22.0,0.0,2014
8.0,214.0,146.0,360.0,23.0,,,72.0,232.0,4.51,28.0,39.0,128.0,6.92,4.02,22.0,3.0,2014
3.0,26.0,49.0,75.0,16.0,,,79.0,295.0,4.98,24.0,33.0,116.0,7.23,4.39,23.0,18.0,2014
19.5,71.0,74.0,145.0,24.5,,,73.0,253.0,4.71,26.0,38.5,122.0,7.29,4.31,22.0,2.0,2014
16.0,97.0,76.0,173.0,22.0,,,78.0,281.0,4.92,21.0,33.0,116.0,7.23,4.39,23.0,1.0,2014
7.0,139.0,75.0,214.0,29.0,,,75.0,218.0,4.52,24.0,31.5,119.0,7.23,4.39,23.0,42.0,2014
10.5,36.0,26.0,62.0,19.0,,,77.0,249.0,4.76,18.0,33.0,116.0,7.23,4.39,21.0,10.0,2014
4.0,147.0,149.0,296.0,10.0,,,73.0,246.0,4.66,25.0,30.5,120.0,7.11,4.07,22.0,25.0,2014
1.5,87.0,143.0,230.0,14.5,,,73.0,237.0,4.64,22.0,35.0,123.0,7.24,4.35,23.0,1.0,2014
21.5,61.0,61.0,122.0,30.5,,,73.0,266.0,4.66,28.0,37.0,121.0,7.55,4.46,22.0,3.0,2014
5.5,57.0,47.0,104.0,15.5,,,75.0,287.0,4.98,24.0,33.0,116.0,7.23,4.39,24.0,5.0,2014
6.5,58.0,138.0,196.0,14.5,,,73.0,337.0,5.47,32.0,26.0,88.0,7.89,4.6,23.0,3.0,2014
17.0,49.0,66.0,115.0,24.5,,,75.0,247.0,4.73,21.0,34.0,117.0,7.31,4.63,23.0,4.0,2014
11.0,53.0,26.0,79.0,18.5,,,75.0,237.0,4.65,21.0,35.5,114.0,7.23,4.39,23.0,1.0,2014
12.5,96.0,99.0,195.0,26.0,,,75.0,249.0,4.7,23.0,30.0,113.0,7.25,4.32,23.0,13.0,2014
3.5,27.0,33.0,60.0,7.5,,,75.0,310.0,4.92,24.0,33.0,116.0,7.23,4.39,21.0,1.0,2014
6.5,152.0,143.0,295.0,37.5,,,73.0,254.0,4.9,24.0,33.0,116.0,7.23,4.39,22.0,1.0,2014
17.5,71.0,77.0,148.0,32.0,,,73.0,261.0,4.86,28.0,34.0,112.0,7.67,4.65,23.0,0.0,2014
1.5,41.0,31.0,72.0,10.0,,,79.0,352.0,5.18,27.0,20.5,97.0,7.23,4.39,22.0,6.0,2014
5.0,55.0,75.0,130.0,17.0,,,77.0,309.0,5.25,25.0,30.5,103.0,7.23,4.39,23.0,25.0,2014
20.5,131.0,104.0,235.0,37.5,,,77.0,245.0,4.67,26.0,33.0,116.0,7.23,4.39,26.0,3.0,2014
14.5,73.0,67.0,140.0,33.0,,,75.0,261.0,4.6,19.0,32.5,112.0,7.4,4.32,21.0,5.0,2015
20.0,111.0,107.0,218.0,35.5,,,77.0,302.0,4.97,24.0,29.5,106.0,7.59,4.53,21.0,26.0,2015
33.0,72.0,17.0,89.0,52.0,,,75.0,246.0,4.53,35.0,41.0,130.0,6.91,4.15,23.0,32.0,2015
10.5,104.0,95.0,199.0,23.0,,,74.0,339.0,5.64,34.0,30.5,95.0,7.99,4.65,22.0,15.0,2015
4.0,42.0,45.0,87.0,10.5,,,79.0,292.0,5.06,24.0,34.0,117.0,7.57,4.53,21.0,40.0,2015
23.5,145.0,102.0,247.0,37.0,,,76.0,269.0,4.56,24.0,42.0,138.0,7.23,4.39,22.0,30.0,2015
19.0,82.0,38.0,120.0,34.0,,,75.0,245.0,4.68,21.0,33.0,116.0,7.23,4.39,22.0,12.0,2015
1.5,102.0,57.0,159.0,6.5,,,72.0,228.0,4.64,24.0,33.5,117.0,6.99,4.08,21.0,41.0,2015
10.0,151.0,104.0,255.0,35.0,,,75.0,243.0,4.56,23.0,37.0,122.0,7.07,4.03,23.0,9.0,2015
6.5,49.0,46.0,95.0,16.0,,,74.0,319.0,5.05,26.0,29.5,98.0,7.84,4.59,21.0,27.0,2015
8.0,54.0,41.0,95.0,23.0,,,75.0,279.0,4.76,32.0,32.5,120.0,7.44,4.55,21.0,10.0,2015
16.0,73.0,61.0,134.0,27.0,,,77.0,271.0,4.74,24.0,34.0,121.0,7.07,4.28,22.0,21.0,2015
6.0,31.0,31.0,62.0,12.0,,,76.0,336.0,5.28,24.0,33.0,116.0,7.23,4.39,21.0,32.0,2015
7.5,122.0,121.0,243.0,19.5,,,76.0,246.0,4.66,16.0,40.5,121.0,7.21,4.27,22.0,42.0,2015
35.5,139.0,67.0,206.0,51.0,,,74.0,253.0,4.93,24.0,33.0,116.0,7.23,4.39,23.0,5.0,2015
10.0,307.0,174.0,481.0,26.0,,,72.0,232.0,4.61,19.0,38.0,124.0,7.23,4.39,23.0,55.0,2015
4.5,240.0,111.0,351.0,27.0,,,71.0,236.0,4.78,27.0,32.0,113.0,7.23,4.39,22.0,29.0,2015
21.5,76.0,57.0,133.0,29.5,,,75.0,250.0,4.8,24.0,31.5,115.0,7.28,4.43,22.0,7.0,2015
3.5,28.0,30.0,58.0,9.0,,,77.0,329.0,5.17,28.0,30.0,105.0,7.88,4.68,22.0,9.0,2015
16.5,77.0,66.0,143.0,33.0,,,74.0,260.0,4.9,24.0,33.0,116.0,7.23,4.39,24.0,23.0,2015
16.5,62.0,57.0,119.0,25.5,,,77.0,235.0,4.64,24.0,36.5,125.0,7.23,4.39,22.0,11.0,2015
11.5,66.0,49.0,115.0,35.5,,,75.0,271.0,4.79,19.0,38.5,118.0,7.08,4.05,22.0,20.0,2015
12.5,85.0,51.0,136.0,24.5,,,75.0,267.0,4.62,25.0,39.0,127.0,7.36,4.19,23.0,1.0,2015
17.5,75.0,66.0,141.0,36.5,,,75.0,247.0,4.6,24.0,35.0,123.0,7.07,4.16,21.0,11.0,2015
21.0,77.0,37.0,114.0,33.5,,,76.0,259.0,4.85,23.0,32.0,112.0,7.47,4.58,22.0,4.0,2015
5.5,128.0,111.0,239.0,20.5,,,73.0,236.0,4.68,20.0,38.0,124.0,6.78,4.15,23.0,18.0,2015
4.5,52.0,90.0,142.0,21.0,,,77.0,252.0,4.57,25.0,33.0,116.0,7.23,4.39,20.0,58.0,2015
3.5,31.0,63.0,94.0,14.5,,,77.0,320.0,5.07,24.0,33.0,103.0,7.91,4.47,23.0,7.0,2015
17.0,77.0,65.0,142.0,31.5,,,78.0,294.0,4.97,24.0,30.0,111.0,7.2,4.19,24.0,8.0,2015
13.0,70.0,52.0,122.0,32.5,,,75.0,293.0,4.86,29.0,29.0,110.0,7.23,4.37,23.0,3.0,2015
7.5,52.0,32.0,84.0,16.5,,,75.0,262.0,4.81,20.0,37.0,117.0,7.24,4.38,23.0,3.0,2015
6.5,136.0,105.0,241.0,31.0,,,72.0,235.0,4.93,21.0,28.0,109.0,7.23,4.49,22.0,1.0,2015
4.5,32.0,33.0,65.0,17.0,,,76.0,318.0,5.02,20.0,31.0,101.0,7.5,4.57,22.0,1.0,2015
18.0,97.0,93.0,190.0,47.5,,,74.0,266.0,4.93,28.0,36.5,121.0,7.34,4.4,22.0,24.0,2015
6.0,43.0,40.0,83.0,20.5,,,75.0,300.0,5.07,34.0,26.5,100.0,7.73,4.56,23.0,1.0,2015
6.0,138.0,115.0,253.0,19.0,,,74.0,237.0,4.77,23.0,35.0,111.0,7.23,4.51,23.0,12.0,2015
11.0,50.0,70.0,120.0,14.5,,,76.0,274.0,4.83,23.0,29.0,113.0,7.42,4.66,22.0,10.0,2015
1.5,78.0,89.0,167.0,15.0,,,73.0,227.0,4.55,24.0,36.0,121.0,7.14,4.2,21.0,22.0,2015
5.0,108.0,87.0,195.0,16.0,,,72.0,245.0,4.77,22.0,37.0,119.0,7.21,4.2,22.0,10.0,2015
9.5,166.0,101.0,267.0,45.5,,,74.0,240.0,4.65,20.0,34.5,120.0,7.11,4.2,23.0,14.0,2015
5.5,78.0,66.0,144.0,28.5,,,73.0,304.0,5.06,30.0,31.0,112.0,7.37,4.56,22.0,56.0,2015
3.5,217.0,117.0,334.0,35.0,,,72.0,231.0,4.59,19.0,33.5,120.0,6.68,4.0,23.0,3.0,2015
2.0,77.0,73.0,150.0,11.5,,,72.0,236.0,4.81,25.0,35.0,120.0,7.66,4.39,22.0,6.0,2015
6.5,41.0,48.0,89.0,16.0,,,73.0,308.0,5.38,34.0,29.0,103.0,7.23,4.39,23.0,13.0,2015
14.5,95.0,65.0,160.0,27.5,,,74.0,316.0,5.18,32.0,33.0,105.0,7.53,4.46,22.0,16.0,2015
3.0,37.0,57.0,94.0,5.5,,,74.0,236.0,4.65,22.0,33.0,116.0,7.23,4.39,23.0,1.0,2015
10.0,101.0,48.0,149.0,25.0,,,76.0,269.0,4.75,25.0,32.5,119.0,7.25,4.47,23.0,0.0,2015
18.0,61.0,50.0,111.0,31.5,,,74.0,293.0,5.04,24.0,33.0,116.0,7.23,4.39,22.0,1.0,2015
7.5,46.0,46.0,92.0,20.5,,,73.0,298.0,5.0,26.0,31.0,107.0,8.0,4.39,21.0,12.0,2015
6.0,46.0,60.0,106.0,19.5,,,77.0,319.0,5.25,25.0,27.0,103.0,7.91,4.78,23.0,4.0,2015
3.5,147.0,187.0,334.0,21.0,,,73.0,244.0,4.83,23.0,32.0,111.0,7.35,4.27,23.0,0.0,2015
15.5,87.0,84.0,171.0,25.0,,,75.0,267.0,4.79,27.0,34.5,114.0,7.17,4.25,22.0,9.0,2015
11.5,78.0,44.0,122.0,23.0,,,74.0,289.0,4.9,24.0,33.0,116.0,7.23,4.39,21.0,8.0,2015
4.0,56.0,47.0,103.0,20.5,,,74.0,307.0,5.02,26.0,34.0,114.0,7.67,4.69,22.0,7.0,2015
7.0,202.0,120.0,322.0,24.0,,,73.0,234.0,4.6,26.0,35.0,117.0,7.15,4.36,23.0,5.0,2015
3.0,80.0,50.0,130.0,10.0,,,74.0,232.0,4.56,24.0,33.0,116.0,7.23,4.39,25.0,0.0,2015
26.0,101.0,47.0,148.0,50.5,,,77.0,269.0,4.86,24.0,32.0,120.0,6.89,4.21,21.0,56.0,2016
18.0,109.0,122.0,231.0,35.5,,,79.0,291.0,5.05,24.0,32.0,116.0,7.51,4.47,22.0,34.0,2016
17.0,92.0,92.0,184.0,28.5,,,78.0,244.0,4.6,24.0,39.5,127.0,7.23,4.39,23.0,21.0,2016
19.0,73.0,61.0,134.0,32.5,,,73.0,299.0,5.03,28.0,34.5,118.0,7.44,4.59,22.0,15.0,2016
20.0,68.0,57.0,125.0,46.5,,,75.0,269.0,4.7,24.0,33.0,120.0,7.16,4.21,22.0,15.0,2016
12.0,90.0,57.0,147.0,27.5,,,73.0,232.0,4.47,17.0,35.5,133.0,7.12,4.2,21.0,17.0,2016
7.0,91.0,64.0,155.0,20.0,,,75.0,314.0,5.06,29.0,28.5,102.0,7.23,4.62,20.0,60.0,2016
6.0,44.0,48.0,92.0,17.0,,,75.0,294.0,4.87,28.0,35.0,116.0,7.23,4.39,21.0,5.0,2016
5.0,87.0,82.0,169.0,29.0,,,76.0,323.0,5.33,26.0,29.5,104.0,7.82,4.76,22.0,8.0,2016
28.0,96.0,37.0,133.0,40.5,,,76.0,273.0,4.63,20.0,35.5,121.0,7.26,4.5,22.0,14.0,2016
12.0,53.0,29.0,82.0,26.0,,,77.0,277.0,4.86,24.0,33.0,116.0,7.23,4.39,24.0,2.0,2016
4.5,169.0,115.0,284.0,23.5,,,74.0,223.0,4.67,24.0,33.0,116.0,7.23,4.39,21.0,32.0,2016
1.0,117.0,61.0,178.0,15.0,,,73.0,245.0,4.56,19.0,33.0,116.0,7.23,4.39,21.0,36.0,2016
8.5,42.0,60.0,102.0,18.0,,,78.0,310.0,5.03,26.0,24.5,106.0,7.44,4.62,22.0,96.0,2016
8.5,31.0,31.0,62.0,15.0,,,74.0,251.0,4.8,25.0,35.0,121.0,7.21,4.35,22.0,5.0,2016
20.0,69.0,41.0,110.0,31.5,,,75.0,243.0,4.69,21.0,33.0,108.0,7.23,4.39,22.0,3.0,2016
8.5,63.0,91.0,154.0,24.0,,,76.0,314.0,5.32,25.0,26.0,96.0,7.84,4.75,22.0,8.0,2016
4.5,45.0,59.0,104.0,12.0,,,77.0,297.0,5.11,20.0,25.0,111.0,7.38,4.63,22.0,6.0,2016
9.0,51.0,82.0,133.0,22.0,,,76.0,307.0,5.2,22.0,26.0,106.0,7.8,4.74,21.0,17.0,2016
2.0,39.0,73.0,112.0,11.0,,,75.0,307.0,5.21,24.0,31.0,104.0,7.77,4.75,23.0,37.0,2016
5.0,80.0,85.0,165.0,21.0,,,73.0,222.0,4.59,24.0,33.0,120.0,7.23,4.39,21.0,39.0,2016
11.5,67.0,38.0,105.0,26.0,,,76.0,287.0,4.88,24.0,33.0,116.0,7.23,4.39,23.0,15.0,2016
17.5,46.0,19.0,65.0,25.0,,,79.0,277.0,4.84,21.0,28.5,114.0,7.27,4.37,23.0,7.0,2016
8.0,37.0,49.0,86.0,18.0,,,74.0,311.0,5.03,25.0,29.5,109.0,7.53,4.52,21.0,23.0,2016
21.5,57.0,27.0,84.0,32.5,,,74.0,252.0,4.75,26.0,34.5,118.0,7.35,4.5,21.0,32.0,2016
26.5,110.0,61.0,171.0,44.0,,,78.0,285.0,4.87,25.0,30.0,111.0,7.03,4.25,25.0,1.0,2016
12.0,91.0,87.0,178.0,33.5,,,75.0,285.0,4.93,23.0,32.0,116.0,7.31,4.56,22.0,6.0,2016
27.0,74.0,57.0,131.0,44.0,,,76.0,251.0,4.82,23.0,35.0,115.0,6.97,4.25,24.0,2.0,2016
13.5,71.0,71.0,142.0,25.0,,,75.0,301.0,5.17,21.0,27.0,99.0,8.06,4.79,21.0,9.0,2016
19.0,108.0,97.0,205.0,40.0,,,75.0,259.0,4.8,16.0,36.5,121.0,7.23,4.39,22.0,28.0,2016
18.5,161.0,175.0,336.0,41.5,,,74.0,239.0,4.72,24.0,31.5,115.0,6.73,4.0,23.0,17.0,2016
12.0,104.0,149.0,253.0,36.0,,,77.0,245.0,4.72,15.0,34.5,121.0,7.23,4.39,24.0,9.0,2016
7.0,36.0,40.0,76.0,14.0,,,76.0,329.0,5.19,17.0,29.0,110.0,8.03,4.59,22.0,2.0,2016
13.5,95.0,77.0,172.0,35.5,,,73.0,244.0,4.76,22.0,33.5,111.0,7.11,4.3,22.0,25.0,2016
15.5,68.0,69.0,137.0,26.5,,,75.0,271.0,4.59,23.0,34.0,119.0,7.23,4.39,23.0,0.0,2016
7.5,169.0,127.0,296.0,18.0,,,76.0,254.0,4.68,20.0,33.5,124.0,7.23,4.39,22.0,1.0,2016
7.5,91.0,50.0,141.0,32.0,,,73.0,293.0,5.07,21.0,30.0,102.0,7.44,4.5,22.0,2.0,2016
6.5,77.0,60.0,137.0,17.5,,,73.0,242.0,4.69,30.0,34.5,118.0,7.05,4.51,23.0,9.0,2016
6.5,187.0,87.0,274.0,29.5,,,74.0,243.0,4.73,19.0,32.0,120.0,7.16,4.22,23.0,14.0,2016
6.5,127.0,79.0,206.0,16.0,,,76.0,232.0,4.58,16.0,34.0,116.0,7.23,4.39,23.0,20.0,2016
9.5,62.0,38.0,100.0,17.0,,,75.0,303.0,5.02,24.0,32.0,113.0,8.28,4.82,21.0,5.0,2016
8.0,74.0,32.0,106.0,29.5,,,73.0,311.0,5.05,31.0,27.5,113.0,8.05,4.82,21.0,14.0,2016
4.5,130.0,164.0,294.0,21.0,,,73.0,232.0,4.76,24.0,33.0,116.0,7.23,4.39,21.0,9.0,2016
6.0,138.0,119.0,257.0,13.5,,,74.0,237.0,4.71,22.0,28.5,113.0,6.98,4.2,22.0,29.0,2016
9.5,40.0,45.0,85.0,18.0,,,75.0,303.0,5.0,28.0,30.5,110.0,7.57,4.53,22.0,4.0,2016
12.5,87.0,52.0,139.0,31.5,,,78.0,296.0,4.87,30.0,32.5,114.0,7.26,4.38,22.0,35.0,2016
13.5,67.0,47.0,114.0,32.0,,,74.0,284.0,5.15,32.0,30.0,113.0,7.95,4.53,23.0,6.0,2016
10.5,52.0,55.0,107.0,21.5,,,76.0,291.0,4.95,24.0,29.0,116.0,7.95,4.37,23.0,12.0,2016
10.0,76.0,39.0,115.0,30.0,,,75.0,299.0,5.03,32.0,28.0,108.0,7.78,4.71,22.0,19.0,2016
4.5,182.0,176.0,358.0,23.5,,,72.0,245.0,4.89,19.0,28.5,110.0,6.99,4.11,23.0,4.0,2016
5.0,34.0,39.0,73.0,9.0,,,75.0,327.0,5.33,30.0,29.5,99.0,7.9,4.71,22.0,20.0,2016
3.0,46.0,26.0,72.0,11.0,,,73.0,235.0,4.7,21.0,37.5,121.0,7.07,4.36,23.0,4.0,2016
4.5,117.0,115.0,232.0,15.5,,,75.0,249.0,4.91,11.0,30.5,118.0,7.23,4.39,24.0,2.0,2016
20.0,69.0,51.0,120.0,38.0,,,76.0,277.0,4.81,28.0,30.5,109.0,7.63,4.39,24.0,8.0,2016
17.5,87.0,79.0,166.0,36.0,,,75.0,235.0,4.74,14.0,41.0,116.0,7.04,4.38,23.0,1.0,2016
11.5,71.0,48.0,119.0,27.0,,,76.0,267.0,4.61,23.0,31.0,117.0,7.23,4.39,22.0,8.0,2016
7.0,338.0,155.0,493.0,40.0,,,72.0,238.0,4.81,22.0,31.0,112.0,7.19,4.5,23.0,5.0,2016
32.5,84.0,61.0,145.0,48.5,,,76.0,272.0,4.64,33.0,41.0,128.0,7.23,4.39,21.0,104.0,2017
11.5,65.0,36.0,101.0,25.5,,,75.0,273.0,4.69,30.0,35.0,126.0,6.95,4.28,21.0,15.0,2017
18.0,99.0,49.0,148.0,46.0,,,73.0,237.0,4.52,24.0,36.5,133.0,7.01,4.37,22.0,14.0,2017
33.0,131.0,66.0,197.0,52.0,,,75.0,259.0,4.88,24.0,31.0,117.0,6.96,4.44,21.0,22.0,2017
28.5,78.0,75.0,153.0,45.0,,,75.0,286.0,5.0,21.0,30.0,108.0,7.49,4.5,22.0,48.0,2017
5.5,102.0,103.0,205.0,20.0,,,73.0,238.0,4.75,24.0,33.0,116.0,7.23,4.39,22.0,20.0,2017
18.0,80.0,56.0,136.0,34.5,,,75.0,253.0,4.82,21.0,32.0,109.0,7.47,4.42,22.0,4.0,2017
17.0,80.0,22.0,102.0,29.0,,,74.0,250.0,4.59,24.0,33.0,122.0,7.48,4.62,21.0,13.0,2017
18.5,55.0,39.0,94.0,27.5,,,78.0,277.0,4.92,25.0,33.0,116.0,7.17,4.39,22.0,6.0,2017
11.5,42.0,29.0,71.0,17.0,,,76.0,252.0,4.69,21.0,37.0,128.0,6.79,4.13,22.0,96.0,2017
8.0,123.0,99.0,222.0,24.0,,,72.0,229.0,4.75,24.0,33.0,116.0,7.23,4.39,23.0,8.0,2017
22.5,70.0,67.0,137.0,28.0,,,75.0,247.0,4.65,21.0,37.5,127.0,6.75,4.39,22.0,18.0,2017
19.5,66.0,62.0,128.0,40.0,,,74.0,253.0,4.78,24.0,33.0,116.0,7.23,4.39,23.0,6.0,2017
27.5,81.0,63.0,144.0,39.0,,,76.0,280.0,4.75,18.0,33.0,116.0,7.23,4.39,22.0,6.0,2017
6.0,136.0,139.0,275.0,17.5,,,74.0,240.0,4.61,23.0,33.0,121.0,7.15,4.39,21.0,9.0,2017
4.0,39.0,83.0,122.0,10.5,,,75.0,310.0,5.19,24.0,27.0,110.0,7.68,4.59,23.0,23.0,2017
6.0,177.0,118.0,295.0,39.5,,,75.0,234.0,4.67,15.0,35.0,125.0,7.03,4.29,22.0,29.0,2017
5.5,68.0,59.0,127.0,28.0,,,75.0,305.0,4.97,26.0,32.0,116.0,7.55,4.75,23.0,20.0,2017
16.5,72.0,65.0,137.0,38.5,,,75.0,264.0,4.77,24.0,29.5,117.0,7.18,4.39,22.0,16.0,2017
26.0,76.0,38.0,114.0,40.5,,,76.0,255.0,4.53,24.0,39.0,125.0,6.85,4.28,22.0,4.0,2017
18.0,61.0,62.0,123.0,33.0,,,77.0,298.0,4.75,23.0,33.0,116.0,7.23,4.39,23.0,8.0,2017
1.5,59.0,85.0,144.0,10.0,,,72.0,232.0,4.58,18.0,34.5,122.0,6.89,4.21,23.0,7.0,2017
3.0,32.0,43.0,75.0,5.0,,,75.0,241.0,4.63,16.0,30.5,116.0,6.88,4.25,22.0,8.0,2017
16.0,70.0,91.0,161.0,36.5,,,77.0,266.0,4.76,18.0,36.0,123.0,7.03,4.38,22.0,0.0,2017
21.0,39.0,19.0,58.0,31.0,,,75.0,244.0,4.68,24.0,33.5,124.0,7.36,4.57,23.0,2.0,2017
28.5,75.0,82.0,157.0,40.0,,,76.0,269.0,4.7,15.0,31.5,119.0,7.27,4.35,23.0,1.0,2017
4.0,69.0,55.0,124.0,13.5,,,75.0,305.0,4.99,28.0,28.5,111.0,7.69,4.39,22.0,5.0,2017
11.0,79.0,72.0,151.0,21.0,,,76.0,304.0,4.87,22.0,29.0,108.0,7.62,4.89,22.0,4.0,2017
5.0,71.0,74.0,145.0,21.0,,,77.0,304.0,5.11,24.0,24.5,101.0,7.93,4.63,22.0,3.0,2017
29.5,71.0,56.0,127.0,41.5,,,76.0,266.0,4.65,24.0,33.5,122.0,7.03,4.2,22.0,10.0,2017
7.5,124.0,139.0,263.0,24.5,,,74.0,243.0,4.75,20.0,33.0,116.0,7.23,4.39,22.0,5.0,2017
20.5,111.0,71.0,182.0,37.5,,,75.0,246.0,4.67,21.0,33.5,118.0,6.92,4.3,24.0,1.0,2017
12.0,53.0,59.0,112.0,18.0,,,75.0,316.0,5.38,19.0,28.0,100.0,7.64,4.62,23.0,12.0,2017
14.0,34.0,33.0,67.0,24.0,,,74.0,261.0,4.67,35.0,33.0,114.0,7.46,4.19,22.0,10.0,2017
6.5,80.0,96.0,176.0,21.0,,,74.0,244.0,4.75,27.0,34.5,119.0,6.98,4.13,22.0,15.0,2017
8.0,141.0,85.0,226.0,27.0,,,72.0,230.0,4.75,24.0,33.0,116.0,7.23,4.39,22.0,15.0,2017
16.5,51.0,61.0,112.0,23.0,,,77.0,274.0,4.92,22.0,33.0,124.0,7.23,4.39,23.0,38.0,2017
5.0,41.0,50.0,91.0,18.5,,,75.0,302.0,5.13,20.0,27.5,105.0,7.55,4.5,23.0,3.0,2017
14.0,56.0,49.0,105.0,24.0,,,75.0,309.0,4.75,25.0,33.0,116.0,7.23,4.39,23.0,9.0,2017
5.5,138.0,118.0,256.0,24.5,,,71.0,238.0,4.65,24.0,37.0,124.0,6.92,4.18,23.0,3.0,2017
3.0,136.0,87.0,223.0,9.0,,,72.0,231.0,4.7,17.0,31.5,120.0,7.23,4.39,22.0,23.0,2017
6.5,155.0,123.0,278.0,39.5,,,73.0,238.0,4.65,23.0,30.5,116.0,7.23,4.34,22.0,22.0,2017
14.0,104.0,32.0,136.0,31.5,,,72.0,223.0,4.67,24.0,35.0,126.0,7.23,4.39,23.0,57.0,2017
14.5,143.0,148.0,291.0,42.0,,,75.0,240.0,4.75,25.0,31.0,118.0,7.23,4.39,21.0,9.0,2017
12.5,51.0,88.0,139.0,19.0,,,75.0,310.0,5.27,18.0,33.0,116.0,7.23,4.39,22.0,12.0,2017
5.5,30.0,51.0,81.0,20.0,,,75.0,307.0,5.14,21.0,27.0,105.0,7.66,4.62,23.0,2.0,2017
9.5,104.0,86.0,190.0,40.5,,,73.0,296.0,5.24,22.0,27.0,105.0,7.53,4.57,22.0,4.0,2017
12.0,66.0,46.0,112.0,22.5,,,75.0,304.0,5.07,26.0,28.5,108.0,7.58,4.72,23.0,2.0,2017
5.5,163.0,113.0,276.0,36.0,,,73.0,228.0,4.67,24.0,33.5,121.0,7.23,4.39,22.0,1.0,2017
7.0,39.0,21.0,60.0,10.5,,,75.0,253.0,4.88,22.0,30.5,117.0,7.25,4.47,22.0,0.0,2017
6.0,34.0,36.0,70.0,8.5,,,73.0,319.0,5.04,25.0,28.5,108.0,7.73,4.65,22.0,20.0,2017
15.0,35.0,15.0,50.0,18.0,,,73.0,243.0,4.67,24.0,28.5,112.0,6.91,4.33,23.0,0.0,2017
7.5,41.0,63.0,104.0,15.0,,,75.0,280.0,4.84,29.0,32.5,113.0,7.55,4.56,23.0,1.0,2017
7.5,42.0,35.0,77.0,11.5,,,73.0,313.0,5.13,33.0,31.5,105.0,7.65,4.66,22.0,1.0,2017
13.5,25.0,14.0,39.0,14.5,,,75.0,258.0,4.72,25.0,31.5,128.0,7.26,4.4,23.0,9.0,2017
4.5,84.0,84.0,168.0,22.0,,,76.0,280.0,4.89,25.0,31.5,114.0,7.23,4.39,22.0,8.0,2017
19.0,64.0,69.0,133.0,27.5,,,75.0,242.0,4.74,25.0,29.5,120.0,7.2,4.44,23.0,0.0,2017
29.5,92.0,51.0,143.0,53.0,,,71.0,241.0,4.84,20.0,31.5,117.0,7.23,4.34,24.0,0.0,2017
13.0,77.0,84.0,161.0,31.5,,,74.0,300.0,4.75,24.0,33.0,116.0,7.23,4.39,24.0,1.0,2017
26.0,103.0,101.0,204.0,60.0,,,76.0,269.0,4.65,24.0,36.0,121.0,7.37,4.41,22.0,25.0,2018
6.5,146.0,106.0,252.0,20.5,,,73.0,236.0,4.51,24.0,33.0,116.0,7.23,4.39,21.0,37.0,2018
9.5,66.0,34.0,100.0,15.0,,,76.0,347.0,5.1,41.0,33.0,116.0,7.23,4.39,23.0,51.0,2018
3.0,39.0,63.0,102.0,5.0,,,74.0,311.0,4.95,27.0,28.5,107.0,7.58,4.71,21.0,53.0,2018
21.5,100.0,86.0,186.0,37.0,,,78.0,264.0,4.58,22.0,33.5,124.0,7.2,4.41,22.0,18.0,2018
10.0,122.0,104.0,226.0,35.0,,,77.0,253.0,4.54,19.0,33.0,117.0,7.23,4.39,20.0,44.0,2018
5.0,128.0,60.0,188.0,13.0,,,76.0,256.0,4.65,20.0,39.5,124.0,6.88,4.15,21.0,35.0,2018
15.0,85.0,67.0,152.0,23.5,,,75.0,232.0,4.75,24.0,30.0,116.0,6.95,4.36,22.0,25.0,2018
0.0,61.0,62.0,123.0,4.0,,,74.0,220.0,4.47,24.0,41.5,134.0,7.23,4.39,21.0,25.0,2018
5.5,31.0,36.0,67.0,10.5,,,76.0,291.0,4.98,30.0,35.0,119.0,7.12,4.48,22.0,10.0,2018
26.0,100.0,60.0,160.0,47.5,,,75.0,252.0,4.64,24.0,36.0,119.0,6.88,4.19,22.0,39.0,2018
9.0,52.0,75.0,127.0,15.0,,,75.0,283.0,4.87,24.0,32.5,110.0,7.63,4.65,22.0,3.0,2018
12.5,94.0,74.0,168.0,20.5,,,75.0,251.0,4.65,20.0,32.0,119.0,7.23,4.39,21.0,13.0,2018
15.5,54.0,49.0,103.0,20.5,,,77.0,253.0,4.65,24.0,33.0,116.0,7.23,4.39,23.0,5.0,2018
23.5,63.0,49.0,112.0,36.5,,,75.0,265.0,4.75,24.0,35.5,122.0,7.23,4.39,23.0,13.0,2018
14.0,82.0,83.0,165.0,20.5,,,78.0,250.0,4.5,24.0,36.0,130.0,7.23,4.39,22.0,16.0,2018
10.5,51.0,52.0,103.0,26.0,,,78.0,281.0,4.92,24.0,29.0,116.0,7.23,4.39,22.0,5.0,2018
9.0,79.0,107.0,186.0,26.5,,,76.0,311.0,4.99,35.0,26.5,101.0,7.28,4.53,23.0,7.0,2018
6.5,158.0,106.0,264.0,32.0,,,75.0,236.0,4.64,21.0,38.5,119.0,6.9,4.28,21.0,82.0,2018
7.0,90.0,68.0,158.0,17.5,,,73.0,229.0,4.53,22.0,36.5,126.0,7.23,4.39,21.0,33.0,2018
11.5,74.0,91.0,165.0,24.0,,,73.0,317.0,5.38,25.0,27.0,96.0,8.15,5.02,22.0,38.0,2018
17.0,64.0,52.0,116.0,29.5,,,77.0,270.0,4.75,24.0,35.0,116.0,6.84,4.32,23.0,40.0,2018
12.0,158.0,72.0,230.0,25.5,,,75.0,236.0,4.52,27.0,36.0,125.0,7.23,4.39,21.0,1.0,2018
16.5,49.0,68.0,117.0,20.0,,,77.0,275.0,4.73,24.0,32.5,118.0,7.24,4.39,21.0,13.0,2018
7.5,55.0,52.0,107.0,21.5,,,74.0,309.0,5.09,24.0,29.0,104.0,7.82,4.74,22.0,14.0,2018
21.0,59.0,71.0,130.0,26.5,,,78.0,238.0,4.75,24.0,31.0,117.0,7.16,4.25,22.0,5.0,2018
4.5,85.0,56.0,141.0,13.5,,,75.0,233.0,4.59,18.0,39.5,131.0,6.82,4.15,23.0,6.0,2018
7.0,104.0,75.0,179.0,23.5,,,72.0,314.0,5.16,35.0,26.0,100.0,7.77,4.79,24.0,3.0,2018
15.5,60.0,97.0,157.0,28.0,,,76.0,307.0,5.21,42.0,32.0,103.0,7.28,4.5,22.0,8.0,2018
8.5,129.0,77.0,206.0,28.0,,,73.0,223.0,4.61,21.0,32.0,119.0,6.64,4.07,24.0,5.0,2018
5.0,40.0,44.0,84.0,14.0,,,77.0,283.0,4.82,25.0,32.0,116.0,7.23,4.39,22.0,5.0,2018
9.5,211.0,226.0,437.0,28.0,,,73.0,234.0,4.82,18.0,33.0,117.0,6.8,4.27,23.0,28.0,2018
6.5,107.0,93.0,200.0,22.5,,,73.0,229.0,4.6,19.0,35.0,117.0,7.06,4.28,22.0,4.0,2018
15.5,89.0,53.0,142.0,34.5,,,76.0,257.0,4.87,20.0,30.0,118.0,7.12,4.23,21.0,15.0,2018
6.5,193.0,111.0,304.0,22.0,,,73.0,236.0,4.6,23.0,36.0,117.0,7.38,4.48,23.0,5.0,2018
9.5,48.0,73.0,121.0,19.5,,,74.0,280.0,4.87,28.0,33.0,116.0,7.23,4.39,22.0,4.0,2018
14.5,77.0,61.0,138.0,29.0,,,76.0,251.0,4.53,24.0,39.5,124.0,7.23,4.28,21.0,32.0,2018
32.0,102.0,70.0,172.0,47.5,,,75.0,235.0,4.67,23.0,32.0,123.0,7.14,4.45,24.0,7.0,2018
5.5,51.0,52.0,103.0,23.0,,,76.0,286.0,4.75,24.0,33.0,116.0,7.23,4.39,22.0,1.0,2018
12.5,64.0,68.0,132.0,33.5,,,74.0,292.0,4.75,24.0,33.0,116.0,7.23,4.39,23.0,9.0,2018
18.5,101.0,65.0,166.0,33.5,,,73.0,227.0,4.38,20.0,33.0,117.0,7.23,4.39,23.0,4.0,2018
19.0,188.0,223.0,411.0,32.5,,,74.0,238.0,4.66,24.0,35.5,121.0,7.05,4.24,23.0,6.0,2018
21.5,170.0,63.0,233.0,45.5,,,73.0,248.0,4.59,26.0,36.0,124.0,6.9,4.36,23.0,4.0,2018
10.5,42.0,52.0,94.0,26.5,,,76.0,296.0,5.03,31.0,28.0,101.0,7.51,4.48,22.0,2.0,2018
20.0,105.0,58.0,163.0,33.5,,,73.0,253.0,4.77,27.0,38.0,121.0,7.23,4.39,23.0,2.0,2018
4.0,28.0,25.0,53.0,19.5,,,75.0,329.0,5.37,24.0,23.5,96.0,7.95,4.83,21.0,4.0,2018
23.5,79.0,54.0,133.0,43.0,,,76.0,264.0,4.75,24.0,33.0,116.0,7.23,4.39,23.0,1.0,2018
11.5,38.0,31.0,69.0,15.0,,,76.0,263.0,4.69,31.0,32.5,117.0,6.88,4.19,23.0,0.0,2018
5.0,70.0,48.0,118.0,15.0,,,74.0,245.0,4.78,23.0,33.0,116.0,7.23,4.39,22.0,0.0,2018
4.5,65.0,69.0,134.0,16.0,,,72.0,228.0,4.75,20.0,33.0,116.0,7.23,4.39,22.0,8.0,2018
6.5,78.0,43.0,121.0,15.0,,,74.0,238.0,4.75,18.0,33.0,116.0,7.23,4.39,23.0,0.0,2018
14.0,62.0,39.0,101.0,24.0,,,76.0,258.0,4.78,25.0,33.0,114.0,6.99,4.4,23.0,0.0,2018
18.5,111.0,79.0,190.0,28.0,,,75.0,252.0,4.57,19.0,34.0,121.0,7.13,4.36,23.0,3.0,2018
7.5,155.0,87.0,242.0,19.5,,,74.0,230.0,4.79,21.0,30.5,117.0,7.26,4.39,23.0,1.0,2018
5.5,62.0,43.0,105.0,14.5,,,75.0,246.0,4.48,26.0,34.5,122.0,7.14,4.44,22.0,7.0,2018
8.5,56.0,77.0,133.0,21.0,,,75.0,287.0,4.89,28.0,35.5,113.0,7.32,4.37,23.0,0.0,2018
2.0,90.0,97.0,187.0,8.5,,,72.0,237.0,4.63,19.0,33.0,116.0,7.23,4.39,21.0,1.0,2018
27.0,84.0,81.0,165.0,50.0,,,76.0,264.0,4.75,25.0,33.0,116.0,7.26,4.4,22.0,12.0,2019
8.5,114.0,172.0,286.0,29.0,,,72.0,237.0,4.42,22.0,39.5,118.0,7.07,4.17,21.0,45.0,2019
31.5,120.0,99.0,219.0,41.0,,,77.0,262.0,4.63,28.0,33.0,118.0,7.15,4.23,22.0,45.0,2019
10.0,83.0,108.0,191.0,19.0,,,71.0,234.0,4.43,21.0,40.5,124.0,6.93,4.23,21.0,21.0,2019
24.0,72.0,52.0,124.0,39.5,,,77.0,249.0,4.53,24.0,36.0,129.0,7.01,4.39,21.0,34.0,2019
22.5,50.0,55.0,105.0,30.0,,,78.0,260.0,4.41,21.0,36.0,125.0,7.0,4.29,23.0,28.0,2019
17.5,219.0,171.0,390.0,41.0,,,74.0,250.0,4.75,24.0,33.0,116.0,7.23,4.39,22.0,7.0,2019
22.0,96.0,55.0,151.0,49.0,,,75.0,250.0,4.62,23.0,40.0,134.0,7.02,4.27,23.0,4.0,2019
18.0,70.0,112.0,182.0,44.5,,,75.0,256.0,4.59,18.0,30.5,116.0,6.94,4.11,24.0,10.0,2019
14.5,143.0,94.0,237.0,32.5,,,73.0,238.0,4.63,24.0,37.0,125.0,7.21,4.28,24.0,18.0,2019
9.0,131.0,103.0,234.0,23.5,,,74.0,237.0,4.64,30.0,32.5,116.0,6.9,4.03,22.0,9.0,2019
10.5,114.0,126.0,240.0,19.0,,,73.0,239.0,4.58,24.0,33.5,122.0,7.25,4.26,23.0,21.0,2019
33.0,93.0,83.0,176.0,51.5,,,75.0,253.0,4.78,24.0,34.0,118.0,7.13,4.57,22.0,8.0,2019
11.5,25.0,33.0,58.0,16.0,,,75.0,247.0,4.75,24.0,38.5,118.0,7.23,4.39,23.0,1.0,2019
20.0,69.0,60.0,129.0,36.0,,,76.0,271.0,4.75,24.0,33.0,116.0,7.23,4.39,22.0,5.0,2019
5.0,107.0,64.0,171.0,19.5,,,74.0,234.0,4.57,31.0,37.5,122.0,6.94,4.14,24.0,13.0,2019
14.5,58.0,42.0,100.0,31.5,,,76.0,254.0,4.69,16.0,29.5,116.0,7.23,4.45,22.0,0.0,2019
4.0,190.0,148.0,338.0,11.5,,,72.0,230.0,4.56,21.0,34.5,121.0,6.85,4.09,21.0,2.0,2019
6.0,157.0,94.0,251.0,29.0,,,74.0,242.0,4.66,24.0,34.5,118.0,7.09,4.31,23.0,2.0,2019
4.0,158.0,162.0,320.0,13.0,,,71.0,237.0,4.75,24.0,33.0,117.0,7.23,4.39,22.0,28.0,2019
12.0,64.0,35.0,99.0,19.5,,,75.0,241.0,4.75,17.0,38.0,123.0,6.89,4.14,24.0,23.0,2019
1.0,62.0,57.0,119.0,7.5,,,73.0,240.0,4.75,24.0,32.0,117.0,7.23,4.39,21.0,12.0,2019
13.0,98.0,86.0,184.0,36.5,,,77.0,248.0,4.5,25.0,36.5,119.0,7.06,4.4,23.0,1.0,2019
12.0,113.0,66.0,179.0,30.5,,,73.0,237.0,4.5,18.0,37.5,124.0,6.95,4.12,23.0,3.0,2019
3.5,211.0,143.0,354.0,26.5,,,74.0,238.0,4.69,15.0,39.0,123.0,7.23,4.23,22.0,0.0,2019
5.0,99.0,65.0,164.0,13.0,,,74.0,245.0,4.65,20.0,33.0,119.0,7.38,4.38,22.0,2.0,2019
10.5,168.0,151.0,319.0,23.5,,,73.0,241.0,4.51,27.0,36.0,123.0,7.23,4.39,23.0,4.0,2019
9.5,46.0,46.0,92.0,19.0,,,75.0,254.0,4.75,24.0,33.0,116.0,7.23,4.39,21.0,7.0,2020
9.0,182.0,153.0,335.0,37.0,,,74.0,241.0,4.52,21.0,38.0,129.0,7.23,4.39,21.0,22.0,2020
7.0,220.0,147.0,367.0,33.0,,,72.0,240.0,4.54,24.0,33.0,116.0,7.23,4.39,22.0,20.0,2020
4.0,59.0,72.0,131.0,17.5,,,72.0,229.0,4.5,18.0,35.0,125.0,7.23,4.39,21.0,39.0,2020
19.5,76.0,42.0,118.0,26.0,,,76.0,267.0,4.75,24.0,33.0,116.0,7.23,4.39,23.0,9.0,2020
16.5,38.0,18.0,56.0,20.5,,,73.0,245.0,4.75,18.0,33.0,116.0,7.23,4.39,21.0,8.0,2020
6.0,46.0,53.0,99.0,11.0,,,73.0,243.0,4.46,21.0,39.5,136.0,7.08,4.3,22.0,21.0,2020
7.0,253.0,168.0,421.0,35.0,,,74.0,241.0,4.63,21.0,32.0,121.0,7.07,4.27,24.0,31.0,2020
15.0,99.0,55.0,154.0,30.5,,,74.0,238.0,4.65,24.0,32.5,115.0,7.0,4.31,23.0,9.0,2020
7.0,31.0,16.0,47.0,13.5,,,77.0,262.0,4.75,24.0,37.0,124.0,7.23,4.39,22.0,5.0,2020
14.5,98.0,95.0,193.0,33.5,,,74.0,256.0,4.75,24.0,33.0,116.0,7.23,4.39,23.0,22.0,2020
2.0,96.0,122.0,218.0,13.5,,,75.0,229.0,4.66,24.0,39.0,126.0,7.38,4.33,21.0,5.0,2020
10.0,136.0,69.0,205.0,29.0,,,75.0,247.0,4.66,24.0,36.0,122.0,6.83,4.32,22.0,16.0,2020
2.0,99.0,29.0,128.0,18.0,,,72.0,228.0,4.49,21.0,35.0,127.0,6.96,4.26,22.0,3.0,2020
6.5,121.0,119.0,240.0,25.5,,,73.0,224.0,4.75,21.0,33.0,116.0,7.23,4.39,22.0,9.0,2020
6.5,94.0,88.0,182.0,22.5,,,75.0,230.0,4.65,20.0,33.0,122.0,7.09,4.25,23.0,11.0,2020
15.0,237.0,160.0,397.0,44.0,,,75.0,231.0,4.75,24.0,33.0,116.0,7.23,4.39,23.0,6.0,2020
12.5,182.0,174.0,356.0,46.5,,,72.0,234.0,4.74,23.0,31.0,120.0,7.23,4.39,22.0,4.0,2020
4.0,65.0,82.0,147.0,8.0,,,71.0,224.0,4.56,30.0,33.0,120.0,7.23,4.39,22.0,7.0,2020
3.5,106.0,71.0,177.0,13.0,,,75.0,240.0,4.75,24.0,33.0,116.0,7.23,4.39,22.0,3.0,2020
8.0,145.0,99.0,244.0,22.5,,,75.0,238.0,4.74,24.0,29.0,113.0,7.23,4.49,24.0,14.0,2020
5.0,99.0,100.0,199.0,15.0,,,77.0,233.0,4.72,16.0,35.5,123.0,7.23,4.39,22.0,4.0,2020
2.0,168.0,88.0,256.0,22.0,,,73.0,235.0,4.51,14.0,32.5,121.0,7.07,4.24,23.0,3.0,2020
13.5,229.0,97.0,326.0,28.0,,,72.0,235.0,4.75,15.0,33.0,116.0,7.23,4.39,23.0,7.0,2020
22.5,107.0,52.0,159.0,40.0,,,75.0,236.0,4.57,24.0,36.0,126.0,7.23,4.39,23.0,5.0,2020
14.5,71.0,59.0,130.0,22.0,,,76.0,250.0,4.62,17.0,39.0,126.0,7.08,4.21,24.0,0.0,2020
3.0,151.0,86.0,237.0,19.5,,,74.0,236.0,4.69,21.0,35.0,121.0,7.38,4.41,23.0,1.0,2020
6.5,100.0,92.0,192.0,19.0,,,75.0,246.0,4.39,19.0,34.0,126.0,6.89,4.4,22.0,56.0,2021
7.5,129.0,107.0,236.0,29.0,,,76.0,259.0,4.67,19.0,35.0,122.0,7.23,4.36,22.0,24.0,2021
2.5,68.0,76.0,144.0,5.0,,,75.0,234.0,4.47,24.0,42.0,132.0,7.23,4.39,22.0,16.0,2021
7.0,37.0,26.0,63.0,13.5,,,77.0,257.0,4.36,21.0,39.5,134.0,6.83,4.21,22.0,14.0,2021
9.0,37.0,24.0,61.0,14.5,,,77.0,259.0,4.69,22.0,35.0,116.0,7.18,4.36,22.0,22.0,2021
14.0,41.0,30.0,71.0,19.5,,,74.0,249.0,4.63,26.0,30.0,127.0,7.27,4.34,21.0,16.0,2021
7.0,96.0,46.0,142.0,24.5,,,73.0,221.0,4.75,24.0,36.5,124.0,6.8,4.15,21.0,22.0,2021
4.0,141.0,83.0,224.0,16.5,,,71.0,237.0,4.6,24.0,32.0,116.0,7.4,4.5,21.0,30.0,2021
4.0,111.0,74.0,185.0,16.0,,,74.0,238.0,4.58,20.0,39.5,122.0,6.95,4.38,22.0,30.0,2021
11.0,101.0,64.0,165.0,30.5,,,75.0,256.0,4.63,19.0,41.5,131.0,7.23,4.39,21.0,10.0,2021
12.5,115.0,91.0,206.0,22.5,,,74.0,229.0,4.58,25.0,31.0,116.0,7.02,4.16,24.0,1.0,2021
18.0,61.0,49.0,110.0,22.5,,,74.0,249.0,4.75,24.0,33.0,116.0,7.23,4.39,23.0,9.0,2021
2.0,115.0,104.0,219.0,10.5,,,72.0,233.0,4.58,24.0,32.0,121.0,7.34,4.33,22.0,6.0,2021
2.0,111.0,88.0,199.0,10.5,,,73.0,230.0,4.65,24.0,38.5,116.0,7.23,4.39,21.0,13.0,2021
7.0,65.0,45.0,110.0,18.0,,,74.0,245.0,4.58,23.0,40.0,130.0,6.78,4.23,22.0,15.0,2021
10.5,158.0,67.0,225.0,25.0,,,72.0,238.0,4.57,29.0,37.0,119.0,7.23,4.27,22.0,17.0,2021
1.0,39.0,19.0,58.0,6.5,,,75.0,232.0,4.75,24.0,33.0,116.0,7.23,4.39,23.0,2.0,2021
17.5,56.0,69.0,125.0,34.0,,,74.0,244.0,4.75,18.0,33.0,116.0,7.23,4.39,22.0,3.0,2021
14.5,58.0,38.0,96.0,27.0,,,77.0,264.0,4.8,16.0,33.0,117.0,7.23,4.39,23.0,0.0,2021
1.5,15.0,33.0,48.0,4.5,,,74.0,350.0,5.4,24.0,28.5,97.0,8.15,5.05,23.0,0.0,2021
3.0,27.0,22.0,49.0,8.5,,,73.0,296.0,4.97,40.0,32.0,105.0,7.2,4.49,21.0,2.0,2021
9.5,215.0,160.0,375.0,21.0,,,72.0,222.0,4.64,17.0,34.0,114.0,7.15,4.48,22.0,9.0,2021
7.5,36.0,27.0,63.0,11.5,,,78.0,274.0,5.08,21.0,28.5,112.0,7.52,4.55,23.0,6.0,2021
8.5,41.0,33.0,74.0,19.0,,,75.0,313.0,4.9,24.0,28.5,106.0,7.68,4.7,22.0,1.0,2021
9.5,173.0,114.0,287.0,32.5,,,75.0,257.0,4.65,22.0,32.5,122.0,6.87,4.12,22.0,4.0,2021
2.5,64.0,55.0,119.0,13.0,,,72.0,235.0,4.76,24.0,32.5,118.0,7.38,4.4,22.0,10.0,2021
25.0,92.0,100.0,192.0,42.5,,,74.0,254.0,4.68,25.0,29.0,118.0,7.45,4.51,23.0,1.0,2021
21.5,79.0,88.0,167.0,37.0,,,73.0,262.0,4.87,28.0,34.5,115.0,7.25,4.35,21.0,6.0,2021
24.5,93.0,42.0,135.0,40.0,,,78.0,240.0,4.59,16.0,35.0,119.0,6.97,4.41,23.0,5.0,2021
10.0,45.0,31.0,76.0,15.0,,,74.0,253.0,4.69,28.0,33.0,108.0,6.99,4.31,23.0,32.0,2021
19.0,65.0,55.0,120.0,30.5,,,75.0,252.0,4.74,24.0,34.5,119.0,7.14,4.26,23.0,0.0,2021
21.5,59.0,57.0,116.0,30.5,,,74.0,242.0,4.51,24.0,39.0,128.0,6.95,4.28,23.0,2.0,2021
9.5,34.0,31.0,65.0,12.5,,,77.0,272.0,4.51,24.0,35.5,123.0,6.89,4.32,21.0,26.0,2022
18.5,84.0,75.0,159.0,27.5,,,79.0,260.0,4.74,24.0,36.0,117.0,6.73,4.15,22.0,31.0,2022
19.0,84.0,42.0,126.0,33.0,,,76.0,254.0,4.58,27.0,33.0,116.0,7.23,4.39,21.0,24.0,2022
7.0,37.0,54.0,91.0,12.0,,,78.0,341.0,4.78,24.0,32.0,123.0,7.23,4.39,22.0,24.0,2022
5.0,81.0,58.0,139.0,11.0,,,76.0,241.0,4.52,24.0,32.0,122.0,7.23,4.39,22.0,22.0,2022
18.5,54.0,52.0,106.0,26.0,,,77.0,254.0,4.58,24.0,32.0,125.0,7.23,4.39,23.0,19.0,2022
16.5,149.0,106.0,255.0,43.0,,,75.0,237.0,4.66,25.0,35.0,126.0,7.23,4.39,23.0,35.0,2022
5.0,49.0,64.0,113.0,11.0,,,75.0,304.0,4.77,24.0,29.0,111.0,7.23,4.39,24.0,10.0,2022
14.5,64.0,35.0,99.0,30.5,,,76.0,266.0,4.75,21.0,38.0,121.0,7.23,4.36,21.0,27.0,2022
8.0,50.0,49.0,99.0,20.5,,,78.0,283.0,4.88,24.0,30.0,116.0,7.25,4.44,22.0,19.0,2022
2.0,43.0,17.0,60.0,6.5,,,71.0,198.0,4.75,16.0,35.0,116.0,6.74,4.18,23.0,21.0,2022
15.5,76.0,45.0,121.0,28.0,,,74.0,250.0,4.75,21.0,38.0,128.0,7.23,4.39,23.0,10.0,2022
15.0,59.0,28.0,87.0,19.5,,,76.0,261.0,4.53,24.0,38.0,125.0,7.23,4.39,23.0,16.0,2022
11.0,25.0,11.0,36.0,12.0,,,76.0,250.0,4.55,24.0,35.0,122.0,7.23,4.45,22.0,3.0,2022
13.5,73.0,66.0,139.0,37.0,,,75.0,268.0,4.77,24.0,37.5,123.0,7.23,4.39,22.0,9.0,2022
10.5,53.0,76.0,129.0,17.5,,,76.0,310.0,4.75,24.0,23.5,109.0,7.23,4.91,24.0,2.0,2022
20.5,76.0,58.0,134.0,31.5,,,76.0,261.0,4.46,24.0,32.5,123.0,7.23,4.39,23.0,7.0,2022
12.5,56.0,47.0,103.0,25.0,,,75.0,254.0,4.75,24.0,36.5,127.0,7.23,4.39,21.0,3.0,2022
18.5,68.0,49.0,117.0,32.0,,,75.0,248.0,4.54,24.0,35.5,120.0,7.07,4.23,22.0,32.0,2022
5.0,100.0,79.0,179.0,13.0,,,72.0,226.0,4.56,24.0,36.5,124.0,7.23,4.39,22.0,3.0,2022
5.5,147.0,119.0,266.0,19.0,,,75.0,239.0,4.63,27.0,40.0,129.0,7.06,4.28,23.0,6.0,2022
10.0,126.0,95.0,221.0,27.0,,,73.0,226.0,4.44,24.0,34.5,132.0,7.23,4.39,21.0,14.0,2022
8.5,47.0,86.0,133.0,18.0,,,76.0,325.0,4.92,24.0,28.5,110.0,7.33,4.58,22.0,15.0,2022
11.5,48.0,42.0,90.0,20.0,,,77.0,271.0,4.75,15.0,33.0,116.0,7.23,4.39,22.0,11.0,2022
34.0,179.0,170.0,349.0,60.0,,,75.0,243.0,4.75,23.0,33.0,116.0,7.23,4.39,23.0,4.0,2022
7.5,90.0,78.0,168.0,13.5,,,71.0,229.0,4.75,24.0,33.0,116.0,7.23,4.39,21.0,14.0,2022
13.0,59.0,73.0,132.0,25.0,,,76.0,283.0,5.0,24.0,27.5,106.0,7.23,4.49,22.0,4.0,2022
21.0,71.0,84.0,155.0,39.0,,,76.0,267.0,4.75,24.0,33.0,116.0,7.23,4.39,22.0,3.0,2022
16.5,174.0,143.0,317.0,31.5,,,73.0,224.0,4.75,22.0,35.5,123.0,7.03,4.25,23.0,25.0,2022
17.5,39.0,68.0,107.0,27.0,,,76.0,282.0,4.99,19.0,27.5,110.0,7.23,4.39,23.0,9.0,2022
13.5,60.0,55.0,115.0,24.0,,,77.0,228.0,4.67,24.0,33.0,120.0,7.23,4.37,24.0,2.0,2022
12.0,54.0,54.0,108.0,16.0,,,74.0,230.0,4.47,24.0,42.0,129.0,7.23,4.39,22.0,3.0,2022
12.0,106.0,74.0,180.0,25.5,,,75.0,250.0,4.53,24.0,40.5,128.0,7.23,4.39,21.0,20.0,2022
7.0,21.0,22.0,43.0,18.0,,,76.0,290.0,4.89,24.0,33.0,116.0,7.23,4.39,22.0,1.0,2022
15.0,70.0,75.0,145.0,34.5,,,78.0,316.0,4.75,24.0,33.0,107.0,7.23,4.39,24.0,3.0,2022
12.5,52.0,41.0,93.0,21.0,,,77.0,263.0,4.75,24.0,33.0,116.0,7.23,4.39,25.0,13.0,2022
4.0,68.0,64.0,132.0,19.0,,,76.0,250.0,4.52,24.0,37.5,128.0,7.23,4.39,21.0,1.0,2022
7.5,55.0,89.0,144.0,23.0,,,76.0,330.0,5.41,24.0,21.5,116.0,8.41,4.39,23.0,1.0,2022
14.0,149.0,67.0,216.0,37.0,,,73.0,240.0,4.75,21.0,33.0,116.0,7.23,4.39,22.0,18.0,2022
5.0,62.0,75.0,137.0,15.5,,,75.0,327.0,4.75,23.0,28.0,116.0,7.85,4.72,22.0,5.0,2022
10.0,89.0,69.0,158.0,20.5,,,75.0,301.0,4.94,24.0,33.0,110.0,7.33,4.41,22.0,1.0,2022
7.0,28.0,27.0,55.0,11.0,,,75.0,254.0,4.86,24.0,34.0,117.0,7.23,4.39,22.0,0.0,2022
4.5,39.0,40.0,79.0,8.5,,,76.0,324.0,4.75,29.0,33.0,116.0,7.23,4.39,22.0,12.0,2022
11.5,134.0,160.0,294.0,34.0,,,73.0,233.0,4.55,24.0,33.0,125.0,7.23,4.39,24.0,3.0,2022
7.5,50.0,31.0,81.0,13.5,,,77.0,282.0,4.75,24.0,33.0,116.0,7.23,4.39,23.0,0.0,2022
9.5,69.0,83.0,152.0,16.5,,,76.0,297.0,5.0,17.0,32.0,112.0,7.89,4.81,23.0,1.0,2022
10.0,123.0,126.0,249.0,23.5,,,75.0,239.0,4.57,24.0,36.5,127.0,7.12,4.39,22.0,14.0,2022
15.0,73.0,48.0,121.0,24.0,,,76.0,258.0,4.87,24.0,36.5,117.0,7.23,4.39,22.0,12.0,2022
14.0,130.0,103.0,233.0,28.0,,,76.0,237.0,4.75,24.0,36.5,125.0,6.91,4.39,23.0,0.0,2022
10.0,48.0,30.0,78.0,21.5,,,77.0,246.0,4.36,24.0,37.0,131.0,7.23,4.45,23.0,2.0,2022
7.5,113.0,103.0,216.0,22.5,,,74.0,232.0,4.57,24.0,39.5,127.0,7.23,4.39,22.0,0.0,2022
4.0,32.0,29.0,61.0,15.0,,,73.0,302.0,4.75,24.0,33.0,116.0,7.23,4.39,23.0,9.0,2022
18.5,45.0,36.0,81.0,26.5,,,77.0,266.0,4.7,24.0,31.5,117.0,7.23,4.39,23.0,1.0,2022
9.0,99.0,93.0,192.0,22.0,,,72.0,233.0,4.6,24.0,36.0,122.0,7.23,4.39,23.0,5.0,2022
3.0,21.0,39.0,60.0,8.0,,,77.0,333.0,4.75,24.0,29.0,102.0,7.23,4.39,22.0,0.0,2022
18.0,96.0,78.0,174.0,40.0,,,76.0,258.0,4.7,24.0,35.5,122.0,7.21,4.35,23.0,1.0,2022
0.5,85.0,66.0,151.0,11.5,,,75.0,253.0,4.89,24.0,37.5,114.0,7.23,4.39,23.0,3.0,2022
