qb_Cmp,qb_Att,qb_Cmp%,qb_Yds,qb_TD,qb_Int,qb_Y/A,qb_AY/A,qb_Y/G,ht,wt,forty,bench,vertical,broad_jump,cone,shuttle,age,av_class_q,draft_year
807.0,1265.0,63.8,10698.0,100.0,30.0,8.5,8.97,297.2,75.0,229.0,4.81,22.0,33.5,111.0,7.12,4.16,24.0,2,2000
1031.0,1679.0,61.4,12541.0,84.0,51.0,7.5,7.1,291.7,75.0,222.0,5.37,22.0,26.5,98.0,7.8,4.78,23.0,1,2000
326.0,588.0,55.4,4592.0,32.0,16.0,7.8,7.67,120.8,74.0,227.0,4.58,22.0,34.5,113.0,7.09,4.28,22.0,0,2000
0.0,1.0,0.0,0.0,0.0,1.0,0.0,-45.0,0.0,75.0,229.0,4.91,22.0,34.0,108.0,7.71,4.59,22.0,0,2000
395.0,638.0,61.9,4773.0,30.0,17.0,7.5,7.22,164.6,76.0,211.0,5.28,22.0,24.5,99.0,7.2,4.38,23.0,2,2000
465.0,872.0,53.3,6564.0,41.0,24.0,7.5,7.23,182.3,75.0,216.0,5.2,22.0,27.5,99.0,7.17,4.41,22.0,0,2000
1015.0,1552.0,65.4,12746.0,115.0,35.0,8.2,8.68,386.2,72.0,215.0,4.91,22.0,25.5,100.0,7.34,4.21,23.0,1,2000
306.0,536.0,57.1,4820.0,34.0,21.0,9.0,8.5,133.9,72.0,226.0,4.68,22.0,32.25,109.0,7.09,4.28,23.0,0,2000
629.0,1020.0,61.7,8882.0,65.0,39.0,8.7,8.26,206.6,70.0,192.0,4.81,22.0,32.25,106.0,7.09,4.28,23.0,0,2000
177.0,313.0,56.5,3074.0,20.0,11.0,9.8,9.52,153.7,72.0,210.0,4.33,22.0,32.25,112.0,7.09,4.28,21.0,2,2001
942.0,1525.0,61.8,10909.0,81.0,41.0,7.2,7.01,266.1,72.0,213.0,4.83,22.0,32.0,105.0,7.09,4.21,22.0,2,2001
483.0,853.0,56.6,6447.0,35.0,25.0,7.6,7.06,222.3,74.0,225.0,4.58,22.0,35.5,113.0,7.12,4.12,23.0,1,2001
418.0,761.0,54.9,5501.0,31.0,28.0,7.2,6.39,131.0,73.0,223.0,4.71,22.0,35.5,115.0,7.36,4.35,22.0,0,2001
650.0,1107.0,58.7,9839.0,79.0,32.0,8.9,9.01,273.3,76.0,226.0,5.2,22.0,32.25,112.0,7.09,4.28,29.0,1,2001
254.0,479.0,53.0,3755.0,31.0,17.0,7.8,7.54,139.1,74.0,231.0,4.78,22.0,35.5,112.0,7.13,4.29,22.0,0,2001
482.0,974.0,49.5,6608.0,41.0,52.0,6.8,5.22,188.8,74.0,207.0,4.57,22.0,37.5,124.0,7.12,4.12,22.0,1,2001
530.0,845.0,62.7,6927.0,61.0,20.0,8.2,8.58,197.9,75.0,223.0,4.67,22.0,35.0,108.0,7.05,4.28,23.0,2,2002
445.0,813.0,54.7,6057.0,52.0,21.0,7.5,7.57,195.4,76.0,215.0,4.89,22.0,32.0,112.0,7.0,4.21,23.0,2,2002
798.0,1355.0,58.9,9205.0,72.0,51.0,6.8,6.16,263.0,74.0,219.0,5.24,22.0,33.5,112.0,7.12,4.09,23.0,1,2002
340.0,664.0,51.2,4022.0,27.0,34.0,6.1,4.57,134.1,76.0,221.0,4.59,22.0,38.5,120.0,6.85,3.9,23.0,1,2002
666.0,1169.0,57.0,9029.0,60.0,39.0,7.7,7.25,205.2,74.0,235.0,4.82,22.0,33.5,111.0,7.35,4.26,24.0,2,2002
286.0,478.0,59.8,4415.0,29.0,15.0,9.2,9.04,176.6,74.0,245.0,4.74,22.0,32.25,112.0,7.09,4.28,24.0,0,2002
188.0,369.0,50.9,2973.0,25.0,11.0,8.1,8.07,82.6,75.0,224.0,4.77,22.0,31.5,106.0,6.75,3.87,23.0,0,2002
654.0,1205.0,54.3,8206.0,64.0,32.0,6.8,6.68,200.1,74.0,221.0,4.86,22.0,27.0,100.0,7.34,4.5,22.0,0,2002
345.0,695.0,49.6,4987.0,28.0,35.0,7.2,5.72,134.8,74.0,220.0,4.59,22.0,35.0,115.0,7.06,4.11,23.0,2,2002
895.0,1515.0,59.1,11388.0,71.0,49.0,7.5,7.0,223.3,77.0,232.0,4.65,22.0,32.25,112.0,7.09,4.28,23.0,2,2003
939.0,1442.0,65.1,11903.0,89.0,28.0,8.3,8.62,220.4,77.0,241.0,4.85,22.0,32.25,112.0,7.09,4.28,23.0,2,2003
622.0,1301.0,47.8,7980.0,64.0,48.0,6.1,5.46,185.6,75.0,234.0,4.61,22.0,35.5,117.0,7.2,4.02,22.0,2,2003
677.0,1110.0,61.0,9164.0,77.0,36.0,8.3,8.18,261.8,73.0,217.0,5.06,22.0,32.25,112.0,7.09,4.28,23.0,2,2003
685.0,1180.0,58.1,8564.0,74.0,29.0,7.3,7.41,208.9,76.0,249.0,4.99,22.0,30.5,101.0,7.42,4.36,23.0,0,2003
535.0,911.0,58.7,7097.0,58.0,31.0,7.8,7.53,173.1,76.0,220.0,4.84,22.0,31.0,103.0,7.38,4.21,23.0,1,2003
411.0,712.0,57.7,5289.0,26.0,27.0,7.4,6.45,211.6,71.0,196.0,4.56,22.0,38.0,127.0,6.98,4.14,23.0,1,2003
668.0,1153.0,57.9,9565.0,86.0,28.0,8.3,8.69,233.3,77.0,208.0,4.7,22.0,32.25,112.0,7.09,4.28,22.0,0,2003
854.0,1304.0,65.5,10829.0,84.0,34.0,8.3,8.42,285.0,77.0,241.0,4.75,22.0,32.25,112.0,7.09,4.28,22.0,2,2004
570.0,987.0,57.8,6754.0,60.0,27.0,6.8,6.83,177.7,74.0,224.0,4.73,22.0,33.0,116.0,7.09,4.28,23.0,2,2004
716.0,1069.0,67.0,7502.0,56.0,26.0,7.0,6.97,187.6,78.0,243.0,5.04,22.0,30.5,110.0,7.65,4.62,23.0,1,2004
1063.0,1775.0,59.9,12666.0,87.0,62.0,7.1,6.54,294.6,76.0,208.0,4.71,22.0,37.5,125.0,6.74,4.21,23.0,0,2004
326.0,574.0,56.8,4473.0,28.0,20.0,7.8,7.2,139.8,75.0,228.0,4.84,22.0,28.0,112.0,7.22,4.08,23.0,0,2004
744.0,1327.0,56.1,9014.0,70.0,30.0,6.8,6.83,196.0,78.0,246.0,5.19,22.0,26.5,100.0,7.73,4.46,23.0,0,2004
792.0,1373.0,57.7,9916.0,53.0,42.0,7.2,6.62,260.9,75.0,233.0,4.79,22.0,30.5,109.0,7.19,4.3,24.0,0,2004
424.0,778.0,54.5,6165.0,37.0,30.0,7.9,7.14,162.2,74.0,231.0,4.98,22.0,33.5,115.0,6.89,4.11,24.0,0,2004
424.0,665.0,63.8,5469.0,43.0,13.0,8.2,8.64,218.8,74.0,223.0,4.71,22.0,34.5,110.0,7.38,4.28,21.0,2,2005
552.0,854.0,64.6,7299.0,45.0,24.0,8.5,8.34,152.1,77.0,230.0,4.71,22.0,32.25,112.0,7.09,4.28,23.0,2,2005
913.0,1436.0,63.6,11049.0,64.0,32.0,7.7,7.58,240.2,76.0,225.0,4.79,22.0,33.0,113.0,6.94,4.08,24.0,1,2005
777.0,1416.0,54.9,10617.0,85.0,36.0,7.5,7.55,221.2,78.0,233.0,4.86,22.0,32.25,112.0,7.09,4.28,23.0,0,2005
748.0,1262.0,59.3,8918.0,61.0,24.0,7.1,7.18,207.4,76.0,233.0,5.06,22.0,26.5,112.0,7.38,4.52,22.0,1,2005
916.0,1567.0,58.5,10706.0,84.0,51.0,6.8,6.44,232.7,77.0,225.0,4.93,22.0,29.5,107.0,7.33,4.39,22.0,1,2005
634.0,1023.0,61.849999999999994,8198.0,60.0,24.0,7.85,7.9,206.85,74.0,232.0,4.86,22.0,30.5,105.0,7.09,4.07,22.0,0,2005
444.0,718.0,61.8,6040.0,44.0,28.0,8.4,7.88,163.2,77.0,229.0,4.48,22.0,32.25,112.0,7.09,4.28,23.0,2,2006
807.0,1245.0,64.8,10693.0,99.0,23.0,8.6,9.35,274.2,77.0,223.0,4.9,22.0,32.25,112.0,7.09,4.28,23.0,1,2006
710.0,1242.0,57.2,8697.0,59.0,36.0,7.0,6.65,193.3,75.0,226.0,4.77,23.0,32.25,112.0,7.1,4.26,23.0,2,2006
613.0,1005.0,61.0,7555.0,61.0,24.0,7.5,7.66,204.2,74.0,224.0,4.89,22.0,32.25,112.0,7.09,4.28,23.0,1,2006
17.0,48.0,35.4,196.0,1.0,3.0,4.1,1.69,17.8,74.0,226.0,4.69,22.0,31.5,107.0,7.4,4.38,23.0,1,2006
817.0,1368.0,59.7,9665.0,49.0,46.0,7.1,6.27,219.7,77.0,223.0,4.75,22.0,33.0,112.0,7.0,4.11,24.0,0,2006
488.0,869.0,56.2,6382.0,41.0,22.0,7.3,7.15,163.6,74.0,205.0,4.88,22.0,30.5,104.0,7.34,4.25,23.0,0,2006
54.0,87.0,62.1,750.0,3.0,2.0,8.6,8.28,46.9,74.0,220.0,4.71,22.0,36.0,111.0,7.13,4.17,24.0,0,2006
478.0,875.0,54.6,6992.0,44.0,23.0,8.0,7.81,166.5,74.0,198.0,4.4,22.0,32.0,121.0,6.96,4.25,22.0,0,2006
766.0,1123.0,68.2,9225.0,85.0,27.0,8.2,8.65,188.3,73.0,217.0,4.59,22.0,34.0,107.0,7.12,4.16,23.0,1,2006
493.0,797.0,61.9,6625.0,52.0,21.0,8.3,8.43,184.0,77.0,265.0,4.83,22.0,32.25,112.0,7.09,4.28,22.0,1,2007
929.0,1602.0,58.0,11762.0,95.0,39.0,7.3,7.43,240.0,76.0,232.0,4.73,24.0,32.25,112.0,7.09,4.28,22.0,1,2007
964.0,1565.0,61.6,12964.0,85.0,31.0,8.3,8.48,259.3,75.0,218.0,4.85,22.0,32.5,112.0,6.94,4.44,23.0,1,2007
885.0,1418.0,62.4,11021.0,79.0,34.0,7.8,7.81,256.3,74.0,215.0,4.75,22.0,29.5,111.0,6.81,4.17,26.0,0,2007
543.0,846.0,64.2,6524.0,42.0,28.0,7.7,7.22,145.0,75.0,226.0,4.75,22.0,30.5,108.0,6.77,4.41,23.0,1,2007
487.0,865.0,56.3,5429.0,36.0,33.0,6.3,5.39,155.1,76.0,231.0,4.76,19.0,32.25,112.0,7.14,4.46,23.0,1,2007
269.0,523.0,51.4,3868.0,22.0,12.0,7.4,7.2,107.4,74.0,216.0,4.6,22.0,32.25,112.0,7.09,4.28,23.0,0,2007
420.0,670.0,62.7,5720.0,54.0,13.0,8.5,9.28,133.0,72.0,225.0,4.72,22.0,32.25,112.0,7.09,4.28,23.0,0,2007
807.0,1347.0,59.9,9313.0,56.0,37.0,6.9,6.51,216.6,77.0,228.0,4.89,22.0,32.25,112.0,7.4,4.51,23.0,2,2008
1.0,4.0,25.0,11.0,0.0,0.0,2.8,2.75,3.7,78.0,236.0,4.84,22.0,28.5,110.0,6.82,4.27,23.0,2,2008
828.0,1387.0,59.7,9715.0,87.0,37.0,7.0,7.06,206.7,75.0,230.0,4.92,22.0,25.5,106.0,7.17,4.4,23.0,2,2008
664.0,1151.0,57.7,7689.0,46.0,34.0,6.7,6.15,197.2,77.0,225.0,4.61,22.0,31.0,113.0,7.01,4.38,23.0,0,2008
444.0,695.0,63.9,5129.0,38.0,21.0,7.4,7.11,128.2,75.0,195.0,4.58,22.0,32.25,112.0,7.09,4.28,23.0,0,2008
634.0,1023.0,61.849999999999994,8198.0,60.0,24.0,7.85,7.9,206.85,75.0,213.0,4.53,22.0,33.5,110.0,7.56,4.42,22.0,1,2008
245.0,437.0,56.1,3096.0,31.0,13.0,7.1,7.16,75.5,74.0,231.0,4.79,22.0,28.0,109.0,7.21,4.34,23.0,1,2008
564.0,987.0,57.1,7731.0,51.0,33.0,7.8,7.36,198.2,74.0,225.0,4.81,22.0,30.5,107.0,7.06,4.47,21.0,2,2009
313.0,487.0,64.3,3965.0,41.0,16.0,8.1,8.35,146.9,74.0,227.0,4.93,22.0,32.5,116.0,7.06,4.21,22.0,2,2009
680.0,1151.0,59.1,8078.0,44.0,34.0,7.0,6.45,230.8,78.0,248.0,4.9,22.0,33.5,119.0,7.11,4.43,21.0,2,2009
507.0,783.0,64.8,6049.0,56.0,23.0,7.7,7.83,123.4,72.0,197.0,4.55,22.0,35.0,117.0,7.06,4.42,23.0,0,2009
485.0,815.0,59.5,5475.0,28.0,13.0,6.7,6.69,136.9,75.0,225.0,4.61,22.0,33.0,112.0,7.34,4.49,23.0,0,2009
987.0,1648.0,59.9,11163.0,67.0,46.0,6.8,6.33,242.7,75.0,225.0,4.87,22.0,29.0,102.0,7.0,4.48,24.0,0,2009
604.0,893.0,67.6,8403.0,88.0,16.0,9.4,10.57,271.1,76.0,236.0,4.79,22.0,32.25,112.0,7.09,4.28,22.0,2,2010
661.0,995.0,66.4,9285.0,88.0,16.0,9.3,10.38,168.8,75.0,236.0,4.71,22.0,38.5,115.0,6.66,4.17,23.0,1,2010
695.0,1110.0,62.6,8148.0,60.0,27.0,7.3,7.33,232.8,75.0,222.0,4.76,22.0,32.25,112.0,7.09,4.28,22.0,0,2010
1157.0,1645.0,70.3,13253.0,112.0,45.0,8.1,8.19,250.1,73.0,216.0,4.79,22.0,32.25,114.0,7.09,4.28,24.0,1,2010
408.0,637.0,64.1,4265.0,19.0,20.0,6.7,5.88,142.2,75.0,225.0,4.93,22.0,32.0,110.0,6.96,4.37,23.0,0,2010
634.0,1023.0,61.849999999999994,8198.0,60.0,24.0,7.85,7.9,206.85,77.0,243.0,4.85,22.0,33.5,108.0,7.17,4.33,22.0,1,2010
421.0,682.0,61.7,5018.0,49.0,20.0,7.4,7.48,185.9,78.0,223.0,4.9,22.0,28.5,108.0,7.06,4.53,24.0,0,2010
522.0,830.0,62.9,6284.0,38.0,12.0,7.6,7.84,273.2,75.0,229.0,4.93,20.0,31.5,106.0,7.07,4.43,23.0,0,2010
191.0,292.0,65.4,2908.0,30.0,7.0,10.0,10.93,145.4,77.0,248.0,4.56,22.0,35.0,126.0,6.92,4.18,22.0,2,2011
619.0,1147.0,54.0,7639.0,53.0,35.0,6.7,6.21,191.0,74.0,231.0,4.51,22.0,35.0,120.0,6.77,4.12,23.0,1,2011
568.0,933.0,60.9,6822.0,40.0,18.0,7.3,7.3,220.1,76.0,234.0,4.61,22.0,33.5,120.0,6.84,4.26,21.0,1,2011
596.0,965.0,61.8,6872.0,49.0,30.0,7.1,6.74,196.3,74.0,229.0,4.63,22.0,34.0,116.0,6.85,4.09,23.0,2,2011
812.0,1317.0,61.7,10314.0,71.0,30.0,7.8,7.88,206.3,74.0,215.0,4.83,22.0,29.5,106.0,6.93,4.27,23.0,2,2011
740.0,1271.0,58.2,10098.0,82.0,24.0,7.9,8.39,198.0,77.0,233.0,4.53,22.0,32.5,115.0,6.85,4.18,23.0,2,2011
552.0,955.0,57.8,8385.0,69.0,24.0,8.8,9.09,226.6,79.0,253.0,5.37,22.0,24.0,103.0,7.09,4.28,23.0,0,2011
795.0,1277.0,62.3,9377.0,58.0,46.0,7.3,6.63,208.4,75.0,219.0,5.06,22.0,29.5,104.0,6.96,4.12,24.0,1,2011
495.0,865.0,57.2,7017.0,44.0,20.0,8.1,8.09,140.3,73.0,217.0,4.47,22.0,37.5,126.0,6.78,4.09,22.0,0,2011
436.0,658.0,66.3,5691.0,39.0,10.0,8.6,9.15,162.6,74.0,220.0,4.84,22.0,33.0,107.0,7.11,4.45,23.0,0,2011
713.0,1064.0,67.0,9430.0,82.0,22.0,8.9,9.47,248.2,76.0,234.0,4.59,22.0,36.0,124.0,6.8,4.28,22.0,2,2012
800.0,1192.0,67.1,10366.0,78.0,17.0,8.7,9.36,252.8,74.0,223.0,4.33,22.0,39.0,120.0,7.09,4.28,22.0,2,2012
479.0,765.0,62.6,5382.0,42.0,21.0,7.0,6.9,207.0,76.0,221.0,4.65,22.0,32.25,112.0,7.09,4.28,24.0,2,2012
767.0,1103.0,69.5,9260.0,75.0,27.0,8.4,8.65,308.7,75.0,221.0,4.89,22.0,32.25,112.0,7.09,4.28,28.0,1,2012
412.0,680.0,60.6,5082.0,33.0,15.0,7.5,7.45,203.3,79.0,242.0,4.83,22.0,32.25,112.0,7.09,4.28,21.0,1,2012
907.0,1489.0,60.9,11720.0,109.0,30.0,7.9,8.43,234.4,71.0,204.0,4.53,22.0,34.0,118.0,6.97,4.09,23.0,2,2012
938.0,1404.0,66.8,10068.0,67.0,33.0,7.2,7.07,279.7,77.0,243.0,5.14,22.0,30.5,112.0,7.09,4.28,23.0,2,2012
723.0,1128.0,64.1,9131.0,66.0,30.0,8.1,8.07,202.9,75.0,214.0,4.84,22.0,28.5,109.0,7.05,4.5,24.0,2,2012
961.0,1732.0,55.5,12690.0,90.0,47.0,7.3,7.14,259.0,76.0,229.0,4.86,22.0,29.5,108.0,7.52,4.45,23.0,0,2012
600.0,897.0,66.9,7741.0,47.0,28.0,8.6,8.27,180.0,77.0,237.0,4.65,22.0,34.0,118.0,7.08,4.21,23.0,1,2013
988.0,1465.0,67.4,11662.0,98.0,21.0,8.0,8.65,265.0,74.0,218.0,4.58,22.0,33.5,124.0,7.09,4.28,22.0,1,2013
646.0,1069.0,60.4,7411.0,63.0,31.0,6.9,6.81,205.9,79.0,225.0,4.94,22.0,26.5,102.0,7.49,4.52,23.0,1,2013
1001.0,1562.0,64.1,12327.0,116.0,48.0,7.9,7.99,262.3,74.0,227.0,4.91,22.0,32.25,112.0,7.09,4.28,22.0,0,2013
791.0,1312.0,60.3,9190.0,70.0,28.0,7.0,7.11,195.5,74.0,227.0,5.06,22.0,28.5,105.0,7.34,4.53,23.0,0,2013
1388.0,2183.0,63.6,16646.0,123.0,52.0,7.6,7.68,314.1,76.0,225.0,5.11,22.0,31.0,115.0,7.12,4.3,24.0,1,2013
898.0,1389.0,64.7,9465.0,51.0,40.0,6.8,6.25,225.4,75.0,219.0,4.76,22.0,32.25,112.0,7.09,4.28,23.0,0,2013
585.0,891.0,65.7,7598.0,56.0,19.0,8.5,8.82,205.4,77.0,232.0,4.93,22.0,32.5,115.0,7.08,4.21,22.0,2,2014
595.0,863.0,68.9,7820.0,63.0,22.0,9.1,9.37,300.8,72.0,207.0,4.68,22.0,31.5,113.0,6.75,4.03,21.0,1,2014
781.0,1142.0,68.4,9817.0,72.0,24.0,8.6,8.91,251.7,74.0,214.0,4.795,22.0,30.0,113.0,7.17,4.2,21.0,2,2014
1087.0,1630.0,66.7,12843.0,113.0,24.0,7.9,8.6,291.9,74.0,214.0,4.69,22.0,34.5,110.0,7.09,4.2,23.0,2,2014
634.0,1023.0,61.849999999999994,8198.0,60.0,24.0,7.85,7.9,206.85,74.0,226.0,4.97,22.0,30.5,110.0,7.04,4.26,22.0,0,2014
693.0,1248.0,55.5,9003.0,52.0,39.0,7.2,6.64,191.6,78.0,248.0,4.61,22.0,35.5,118.0,7.05,4.18,23.0,0,2014
430.0,757.0,56.8,5690.0,37.0,19.0,7.5,7.36,183.5,76.0,228.0,4.97,22.0,27.0,105.0,7.33,4.36,24.0,1,2014
686.0,1026.0,66.9,9019.0,77.0,15.0,8.8,9.63,170.2,75.0,220.0,4.94,22.0,28.0,99.0,7.18,4.34,23.0,1,2014
407.0,659.0,61.8,5783.0,35.0,15.0,8.8,8.81,192.8,77.0,224.0,4.795,22.0,32.25,112.0,7.09,4.28,23.0,0,2014
639.0,938.0,68.1,8382.0,66.0,22.0,8.9,9.29,335.3,74.0,212.0,4.99,22.0,28.0,103.0,7.55,4.5,23.0,0,2014
562.0,851.0,66.0,7964.0,65.0,28.0,9.4,9.41,295.0,76.0,231.0,4.97,22.0,28.5,103.0,7.16,4.36,21.0,2,2015
779.0,1167.0,66.8,10796.0,105.0,14.0,9.3,10.51,263.3,76.0,222.0,4.52,22.0,36.0,121.0,6.87,4.11,21.0,2,2015
1187.0,1838.0,64.6,13600.0,83.0,54.0,7.4,6.98,289.4,78.0,229.0,5.14,22.0,31.0,105.0,7.29,4.39,23.0,0,2015
530.0,845.0,62.7,8195.0,62.0,10.0,9.7,10.63,221.5,75.0,230.0,4.87,22.0,34.0,121.0,6.91,4.13,24.0,1,2015
837.0,1241.0,67.4,9966.0,75.0,25.0,8.0,8.33,249.2,75.0,226.0,4.63,22.0,36.0,120.0,6.93,3.98,22.0,1,2015
977.0,1569.0,62.3,12200.0,96.0,30.0,7.8,8.14,329.7,76.0,215.0,4.82,22.0,27.0,110.0,7.17,4.47,21.0,2,2016
634.0,1023.0,61.849999999999994,8198.0,60.0,24.0,7.85,7.9,206.85,77.0,237.0,4.77,22.0,30.5,118.0,6.86,4.15,23.0,2,2016
758.0,1205.0,62.9,8863.0,59.0,23.0,7.4,7.48,233.2,79.0,244.0,4.86,22.0,36.0,118.0,7.14,4.26,22.0,0,2016
499.0,839.0,59.5,5723.0,46.0,15.0,6.8,7.11,146.7,76.0,231.0,4.94,22.0,31.0,113.0,7.17,4.53,23.0,0,2016
851.0,1261.0,67.5,10339.0,88.0,19.0,8.2,8.92,202.7,73.0,220.0,4.89,22.0,29.5,104.0,7.32,4.0,23.0,1,2016
673.0,1170.0,57.5,9194.0,71.0,22.0,7.9,8.23,213.8,76.0,217.0,4.79,22.0,33.0,113.0,7.21,4.28,23.0,0,2016
734.0,1169.0,62.8,9376.0,70.0,23.0,8.0,8.33,191.3,74.0,226.0,4.79,22.0,32.5,116.0,7.11,4.32,23.0,2,2016
160.0,257.0,62.3,2209.0,13.0,7.0,8.6,8.38,96.0,77.0,253.0,4.81,22.0,36.0,112.0,7.09,4.28,23.0,0,2016
386.0,572.0,67.5,4762.0,41.0,10.0,8.3,8.97,140.1,74.0,222.0,4.67,22.0,27.5,116.0,6.87,4.25,23.0,2,2017
857.0,1349.0,63.5,11252.0,93.0,29.0,8.3,8.75,351.6,74.0,225.0,4.8,22.0,30.0,114.0,6.88,4.08,21.0,2,2017
814.0,1207.0,67.4,10163.0,90.0,32.0,8.4,8.72,267.4,74.0,221.0,4.66,22.0,32.5,119.0,6.95,4.31,21.0,2,2017
423.0,696.0,60.8,5809.0,47.0,19.0,8.3,8.47,232.4,76.0,233.0,4.83,22.0,30.5,107.0,7.4,4.53,21.0,1,2017
841.0,1367.0,61.5,9852.0,83.0,34.0,7.2,7.3,281.5,77.0,229.0,4.79,22.0,33.0,118.0,6.92,4.21,22.0,0,2017
454.0,782.0,58.1,5562.0,40.0,19.0,7.1,7.04,135.7,74.0,219.0,4.795,22.0,31.0,113.0,7.09,4.28,23.0,1,2017
614.0,999.0,61.5,7138.0,53.0,29.0,7.1,6.9,192.9,75.0,216.0,4.64,22.0,33.0,122.0,6.75,4.31,22.0,0,2017
398.0,663.0,60.0,5236.0,47.0,17.0,7.9,8.16,145.4,74.0,226.0,4.82,22.0,31.0,110.0,7.14,4.31,23.0,0,2017
1026.0,1497.0,68.5,14607.0,131.0,30.0,9.8,10.61,304.3,73.0,215.0,4.84,22.0,29.0,111.0,7.0,4.28,23.0,2,2018
549.0,846.0,64.9,7229.0,57.0,22.0,8.5,8.72,267.7,75.0,221.0,4.85,22.0,26.5,105.0,6.96,4.4,21.0,1,2018
365.0,649.0,56.2,5066.0,44.0,21.0,7.8,7.71,187.6,77.0,237.0,4.75,22.0,33.5,119.0,6.9,4.4,22.0,2,2018
712.0,1170.0,60.9,9341.0,59.0,26.0,8.0,7.99,311.4,76.0,226.0,4.92,22.0,31.0,111.0,7.09,4.28,21.0,0,2018
619.0,1086.0,57.0,9043.0,69.0,27.0,8.3,8.48,238.0,74.0,216.0,4.795,22.0,32.25,112.0,7.09,4.28,21.0,2,2018
915.0,1447.0,63.2,13618.0,92.0,26.0,9.4,9.87,324.2,77.0,235.0,4.9,22.0,26.0,112.0,7.09,4.28,23.0,1,2018
634.0,1023.0,61.849999999999994,8198.0,60.0,24.0,7.85,7.9,206.85,75.0,222.0,4.81,22.0,31.0,113.0,6.95,4.07,23.0,0,2018
350.0,519.0,67.4,5406.0,50.0,14.0,10.4,11.13,186.4,70.0,207.0,4.795,22.0,32.25,112.0,7.09,4.28,22.0,2,2019
764.0,1275.0,59.9,8201.0,52.0,29.0,6.4,6.22,227.8,77.0,221.0,4.81,22.0,33.5,120.0,7.0,4.41,22.0,2,2019
413.0,590.0,70.0,5396.0,54.0,9.0,9.1,10.29,245.3,75.0,231.0,5.04,22.0,28.5,112.0,7.09,4.28,22.0,1,2019
883.0,1553.0,56.9,12193.0,99.0,39.0,7.9,8.0,243.9,76.0,228.0,4.69,22.0,31.0,112.0,7.03,4.12,22.0,1,2019
622.0,946.0,65.8,8558.0,81.0,23.0,9.0,9.66,305.6,74.0,217.0,4.84,22.0,34.0,112.0,7.09,4.28,24.0,0,2019
939.0,1462.0,64.2,11147.0,63.0,30.0,7.6,7.56,237.2,76.0,213.0,4.73,22.0,30.5,116.0,7.2,4.2,24.0,0,2019
545.0,848.0,64.3,7217.0,48.0,13.0,8.5,8.95,195.1,74.0,218.0,4.81,22.0,31.0,110.0,7.28,4.33,23.0,0,2019
634.0,1023.0,61.849999999999994,8198.0,60.0,24.0,7.85,7.9,206.85,73.0,224.0,4.62,22.0,33.5,118.0,6.65,4.05,23.0,1,2019
761.0,1168.0,65.2,8266.0,62.0,20.0,7.1,7.37,275.5,73.0,225.0,4.97,22.0,33.5,116.0,7.14,4.45,23.0,2,2019
720.0,1215.0,59.3,9899.0,77.0,25.0,8.1,8.49,210.6,72.0,202.0,4.57,22.0,33.0,115.0,7.09,4.12,24.0,0,2019
650.0,945.0,68.8,8852.0,78.0,11.0,9.4,10.49,227.0,75.0,221.0,4.795,22.0,32.25,112.0,7.09,4.28,23.0,2,2020
474.0,684.0,69.3,7442.0,87.0,11.0,10.9,12.7,225.5,72.0,217.0,4.795,22.0,32.25,112.0,7.09,4.28,22.0,2,2020
827.0,1293.0,64.0,10541.0,95.0,23.0,8.2,8.82,239.6,78.0,236.0,4.68,22.0,35.5,123.0,7.06,4.46,22.0,2,2020
689.0,1125.0,61.2,8600.0,60.0,29.0,7.6,7.55,226.3,76.0,224.0,4.74,22.0,35.5,118.0,7.21,4.52,21.0,2,2020
682.0,1046.0,65.2,9477.0,80.0,20.0,9.1,9.73,169.2,73.0,222.0,4.59,22.0,35.0,125.0,7.09,4.28,22.0,2,2020
468.0,782.0,59.8,5590.0,39.0,16.0,7.1,7.23,180.3,78.0,231.0,4.89,22.0,27.5,110.0,7.5,4.75,22.0,0,2020
494.0,795.0,62.1,5610.0,43.0,15.0,7.1,7.29,181.0,78.0,224.0,4.795,22.0,32.25,112.0,7.09,4.28,24.0,0,2020
758.0,1138.0,66.6,10098.0,90.0,17.0,8.9,9.78,252.5,77.0,213.0,4.795,22.0,32.25,112.0,7.09,4.28,21.0,2,2021
566.0,837.0,67.6,7652.0,56.0,15.0,9.1,9.67,255.1,74.0,214.0,4.795,22.0,32.25,112.0,7.09,4.28,22.0,1,2021
634.0,1023.0,61.849999999999994,8198.0,60.0,24.0,7.85,7.9,206.85,75.0,224.0,4.795,22.0,32.25,112.0,7.09,4.28,21.0,1,2021
423.0,618.0,68.4,5701.0,67.0,9.0,9.2,10.74,167.7,74.0,227.0,4.45,22.0,32.25,112.0,7.09,4.28,22.0,2,2021
413.0,556.0,74.3,6126.0,56.0,7.0,11.0,12.47,157.1,74.0,217.0,4.72,22.0,32.0,116.0,7.04,4.39,23.0,2,2021
552.0,813.0,67.9,7386.0,69.0,15.0,9.1,9.95,263.8,77.0,236.0,5.1,22.0,31.5,113.0,7.08,4.6,23.0,0,2021
287.0,438.0,65.5,3468.0,18.0,8.0,7.9,7.92,247.7,75.0,217.0,4.82,22.0,32.0,110.0,6.95,4.4,22.0,2,2021
728.0,1141.0,63.8,8948.0,72.0,20.0,7.8,8.32,190.4,72.0,211.0,4.65,22.0,32.5,115.0,6.99,4.19,23.0,0,2021
923.0,1476.0,62.5,11436.0,94.0,27.0,7.7,8.2,248.6,73.0,220.0,4.84,22.0,36.5,114.0,7.15,4.44,22.0,0,2021
1045.0,1674.0,62.4,12303.0,81.0,32.0,7.3,7.46,236.6,75.0,217.0,4.73,22.0,33.5,121.0,7.09,4.29,24.0,1,2022
810.0,1304.0,62.1,10239.0,87.0,28.0,7.9,8.22,204.8,75.0,211.0,4.52,22.0,36.0,127.0,7.15,4.29,23.0,1,2022
388.0,618.0,62.8,5191.0,48.0,18.0,8.4,8.64,136.6,73.0,219.0,4.795,22.0,32.25,112.0,7.09,4.28,23.0,0,2022
475.0,687.0,69.1,5967.0,62.0,11.0,8.7,9.77,426.2,73.0,215.0,4.88,22.0,30.0,109.0,7.19,4.4,23.0,0,2022
713.0,1117.0,63.8,10283.0,92.0,23.0,9.2,9.93,277.9,73.0,218.0,4.795,22.0,32.25,112.0,7.09,4.28,21.0,1,2022
552.0,885.0,62.4,7134.0,42.0,16.0,8.1,8.2,158.5,74.0,217.0,4.91,22.0,31.0,112.0,7.0,4.28,25.0,1,2022
993.0,1467.0,67.7,12170.0,81.0,33.0,8.3,8.39,253.5,73.0,212.0,4.84,22.0,27.0,112.0,7.21,4.45,22.0,2,2022
634.0,1023.0,61.849999999999994,8198.0,60.0,24.0,7.85,7.9,206.85,70.0,204.0,4.795,22.0,32.25,112.0,7.09,4.28,22.0,2,2023
634.0,1023.0,61.849999999999994,8198.0,60.0,24.0,7.85,7.9,206.85,75.0,214.0,4.795,22.0,32.25,112.0,7.09,4.28,21.0,2,2023
634.0,1023.0,61.849999999999994,8198.0,60.0,24.0,7.85,7.9,206.85,76.0,244.0,4.43,22.0,40.5,129.0,7.09,4.28,21.0,1,2023
634.0,1023.0,61.849999999999994,8198.0,60.0,24.0,7.85,7.9,206.85,76.0,229.0,4.795,22.0,34.0,124.0,7.09,4.28,24.0,1,2023
634.0,1023.0,61.849999999999994,8198.0,60.0,24.0,7.85,7.9,206.85,75.0,217.0,4.795,22.0,32.25,112.0,7.09,4.28,25.0,0,2023
634.0,1023.0,61.849999999999994,8198.0,60.0,24.0,7.85,7.9,206.85,72.0,207.0,4.795,22.0,35.0,114.0,7.01,4.28,24.0,0,2023
634.0,1023.0,61.849999999999994,8198.0,60.0,24.0,7.85,7.9,206.85,75.0,213.0,4.795,22.0,32.25,112.0,7.09,4.28,25.0,1,2023
634.0,1023.0,61.849999999999994,8198.0,60.0,24.0,7.85,7.9,206.85,75.0,220.0,4.64,22.0,37.5,122.0,6.89,4.25,24.0,0,2023
634.0,1023.0,61.849999999999994,8198.0,60.0,24.0,7.85,7.9,206.85,74.0,203.0,4.56,22.0,32.5,121.0,7.28,4.44,23.0,0,2023
634.0,1023.0,61.849999999999994,8198.0,60.0,24.0,7.85,7.9,206.85,72.0,207.0,4.795,22.0,32.25,112.0,7.09,4.28,25.0,0,2023
634.0,1023.0,61.849999999999994,8198.0,60.0,24.0,7.85,7.9,206.85,78.0,231.0,4.795,22.0,33.0,114.0,7.22,4.41,23.0,0,2023
634.0,1023.0,61.849999999999994,8198.0,60.0,24.0,7.85,7.9,206.85,73.0,214.0,4.795,22.0,32.25,112.0,7.09,4.28,22.0,2,2024
634.0,1023.0,61.849999999999994,8198.0,60.0,24.0,7.85,7.9,206.85,76.0,210.0,4.795,22.0,32.25,112.0,7.09,4.28,23.0,2,2024
634.0,1023.0,61.849999999999994,8198.0,60.0,24.0,7.85,7.9,206.85,76.0,223.0,4.795,22.0,32.25,112.0,7.09,4.28,22.0,2,2024
634.0,1023.0,61.849999999999994,8198.0,60.0,24.0,7.85,7.9,206.85,74.0,216.0,4.795,22.0,32.25,112.0,7.09,4.28,24.0,1,2024
634.0,1023.0,61.849999999999994,8198.0,60.0,24.0,7.85,7.9,206.85,75.0,219.0,4.795,22.0,32.25,112.0,6.82,4.23,21.0,1,2024
634.0,1023.0,61.849999999999994,8198.0,60.0,24.0,7.85,7.9,206.85,74.0,214.0,4.795,22.0,32.25,112.0,7.09,4.28,24.0,2,2024
634.0,1023.0,61.849999999999994,8198.0,60.0,24.0,7.85,7.9,206.85,72.0,211.0,4.95,22.0,32.0,108.0,7.21,4.37,23.0,1,2024
634.0,1023.0,61.849999999999994,8198.0,60.0,24.0,7.85,7.9,206.85,77.0,235.0,4.795,22.0,35.0,121.0,7.09,4.28,24.0,0,2024
634.0,1023.0,61.849999999999994,8198.0,60.0,24.0,7.85,7.9,206.85,74.0,219.0,4.795,22.0,32.25,112.0,7.09,4.28,23.0,1,2025
634.0,1023.0,61.849999999999994,8198.0,60.0,24.0,7.85,7.9,206.85,74.0,223.0,4.795,22.0,32.25,112.0,7.09,4.28,22.0,1,2025
634.0,1023.0,61.849999999999994,8198.0,60.0,24.0,7.85,7.9,206.85,77.0,219.0,4.63,22.0,32.0,117.0,7.09,4.28,25.0,1,2025
634.0,1023.0,61.849999999999994,8198.0,60.0,24.0,7.85,7.9,206.85,74.0,217.0,4.795,22.0,32.25,112.0,7.09,4.28,22.0,0,2025
634.0,1023.0,61.849999999999994,8198.0,60.0,24.0,7.85,7.9,206.85,71.0,205.0,4.795,22.0,32.25,112.0,7.09,4.28,24.0,0,2025
634.0,1023.0,61.849999999999994,8198.0,60.0,24.0,7.85,7.9,206.85,74.0,212.0,4.795,22.0,32.25,112.0,7.09,4.28,23.0,0,2025
634.0,1023.0,61.849999999999994,8198.0,60.0,24.0,7.85,7.9,206.85,76.0,216.0,4.795,22.0,32.25,112.0,7.09,4.28,22.0,0,2025
634.0,1023.0,61.849999999999994,8198.0,60.0,24.0,7.85,7.9,206.85,74.0,214.0,4.795,22.0,32.25,112.0,7.09,4.28,22.0,0,2025
