rec_Rec,rec_Yds,rec_Y/R,rec_TD,rec_Y/G,ht,wt,forty,bench,vertical,broad_jump,cone,shuttle,age,dr_av,draft_year
77.0,1038.0,13.5,12.0,30.5,78.0,265.0,4.85,21.0,33.5,117.0,7.1,4.32,22.0,19.0,2000
77.0,1091.0,14.2,11.0,28.7,78.0,270.0,4.78,21.0,33.5,123.0,6.94,4.08,23.0,10.0,2000
39.0,507.0,13.0,5.0,11.5,78.0,272.0,4.9,21.0,33.5,117.0,7.1,4.32,23.0,15.0,2000
25.0,348.0,13.9,1.0,10.5,76.0,254.0,4.66,21.0,32.5,121.0,6.97,4.18,22.0,0.0,2000
59.0,645.0,10.9,2.0,14.7,75.0,255.0,4.75,31.0,33.5,117.0,7.1,4.32,22.0,0.0,2000
107.0,1619.0,15.1,10.0,49.1,77.0,252.0,4.68,21.0,33.5,117.0,7.1,4.32,21.0,42.0,2001
68.0,760.0,11.2,5.0,18.1,74.0,266.0,4.76,22.0,34.0,112.0,7.38,4.43,23.0,38.0,2001
56.0,580.0,10.4,5.0,18.7,76.0,255.0,4.73,14.0,36.0,117.0,7.37,4.18,23.0,0.0,2001
18.0,227.0,12.6,1.0,7.6,77.0,256.0,4.85,20.0,34.0,113.0,7.14,4.15,23.0,3.0,2001
40.0,544.0,13.6,3.0,12.4,74.0,275.0,4.99,21.0,30.0,106.0,7.49,4.26,21.0,6.0,2001
54.0,544.0,10.1,5.0,12.4,76.0,255.0,4.76,22.0,33.0,106.0,7.12,4.19,22.0,0.0,2001
59.0,861.0,14.6,3.0,19.1,77.0,256.0,4.96,21.0,35.5,109.0,7.3,4.4,22.0,0.0,2001
32.0,383.0,12.0,4.0,9.3,76.0,252.0,5.02,16.0,32.0,113.0,7.4,4.31,24.0,0.0,2001
61.0,815.0,13.4,10.0,38.8,77.0,255.0,4.64,21.0,33.5,117.0,7.1,4.32,22.0,35.0,2002
106.0,1543.0,14.6,11.0,36.7,75.0,248.0,4.64,21.0,36.0,118.0,7.1,4.32,23.0,13.0,2002
74.0,953.0,12.9,8.0,35.3,79.0,265.0,4.77,21.0,33.5,117.0,7.1,4.32,22.0,13.0,2002
52.0,768.0,14.8,11.0,23.3,76.0,251.0,4.6,18.0,38.0,117.0,6.9,4.18,23.0,9.0,2002
27.0,378.0,14.0,6.0,14.0,77.0,263.0,4.72,21.0,34.5,117.0,7.1,4.32,23.0,8.0,2002
127.0,1640.0,12.9,13.0,37.3,75.0,258.0,4.81,18.0,35.0,112.0,6.95,4.32,22.0,12.0,2002
54.0,830.0,15.4,12.0,25.2,76.0,255.0,4.75,21.0,29.0,110.0,7.34,4.29,23.0,2.0,2002
90.0,1213.0,13.5,5.0,37.9,75.0,247.0,4.88,18.0,29.5,112.0,7.58,4.28,23.0,25.0,2002
53.0,598.0,11.3,0.0,13.9,79.0,270.0,4.76,22.0,32.5,115.0,6.84,4.17,23.0,0.0,2002
6.0,79.0,13.2,1.0,7.2,75.0,265.0,4.77,21.0,38.5,117.0,7.1,4.32,22.0,0.0,2002
31.0,480.0,15.5,3.0,17.8,75.0,265.0,4.79,20.0,33.5,111.0,7.43,4.43,22.0,4.0,2002
40.0,564.0,14.1,6.0,24.5,77.0,253.0,4.97,14.0,31.0,114.0,7.37,4.27,23.0,2.0,2002
75.0,958.0,12.9,8.0,25.7,74.0,251.0,4.69,18.0,30.5,113.0,7.07,4.21,22.0,2.0,2002
75.0,958.0,12.9,8.0,25.7,77.0,255.0,4.77,21.0,35.0,120.0,6.87,4.1,23.0,0.0,2002
48.0,481.0,10.0,3.0,15.0,76.0,262.0,4.8,18.0,33.5,117.0,7.1,4.32,23.0,0.0,2002
59.0,584.0,9.9,0.0,22.5,76.0,260.0,4.84,21.0,31.5,104.0,7.1,4.32,22.0,0.0,2002
77.0,1251.0,16.2,8.0,52.1,75.0,257.0,4.65,21.0,37.5,123.0,7.1,4.32,24.0,47.0,2003
79.0,731.0,9.3,8.0,17.0,76.0,272.0,4.78,19.0,30.5,109.0,7.1,4.32,23.0,0.0,2003
122.0,1458.0,12.0,10.0,33.1,75.0,258.0,4.62,26.0,37.0,122.0,6.74,4.25,23.0,21.0,2003
68.0,797.0,11.7,7.0,22.1,78.0,264.0,4.65,25.0,31.0,117.0,7.1,4.32,21.0,79.0,2003
59.0,956.0,16.2,7.0,21.2,76.0,261.0,4.8,20.0,33.5,117.0,7.1,4.32,22.0,1.0,2003
75.0,958.0,12.9,8.0,25.7,76.0,251.0,4.65,28.0,39.5,120.0,7.09,4.31,23.0,1.0,2003
52.0,691.0,13.3,7.0,28.8,74.0,249.0,4.89,16.0,34.5,115.0,7.24,4.32,22.0,8.0,2003
75.0,958.0,12.9,8.0,25.7,76.0,254.0,4.63,17.0,35.5,118.0,7.47,4.53,25.0,0.0,2003
61.0,611.0,10.0,3.0,13.9,75.0,249.0,4.82,26.0,39.0,120.0,7.42,4.42,23.0,2.0,2003
56.0,716.0,12.8,9.0,15.6,78.0,252.0,4.72,24.0,33.5,115.0,7.57,4.3,23.0,2.0,2003
119.0,1365.0,11.5,9.0,37.9,76.0,251.0,4.55,24.0,33.5,120.0,7.1,4.32,21.0,19.0,2004
73.0,945.0,12.9,7.0,19.7,75.0,258.0,4.5,34.0,35.5,123.0,7.38,4.11,23.0,19.0,2004
64.0,958.0,15.0,7.0,24.6,76.0,265.0,4.65,21.0,33.5,117.0,7.1,4.32,22.0,8.0,2004
88.0,1431.0,16.3,15.0,29.8,74.0,248.0,4.62,24.0,35.0,119.0,6.88,4.1,23.0,2.0,2004
24.0,225.0,9.4,3.0,6.4,76.0,263.0,4.8,23.0,35.0,117.0,7.1,3.98,24.0,0.0,2004
96.0,1255.0,13.1,11.0,44.8,75.0,265.0,4.87,22.0,33.0,115.0,7.21,4.19,22.0,34.0,2004
98.0,1346.0,13.7,9.0,36.4,77.0,260.0,4.93,25.0,34.5,115.0,6.99,4.13,23.0,1.0,2004
75.0,950.0,12.7,12.0,25.7,76.0,268.0,4.97,22.0,32.5,115.0,7.1,4.32,24.0,0.0,2004
55.0,649.0,11.8,3.0,13.2,76.0,263.0,5.0,21.0,28.0,109.0,7.4,4.32,23.0,2.0,2004
22.0,306.0,13.9,3.0,12.2,74.0,275.0,5.06,18.0,33.0,109.0,7.44,4.18,24.0,3.0,2004
36.0,477.0,13.3,7.0,19.9,78.0,269.0,4.89,17.0,30.0,106.0,7.86,4.45,23.0,6.0,2004
75.0,958.0,12.9,8.0,25.7,78.0,242.0,4.37,21.0,39.5,129.0,7.1,4.32,22.0,22.0,2005
144.0,1703.0,11.8,20.0,43.7,77.0,256.0,4.79,21.0,33.5,117.0,7.1,4.32,22.0,45.0,2005
107.0,1291.0,12.1,8.0,29.3,76.0,258.0,4.88,28.0,33.5,117.0,7.1,4.32,23.0,10.0,2005
32.0,400.0,12.5,3.0,16.7,77.0,241.0,4.72,21.0,33.5,117.0,7.1,4.32,23.0,0.0,2005
6.0,67.0,11.2,0.0,5.6,76.0,267.0,4.71,21.0,33.5,118.0,7.1,4.32,23.0,0.0,2005
75.0,997.0,13.3,5.0,22.7,75.0,249.0,4.75,24.0,32.5,114.0,7.21,4.12,24.0,20.0,2005
123.0,1295.0,10.5,10.0,29.4,76.0,260.0,4.72,22.0,36.0,113.0,7.09,4.01,23.0,0.0,2005
52.0,709.0,13.6,4.0,15.4,77.0,261.0,4.74,16.0,31.5,113.0,7.05,4.25,22.0,0.0,2005
83.0,1371.0,16.5,9.0,39.2,75.0,254.0,4.38,33.0,42.0,128.0,7.0,4.17,22.0,42.0,2006
126.0,1571.0,12.5,21.0,32.1,78.0,261.0,4.8,23.0,37.0,118.0,7.24,4.82,22.0,33.0,2006
86.0,1076.0,12.5,13.0,29.1,78.0,255.0,4.63,27.0,36.0,112.0,7.39,4.21,22.0,3.0,2006
92.0,1112.0,12.1,8.0,32.7,76.0,259.0,4.72,19.0,33.5,112.0,6.94,4.34,22.0,2.0,2006
117.0,1345.0,11.5,13.0,38.4,77.0,254.0,4.54,17.0,33.5,115.0,6.81,4.01,23.0,16.0,2006
65.0,1044.0,16.1,10.0,29.0,80.0,258.0,4.62,22.0,37.5,118.0,7.47,4.67,22.0,4.0,2006
98.0,1367.0,13.9,15.0,26.8,75.0,252.0,4.67,19.0,37.5,113.0,7.05,4.34,23.0,3.0,2006
80.0,958.0,12.0,4.0,35.5,75.0,255.0,4.79,21.0,33.5,117.0,7.1,4.32,22.0,0.0,2006
62.0,852.0,13.7,8.0,23.0,75.0,253.0,4.65,23.0,34.5,114.0,6.87,4.1,23.0,35.0,2006
12.0,144.0,12.0,0.0,3.8,75.0,266.0,4.84,23.0,32.5,115.0,7.31,4.3,23.0,0.0,2006
58.0,724.0,12.5,12.0,13.7,77.0,245.0,4.83,21.0,32.5,109.0,6.99,4.09,23.0,8.0,2006
44.0,563.0,12.8,5.0,10.4,78.0,268.0,4.77,20.0,32.5,114.0,7.09,4.52,24.0,2.0,2006
87.0,1215.0,14.0,6.0,36.8,78.0,254.0,4.51,23.0,35.5,114.0,7.04,4.48,22.0,11.0,2007
144.0,1512.0,10.5,14.0,43.2,76.0,256.0,4.87,21.0,34.0,115.0,7.01,4.42,21.0,20.0,2007
109.0,1293.0,11.9,12.0,27.5,79.0,270.0,4.83,21.0,33.5,117.0,7.1,4.32,23.0,2.0,2007
117.0,1467.0,12.5,10.0,39.6,79.0,270.0,4.78,16.0,30.0,111.0,7.26,4.32,22.0,0.0,2007
49.0,808.0,16.5,5.0,16.8,76.0,252.0,4.79,19.0,34.0,117.0,7.35,4.49,23.0,0.0,2007
75.0,958.0,12.9,8.0,25.7,78.0,252.0,4.78,21.0,35.0,116.0,6.96,4.41,23.0,14.0,2007
57.0,594.0,10.4,3.0,23.8,75.0,244.0,4.78,20.0,36.0,115.0,6.96,4.47,22.0,7.0,2007
79.0,781.0,9.9,2.0,25.2,75.0,252.0,4.74,21.0,34.5,111.0,7.21,4.31,23.0,4.0,2007
142.0,1882.0,13.3,16.0,40.9,74.0,242.0,4.53,26.0,38.0,131.0,6.88,4.14,23.0,22.0,2008
100.0,1093.0,10.9,8.0,23.3,77.0,251.0,4.88,20.0,30.5,113.0,7.12,4.28,24.0,12.0,2008
117.0,1408.0,12.0,13.0,29.3,75.0,255.0,4.68,24.0,33.5,117.0,7.1,4.32,22.0,14.0,2008
105.0,1246.0,11.9,10.0,35.6,78.0,259.0,4.68,18.0,34.0,118.0,7.64,4.53,21.0,4.0,2008
21.0,341.0,16.2,1.0,8.1,79.0,270.0,4.63,24.0,33.0,117.0,7.1,4.32,23.0,2.0,2008
51.0,669.0,13.1,7.0,13.4,75.0,254.0,4.59,27.0,27.5,114.0,7.07,4.31,24.0,5.0,2008
76.0,947.0,12.5,5.0,36.4,76.0,243.0,4.82,20.0,27.5,117.0,7.15,4.38,21.0,27.0,2008
203.0,2175.0,10.7,18.0,43.5,77.0,251.0,4.75,20.0,33.5,117.0,7.1,4.32,23.0,0.0,2008
133.0,1417.0,10.7,11.0,30.1,75.0,236.0,4.58,18.0,30.0,109.0,6.99,4.27,23.0,7.0,2008
98.0,1009.0,10.3,10.0,21.0,75.0,251.0,4.83,24.0,29.0,115.0,6.8,4.19,25.0,2.0,2008
108.0,1491.0,13.8,17.0,31.7,78.0,243.0,4.61,22.0,31.0,117.0,6.92,4.23,22.0,3.0,2008
60.0,789.0,13.2,9.0,18.8,78.0,262.0,4.59,22.0,28.0,118.0,7.25,4.38,22.0,5.0,2008
97.0,1184.0,12.2,6.0,25.2,75.0,250.0,4.8,14.0,36.0,121.0,7.08,4.27,22.0,2.0,2008
112.0,1450.0,12.9,9.0,30.9,77.0,263.0,4.8,22.0,33.0,118.0,7.12,4.37,24.0,22.0,2009
12.0,124.0,10.3,2.0,3.6,76.0,264.0,4.88,24.0,32.5,119.0,7.5,4.62,23.0,0.0,2009
73.0,1107.0,15.2,7.0,30.8,77.0,246.0,4.49,23.0,41.0,123.0,7.1,4.32,22.0,10.0,2009
247.0,2659.0,10.8,30.0,53.2,78.0,244.0,4.83,21.0,33.5,117.0,7.1,4.32,22.0,0.0,2009
159.0,2149.0,13.5,11.0,67.2,75.0,243.0,4.61,28.0,33.5,117.0,7.1,4.32,22.0,2.0,2009
157.0,2054.0,13.1,16.0,40.3,77.0,240.0,4.52,19.0,33.0,115.0,6.96,4.46,23.0,1.0,2009
79.0,852.0,10.8,5.0,25.8,77.0,262.0,4.84,21.0,30.5,107.0,7.31,4.56,24.0,0.0,2009
67.0,643.0,9.6,4.0,17.9,77.0,251.0,4.78,20.0,33.5,112.0,6.84,4.27,22.0,2.0,2009
41.0,484.0,11.8,10.0,14.2,75.0,244.0,4.61,24.0,32.5,115.0,6.99,4.36,22.0,2.0,2009
40.0,401.0,10.0,4.0,9.8,77.0,255.0,4.79,26.0,33.0,122.0,6.92,4.26,24.0,0.0,2009
111.0,1629.0,14.7,26.0,39.7,77.0,261.0,4.66,20.0,35.0,113.0,7.07,4.53,22.0,22.0,2010
75.0,1197.0,16.0,16.0,54.4,78.0,264.0,4.68,23.0,33.5,117.0,7.1,4.32,21.0,70.0,2010
124.0,1557.0,12.6,12.0,29.9,76.0,249.0,4.59,23.0,34.0,115.0,7.32,4.59,23.0,9.0,2010
76.0,953.0,12.5,11.0,19.9,75.0,245.0,4.69,18.0,34.0,113.0,7.1,4.42,23.0,9.0,2010
17.0,213.0,12.5,5.0,16.4,78.0,260.0,4.53,21.0,38.5,120.0,6.9,4.45,23.0,39.0,2010
111.0,1382.0,12.5,12.0,34.6,74.0,245.0,4.64,21.0,33.5,117.0,7.1,4.32,20.0,21.0,2010
221.0,2901.0,13.1,21.0,58.0,76.0,245.0,4.68,27.0,34.0,113.0,6.72,4.17,25.0,16.0,2010
121.0,1492.0,12.3,16.0,40.3,75.0,243.0,4.71,20.0,34.5,112.0,7.09,4.35,24.0,7.0,2010
40.0,490.0,12.3,4.0,12.0,76.0,264.0,4.77,25.0,33.5,117.0,7.1,4.32,22.0,1.0,2010
87.0,1146.0,13.2,8.0,24.4,76.0,254.0,4.68,23.0,32.0,112.0,7.1,4.32,21.0,9.0,2010
13.0,98.0,7.5,1.0,2.0,77.0,261.0,4.72,21.0,31.5,117.0,7.1,4.32,23.0,0.0,2010
47.0,612.0,13.0,3.0,13.0,76.0,268.0,4.97,21.0,29.0,109.0,7.1,4.32,22.0,0.0,2010
46.0,731.0,15.9,3.0,20.3,76.0,259.0,4.71,19.0,35.5,113.0,6.99,4.57,22.0,4.0,2010
63.0,708.0,11.2,12.0,21.5,73.0,226.0,4.4,24.0,43.5,125.0,6.96,4.3,22.0,0.0,2010
41.0,455.0,11.1,7.0,11.7,77.0,246.0,4.82,17.0,33.5,117.0,7.1,4.32,23.0,2.0,2010
90.0,1032.0,11.5,8.0,35.6,78.0,259.0,4.83,21.0,33.5,117.0,7.1,4.32,21.0,35.0,2011
78.0,1160.0,14.9,8.0,35.2,75.0,243.0,4.65,25.0,34.5,122.0,6.94,4.15,23.0,13.0,2011
78.0,1228.0,15.7,8.0,25.1,77.0,248.0,4.46,22.0,37.0,117.0,6.9,4.21,23.0,9.0,2011
16.0,126.0,7.9,1.0,10.5,77.0,254.0,4.53,23.0,37.5,119.0,6.82,4.03,23.0,10.0,2011
85.0,956.0,11.2,8.0,18.4,77.0,258.0,4.68,27.0,33.0,115.0,7.03,4.4,23.0,3.0,2011
75.0,958.0,12.9,8.0,25.7,77.0,246.0,4.64,16.0,35.5,111.0,6.96,4.31,23.0,13.0,2011
152.0,1855.0,12.2,10.0,36.4,74.0,245.0,4.59,20.0,33.5,111.0,7.29,4.51,22.0,3.0,2011
72.0,939.0,13.0,11.0,23.5,75.0,249.0,4.54,23.0,42.5,130.0,6.9,4.4,23.0,5.0,2011
96.0,1543.0,16.1,18.0,30.3,78.0,247.0,4.51,27.0,33.5,117.0,7.1,4.32,23.0,18.0,2012
93.0,1079.0,11.6,12.0,26.3,75.0,255.0,4.85,27.0,32.0,110.0,7.12,4.37,22.0,11.0,2012
147.0,1332.0,9.1,8.0,26.6,77.0,252.0,4.52,21.0,36.0,131.0,7.03,4.32,22.0,0.0,2012
75.0,958.0,12.9,8.0,25.7,78.0,238.0,4.45,16.0,34.5,124.0,7.12,4.47,22.0,9.0,2012
94.0,1370.0,14.6,10.0,34.3,74.0,251.0,4.73,35.0,33.5,117.0,7.1,4.32,21.0,1.0,2012
53.0,471.0,8.9,6.0,10.0,77.0,251.0,4.78,21.0,31.5,109.0,7.1,4.32,23.0,4.0,2012
52.0,720.0,13.8,9.0,13.3,76.0,252.0,4.43,24.0,36.0,122.0,6.76,4.11,23.0,3.0,2012
67.0,1041.0,15.5,10.0,26.0,75.0,246.0,4.79,21.0,32.0,110.0,7.18,4.4,23.0,1.0,2012
140.0,1840.0,13.1,11.0,49.7,77.0,250.0,4.68,22.0,35.5,119.0,6.92,4.32,22.0,17.0,2013
112.0,1434.0,12.8,15.0,38.8,77.0,249.0,4.76,24.0,30.5,111.0,7.08,4.47,22.0,40.0,2013
122.0,1646.0,13.5,17.0,42.2,78.0,254.0,4.84,21.0,32.0,114.0,7.07,4.31,22.0,2.0,2013
119.0,1504.0,12.6,15.0,35.8,76.0,267.0,4.69,31.0,33.5,119.0,7.08,4.53,23.0,5.0,2013
59.0,875.0,14.8,10.0,25.0,77.0,255.0,4.63,21.0,33.5,117.0,7.1,4.32,23.0,94.0,2013
79.0,945.0,12.0,6.0,26.3,74.0,236.0,4.72,16.0,33.5,117.0,7.1,4.32,23.0,24.0,2013
59.0,707.0,12.0,8.0,18.1,77.0,262.0,4.75,22.0,35.0,112.0,7.36,4.52,22.0,6.0,2013
49.0,736.0,15.0,10.0,27.3,80.0,260.0,4.86,17.0,31.0,113.0,7.09,4.57,22.0,6.0,2013
75.0,958.0,12.9,8.0,25.7,78.0,269.0,4.71,22.0,31.5,113.0,7.1,4.32,22.0,0.0,2013
76.0,1018.0,13.4,6.0,27.5,75.0,242.0,4.81,17.0,31.0,112.0,7.17,4.43,22.0,10.0,2013
47.0,560.0,11.9,2.0,11.2,78.0,255.0,4.97,3.0,33.5,117.0,7.1,4.32,24.0,0.0,2013
72.0,1003.0,13.9,7.0,23.3,75.0,244.0,4.5,18.0,37.5,125.0,7.08,4.51,23.0,1.0,2013
50.0,581.0,11.6,1.0,11.0,75.0,258.0,4.94,21.0,31.5,116.0,7.12,4.45,22.0,0.0,2013
112.0,1805.0,16.1,8.0,53.1,76.0,250.0,4.6,24.0,32.0,120.0,7.1,4.32,21.0,15.0,2014
146.0,1840.0,12.6,21.0,48.4,77.0,262.0,4.75,20.0,33.5,117.0,7.1,4.32,21.0,5.0,2014
138.0,1818.0,13.2,13.0,56.8,77.0,265.0,4.74,28.0,33.0,118.0,7.42,4.3,22.0,3.0,2014
37.0,573.0,15.5,6.0,22.0,78.0,270.0,4.84,27.0,32.0,114.0,7.57,4.55,21.0,1.0,2014
91.0,899.0,9.9,10.0,17.6,77.0,265.0,4.76,25.0,31.5,116.0,7.1,4.26,22.0,6.0,2014
59.0,896.0,15.2,2.0,25.6,76.0,257.0,4.87,16.0,31.5,116.0,7.23,4.47,22.0,11.0,2014
111.0,1308.0,11.8,8.0,37.4,78.0,260.0,4.89,21.0,33.5,120.0,7.42,4.44,22.0,4.0,2014
61.0,986.0,16.2,13.0,39.4,76.0,249.0,4.78,17.0,34.5,117.0,7.3,4.37,21.0,4.0,2015
121.0,1753.0,14.5,14.0,36.5,76.0,251.0,4.79,20.0,35.0,120.0,7.32,4.57,23.0,7.0,2015
70.0,901.0,12.9,5.0,24.4,77.0,246.0,4.75,17.0,33.5,117.0,7.1,4.32,22.0,6.0,2015
52.0,792.0,15.2,7.0,16.9,77.0,254.0,4.81,26.0,33.5,117.0,7.1,4.32,22.0,5.0,2015
75.0,958.0,12.9,8.0,25.7,78.0,252.0,4.8,14.0,33.0,116.0,6.85,4.32,24.0,2.0,2015
75.0,958.0,12.9,8.0,25.7,74.0,251.0,4.58,17.0,38.0,118.0,7.25,4.37,23.0,1.0,2015
78.0,1005.0,12.9,11.0,30.5,79.0,261.0,4.83,26.0,37.5,121.0,7.53,4.5,21.0,10.0,2015
75.0,958.0,12.9,8.0,25.7,76.0,268.0,5.04,20.0,30.5,112.0,7.13,4.23,22.0,9.0,2015
114.0,1591.0,14.0,17.0,30.6,75.0,252.0,4.93,21.0,30.5,110.0,7.4,4.5,23.0,4.0,2015
65.0,648.0,10.0,12.0,15.4,76.0,250.0,4.83,20.0,33.5,117.0,7.1,4.32,23.0,0.0,2015
44.0,532.0,12.1,5.0,12.7,77.0,255.0,4.79,21.0,33.5,117.0,7.1,4.32,22.0,1.0,2015
116.0,1661.0,14.3,9.0,46.1,77.0,250.0,4.79,13.0,33.5,117.0,7.1,4.32,21.0,15.0,2016
74.0,937.0,12.7,8.0,34.7,76.0,254.0,4.72,19.0,33.0,117.0,7.0,4.32,21.0,18.0,2016
55.0,585.0,10.6,6.0,13.3,78.0,257.0,4.76,17.0,30.5,111.0,7.05,4.2,23.0,4.0,2016
68.0,1054.0,15.5,14.0,29.3,78.0,249.0,4.77,21.0,33.5,117.0,7.1,4.32,23.0,31.0,2016
75.0,958.0,12.9,8.0,25.7,77.0,244.0,4.71,18.0,30.5,115.0,6.88,4.31,23.0,0.0,2016
66.0,977.0,14.8,7.0,23.8,77.0,247.0,4.64,21.0,32.5,117.0,7.05,4.31,23.0,2.0,2016
72.0,890.0,12.4,6.0,34.2,76.0,262.0,4.72,21.0,33.5,117.0,7.1,4.32,23.0,1.0,2016
97.0,1626.0,16.8,17.0,46.5,74.0,231.0,4.72,12.0,33.5,118.0,6.97,4.24,21.0,0.0,2016
114.0,1726.0,15.1,7.0,32.0,78.0,251.0,4.51,22.0,30.0,121.0,6.85,4.16,22.0,12.0,2017
162.0,2320.0,14.3,15.0,51.6,75.0,234.0,4.42,19.0,36.0,125.0,6.92,4.23,23.0,18.0,2017
64.0,1060.0,16.6,9.0,40.8,76.0,246.0,4.64,21.0,37.5,133.0,6.97,4.34,21.0,27.0,2017
107.0,1584.0,14.8,13.0,42.8,75.0,239.0,4.62,22.0,37.5,126.0,6.99,4.33,23.0,10.0,2017
75.0,958.0,12.9,8.0,25.7,78.0,278.0,4.79,24.0,32.5,121.0,7.09,4.38,22.0,2.0,2017
178.0,2001.0,11.2,18.0,46.5,75.0,248.0,4.62,22.0,38.0,127.0,7.1,4.18,22.0,10.0,2017
70.0,832.0,11.9,22.0,23.8,76.0,270.0,4.86,21.0,30.0,110.0,7.05,4.51,23.0,1.0,2017
138.0,1646.0,11.9,11.0,36.6,77.0,246.0,4.72,21.0,33.5,117.0,7.1,4.32,22.0,1.0,2017
48.0,737.0,15.4,10.0,18.4,76.0,247.0,4.52,18.0,35.0,132.0,7.1,4.32,23.0,60.0,2017
112.0,1598.0,14.3,18.0,33.3,77.0,258.0,4.72,18.0,33.0,114.0,7.12,4.33,22.0,1.0,2017
71.0,921.0,13.0,11.0,21.4,77.0,252.0,4.69,21.0,29.0,116.0,7.1,4.32,23.0,2.0,2017
75.0,958.0,12.9,8.0,25.7,77.0,253.0,4.72,22.0,33.0,121.0,7.1,4.32,23.0,0.0,2017
100.0,1281.0,12.8,3.0,33.7,76.0,250.0,4.67,21.0,31.5,120.0,7.19,4.37,25.0,6.0,2018
129.0,1481.0,11.5,15.0,29.0,77.0,247.0,4.54,22.0,41.5,129.0,6.76,4.1,22.0,19.0,2018
75.0,958.0,12.9,8.0,25.7,77.0,256.0,4.72,23.0,33.5,117.0,7.1,4.32,23.0,38.0,2018
112.0,1765.0,15.8,22.0,44.1,77.0,256.0,4.67,17.0,31.0,113.0,7.34,4.38,23.0,51.0,2018
81.0,1149.0,14.2,8.0,28.0,75.0,249.0,4.72,21.0,33.5,117.0,7.1,4.32,26.0,14.0,2018
28.0,404.0,14.4,5.0,17.6,76.0,259.0,4.74,21.0,36.0,123.0,7.15,4.2,22.0,7.0,2018
86.0,1048.0,12.2,7.0,28.3,76.0,253.0,4.72,21.0,33.5,117.0,7.1,4.32,22.0,6.0,2018
25.0,336.0,13.4,3.0,12.4,76.0,262.0,4.87,15.0,28.0,111.0,7.07,4.4,22.0,10.0,2018
28.0,381.0,13.6,6.0,9.8,77.0,253.0,4.81,18.0,31.0,110.0,7.17,4.23,23.0,10.0,2018
55.0,555.0,10.1,5.0,13.9,77.0,244.0,4.75,15.0,32.0,120.0,7.0,4.4,22.0,18.0,2018
135.0,1627.0,12.1,7.0,31.3,77.0,247.0,4.72,14.0,33.5,117.0,7.1,4.32,23.0,1.0,2018
83.0,1159.0,14.0,11.0,34.1,75.0,254.0,4.8,18.0,38.0,120.0,7.13,4.23,23.0,8.0,2018
202.0,1855.0,9.2,19.0,35.7,71.0,225.0,4.54,18.0,34.5,121.0,6.93,4.28,22.0,7.0,2018
54.0,761.0,14.1,6.0,18.6,77.0,256.0,4.94,18.0,33.0,110.0,7.15,4.43,22.0,3.0,2018
73.0,1080.0,14.8,9.0,41.5,77.0,251.0,4.7,17.0,37.5,123.0,7.02,4.18,22.0,16.0,2019
78.0,1083.0,13.9,19.0,30.9,76.0,249.0,4.5,20.0,39.5,127.0,6.81,4.22,21.0,14.0,2019
58.0,838.0,14.4,10.0,28.9,74.0,242.0,4.63,19.0,32.5,110.0,7.32,4.33,21.0,8.0,2019
46.0,487.0,10.6,5.0,9.5,77.0,255.0,4.71,21.0,33.5,115.0,7.15,4.31,23.0,7.0,2019
98.0,1067.0,10.9,7.0,22.2,77.0,249.0,4.63,22.0,34.0,117.0,7.21,4.47,22.0,0.0,2019
49.0,837.0,17.1,10.0,36.4,76.0,251.0,4.75,17.0,31.5,113.0,7.19,4.31,23.0,1.0,2019
51.0,637.0,12.5,8.0,22.0,77.0,252.0,4.67,19.0,36.5,122.0,7.21,4.25,22.0,0.0,2019
39.0,605.0,15.5,0.0,22.4,76.0,254.0,4.72,16.0,34.5,117.0,7.12,4.27,22.0,25.0,2019
28.0,373.0,13.3,2.0,11.0,75.0,267.0,4.89,24.0,31.0,117.0,7.18,4.38,23.0,0.0,2019
52.0,629.0,12.1,6.0,12.8,76.0,253.0,4.66,22.0,36.5,121.0,7.16,4.11,22.0,8.0,2019
49.0,817.0,16.7,4.0,31.4,80.0,265.0,4.9,12.0,29.5,110.0,7.4,4.53,22.0,2.0,2019
68.0,905.0,13.3,8.0,21.5,75.0,244.0,4.91,19.0,28.0,117.0,7.45,4.43,22.0,0.0,2019
99.0,1281.0,12.9,10.0,25.6,76.0,251.0,4.83,17.0,33.5,117.0,7.1,4.32,24.0,1.0,2019
60.0,691.0,11.5,6.0,19.7,78.0,262.0,4.7,21.0,37.0,123.0,7.44,4.41,21.0,25.0,2020
52.0,789.0,15.2,6.0,23.2,75.0,257.0,4.73,16.0,30.5,115.0,7.1,4.32,23.0,0.0,2020
92.0,1117.0,12.1,12.0,24.3,74.0,242.0,4.72,25.0,35.5,115.0,7.15,4.35,23.0,4.0,2020
59.0,748.0,12.7,8.0,19.7,76.0,253.0,4.71,21.0,34.0,125.0,7.07,4.19,21.0,0.0,2020
75.0,958.0,12.9,8.0,25.7,77.0,255.0,4.8,18.0,34.5,114.0,6.78,4.27,23.0,6.0,2020
148.0,2137.0,14.4,16.0,44.5,77.0,243.0,4.73,13.0,32.5,110.0,7.41,4.37,22.0,7.0,2020
98.0,1187.0,12.1,23.0,36.0,77.0,258.0,4.49,21.0,33.5,117.0,7.1,4.32,22.0,5.0,2020
87.0,1171.0,13.5,12.0,30.0,79.0,252.0,4.77,18.0,32.5,109.0,7.15,4.46,21.0,5.0,2020
130.0,1945.0,15.0,16.0,40.5,76.0,245.0,4.66,21.0,33.5,116.0,7.25,4.28,23.0,2.0,2020
34.0,376.0,11.1,1.0,7.1,77.0,244.0,4.78,21.0,34.5,120.0,7.18,4.46,22.0,0.0,2020
46.0,712.0,15.5,3.0,17.4,77.0,248.0,4.66,21.0,36.5,123.0,7.51,4.62,23.0,0.0,2020
100.0,1492.0,14.9,18.0,46.6,77.0,245.0,4.44,22.0,33.5,129.0,7.12,4.3,20.0,28.0,2021
92.0,1185.0,12.9,16.0,39.5,77.0,251.0,4.72,26.0,33.5,117.0,7.1,4.32,22.0,22.0,2021
35.0,396.0,11.3,4.0,15.8,75.0,241.0,4.6,20.0,36.5,122.0,7.1,4.32,21.0,7.0,2021
56.0,628.0,11.2,3.0,15.0,76.0,247.0,4.72,21.0,33.5,117.0,7.1,4.32,22.0,1.0,2021
34.0,380.0,11.2,4.0,8.8,77.0,251.0,4.79,22.0,36.5,118.0,7.14,4.36,23.0,2.0,2021
105.0,1358.0,12.9,13.0,43.8,74.0,247.0,4.64,17.0,31.0,116.0,7.1,4.32,21.0,4.0,2021
105.0,948.0,9.0,8.0,19.8,75.0,240.0,4.55,15.0,35.0,115.0,6.83,4.37,22.0,11.0,2021
164.0,2100.0,12.8,10.0,52.5,76.0,246.0,4.72,18.0,33.0,117.0,7.1,4.32,22.0,29.0,2022
75.0,959.0,12.8,12.0,21.3,79.0,259.0,4.61,24.0,33.5,117.0,7.1,4.32,23.0,2.0,2022
77.0,1353.0,17.6,11.0,41.0,76.0,243.0,4.69,16.0,34.0,122.0,7.05,4.37,22.0,3.0,2022
54.0,615.0,11.4,12.0,14.0,77.0,250.0,4.72,19.0,33.5,117.0,7.1,4.32,22.0,4.0,2022
91.0,1026.0,11.3,9.0,26.3,77.0,247.0,4.72,21.0,33.5,117.0,7.1,4.32,23.0,17.0,2022
68.0,771.0,11.3,5.0,17.9,77.0,253.0,4.63,22.0,34.5,125.0,7.05,4.47,21.0,9.0,2022
168.0,2181.0,13.0,23.0,44.5,79.0,252.0,4.72,21.0,33.5,117.0,7.1,4.32,23.0,4.0,2022
145.0,1618.0,11.2,13.0,34.4,77.0,250.0,4.81,15.0,31.5,118.0,7.03,4.48,23.0,19.0,2022
133.0,2050.0,15.4,27.0,42.7,77.0,245.0,4.72,21.0,36.0,117.0,7.1,4.57,22.0,15.0,2022
77.0,717.0,9.3,8.0,18.9,75.0,238.0,4.52,21.0,35.5,117.0,7.1,4.32,22.0,16.0,2022
117.0,1370.0,11.7,20.0,30.4,78.0,246.0,4.76,17.0,27.0,120.0,7.06,4.41,22.0,1.0,2022
40.0,512.0,12.8,6.0,12.2,78.0,258.0,4.72,22.0,33.5,117.0,7.1,4.32,22.0,1.0,2022
52.0,838.0,16.1,7.0,33.5,76.0,249.0,4.72,21.0,33.5,117.0,7.1,4.32,23.0,1.0,2022
79.0,1102.0,13.9,13.0,24.5,76.0,241.0,4.62,20.0,33.5,117.0,7.1,4.32,23.0,5.0,2022
75.0,958.0,12.9,8.0,25.7,71.0,233.0,4.72,21.0,32.5,117.0,7.1,4.32,23.0,3.0,2022
75.0,958.0,12.9,8.0,25.7,76.0,246.0,4.72,21.0,33.5,117.0,7.1,4.32,23.0,17.0,2023
75.0,958.0,12.9,8.0,25.7,75.0,245.0,4.59,21.0,35.0,123.0,6.91,4.25,22.0,21.0,2023
75.0,958.0,12.9,8.0,25.7,77.0,249.0,4.7,21.0,32.5,118.0,7.1,4.32,22.0,7.0,2023
75.0,958.0,12.9,8.0,25.7,78.0,253.0,4.61,21.0,36.0,125.0,7.1,4.32,23.0,6.0,2023
75.0,958.0,12.9,8.0,25.7,77.0,251.0,4.63,21.0,33.5,127.0,7.1,4.27,24.0,4.0,2023
75.0,958.0,12.9,8.0,25.7,76.0,253.0,4.7,23.0,36.0,124.0,7.25,4.46,22.0,8.0,2023
75.0,958.0,12.9,8.0,25.7,77.0,254.0,4.69,23.0,34.0,122.0,7.08,4.29,22.0,15.0,2023
75.0,958.0,12.9,8.0,25.7,79.0,264.0,4.64,21.0,31.0,122.0,7.1,4.08,22.0,7.0,2023
75.0,958.0,12.9,8.0,25.7,79.0,248.0,4.69,21.0,33.5,115.0,7.1,4.32,23.0,3.0,2023
75.0,958.0,12.9,8.0,25.7,77.0,239.0,4.54,20.0,36.5,121.0,7.1,4.32,24.0,2.0,2023
75.0,958.0,12.9,8.0,25.7,78.0,253.0,4.87,21.0,34.5,117.0,7.1,4.32,23.0,2.0,2023
75.0,958.0,12.9,8.0,25.7,78.0,245.0,4.84,21.0,38.5,125.0,7.1,4.32,22.0,3.0,2023
75.0,958.0,12.9,8.0,25.7,79.0,255.0,4.55,23.0,40.0,128.0,6.87,4.12,24.0,0.0,2023
75.0,958.0,12.9,8.0,25.7,76.0,241.0,4.72,20.0,32.0,117.0,7.3,4.36,23.0,0.0,2023
75.0,958.0,12.9,8.0,25.7,75.0,243.0,4.72,21.0,33.5,117.0,7.1,4.32,21.0,14.0,2024
75.0,958.0,12.9,8.0,25.7,76.0,250.0,4.68,21.0,40.0,126.0,6.82,4.23,22.0,1.0,2024
75.0,958.0,12.9,8.0,25.7,77.0,271.0,4.64,28.0,33.5,121.0,7.02,4.26,22.0,0.0,2024
75.0,958.0,12.9,8.0,25.7,76.0,245.0,4.69,21.0,33.5,117.0,7.1,4.32,21.0,5.0,2024
75.0,958.0,12.9,8.0,25.7,76.0,252.0,4.72,21.0,33.5,117.0,7.1,4.32,23.0,1.0,2024
75.0,958.0,12.9,8.0,25.7,78.0,251.0,4.72,21.0,33.5,117.0,7.1,4.32,22.0,7.0,2024
75.0,958.0,12.9,8.0,25.7,76.0,247.0,4.65,21.0,34.5,117.0,7.1,4.45,24.0,2.0,2024
75.0,958.0,12.9,8.0,25.7,78.0,249.0,4.62,21.0,37.0,118.0,7.19,4.32,23.0,0.0,2024
75.0,958.0,12.9,8.0,25.7,77.0,244.0,4.61,21.0,35.0,117.0,7.1,4.32,25.0,0.0,2024
75.0,958.0,12.9,8.0,25.7,74.0,241.0,4.61,21.0,35.0,124.0,7.1,4.32,23.0,0.0,2024
75.0,958.0,12.9,8.0,25.7,75.0,231.0,4.47,21.0,33.5,117.0,7.1,4.32,24.0,1.0,2024
75.0,958.0,12.9,8.0,25.7,78.0,248.0,4.72,21.0,33.5,117.0,7.1,4.32,21.0,7.0,2025
75.0,958.0,12.9,8.0,25.7,78.0,256.0,4.72,21.0,33.5,117.0,7.1,4.32,23.0,9.0,2025
75.0,958.0,12.9,8.0,25.7,77.0,251.0,4.72,21.0,33.5,117.0,7.1,4.32,21.0,3.0,2025
75.0,958.0,12.9,8.0,25.7,77.0,247.0,4.63,21.0,39.0,122.0,7.1,4.32,22.0,2.0,2025
75.0,958.0,12.9,8.0,25.7,77.0,250.0,4.72,22.0,33.5,117.0,7.1,4.32,22.0,2.0,2025
75.0,958.0,12.9,8.0,25.7,75.0,241.0,4.71,22.0,34.0,118.0,6.97,4.39,21.0,5.0,2025
75.0,958.0,12.9,8.0,25.7,77.0,241.0,4.84,21.0,30.0,117.0,7.15,4.4,23.0,3.0,2025
75.0,958.0,12.9,8.0,25.7,77.0,258.0,4.74,21.0,31.0,115.0,7.25,4.4,22.0,2.0,2025
75.0,958.0,12.9,8.0,25.7,77.0,243.0,4.72,21.0,34.0,114.0,7.1,4.32,22.0,6.0,2025
75.0,958.0,12.9,8.0,25.7,77.0,253.0,4.82,16.0,34.5,121.0,7.1,4.4,24.0,2.0,2025
75.0,958.0,12.9,8.0,25.7,75.0,274.0,4.91,26.0,34.0,119.0,7.34,4.45,23.0,0.0,2025
75.0,958.0,12.9,8.0,25.7,78.0,260.0,4.81,21.0,32.5,114.0,7.1,4.32,22.0,0.0,2025
