rec_Rec,rec_Yds,rec_Y/R,rec_TD,rec_Y/G,ht,wt,forty,bench,vertical,broad_jump,cone,shuttle,age,star,draft_year
207.0,3517.0,17.0,32.0,65.1,71.0,194.0,4.58,15.0,36.0,122.0,6.93,4.2,23.0,1,2000
118.0,1970.0,16.7,17.0,85.7,77.0,231.0,4.59,15.0,33.0,115.0,6.93,4.2,23.0,1,2000
72.0,1150.0,16.0,15.0,42.6,73.0,199.0,4.43,15.0,37.0,118.0,7.15,4.2,22.0,1,2000
147.0,2224.5,14.9,17.0,57.4,75.0,216.0,4.6,15.0,34.5,119.0,7.06,4.17,22.0,0,2000
155.0,2608.0,16.8,23.0,58.0,69.0,177.0,4.34,15.0,35.0,124.0,6.93,4.2,22.0,0,2000
217.0,3186.0,14.7,24.0,69.3,70.0,175.0,4.43,15.0,37.5,123.0,6.96,4.04,22.0,1,2000
149.0,2366.0,15.9,22.0,53.8,74.0,169.0,4.45,15.0,36.0,122.0,6.93,4.2,23.0,1,2000
24.0,467.0,19.5,5.0,23.4,74.0,221.0,4.48,15.0,36.0,122.0,6.93,4.2,22.0,1,2000
105.0,1520.0,14.5,7.0,33.0,73.0,206.0,4.58,15.0,36.0,117.0,6.93,4.2,23.0,0,2000
90.0,1833.0,20.4,14.0,57.3,73.0,218.0,4.62,15.0,37.5,124.0,6.91,4.09,21.0,1,2000
85.0,1363.0,16.0,8.0,37.9,72.0,191.0,4.37,15.0,37.5,125.0,6.76,4.09,22.0,0,2000
52.0,960.0,18.5,5.0,36.9,71.0,192.0,4.41,15.0,34.0,115.0,6.89,4.39,22.0,1,2000
234.0,3048.0,13.0,31.0,76.2,73.0,199.0,4.55,15.0,34.0,117.0,6.96,4.16,22.0,0,2000
97.0,1501.0,15.5,14.0,46.9,72.0,197.0,4.56,15.0,36.0,122.0,6.93,4.2,21.0,1,2000
128.0,1971.0,15.4,16.0,45.8,72.0,194.0,4.59,15.0,33.5,119.0,6.93,4.2,22.0,0,2000
128.0,2131.0,16.6,20.0,56.1,75.0,199.0,4.56,15.0,37.5,121.0,7.03,4.29,22.0,0,2000
176.0,2443.0,13.9,15.0,54.3,71.0,204.0,4.5,15.0,36.0,122.0,7.33,4.18,23.0,0,2000
244.0,3986.0,16.3,26.0,94.9,66.0,171.0,4.55,15.0,32.5,106.0,6.61,3.84,23.0,0,2000
147.0,2224.5,14.9,17.0,57.4,74.0,205.0,4.66,15.0,39.5,129.0,6.93,4.13,22.0,0,2000
70.0,1403.0,20.0,15.0,58.5,71.0,180.0,4.59,15.0,36.0,123.0,7.22,4.16,22.0,0,2000
162.0,2249.0,13.9,14.0,68.2,73.0,202.0,4.56,15.0,35.5,125.0,7.3,4.25,22.0,0,2000
137.0,2005.0,14.6,19.0,59.0,75.0,213.0,4.43,15.0,36.0,122.0,6.93,4.2,22.0,0,2001
110.0,1914.0,17.4,15.0,87.0,73.0,211.0,4.61,15.0,36.0,122.0,6.93,4.2,21.0,1,2001
151.0,2302.0,15.2,12.0,52.3,74.0,219.0,4.48,15.0,36.0,122.0,6.93,4.2,23.0,1,2001
143.0,2547.0,17.8,19.0,60.6,70.0,184.0,4.31,15.0,36.0,122.0,6.93,4.2,22.0,1,2001
110.0,1955.0,17.8,9.0,59.2,71.0,185.0,4.46,15.0,39.5,120.0,6.95,4.06,22.0,0,2001
173.0,2510.0,14.5,20.0,55.8,72.0,198.0,4.45,15.0,36.0,122.0,6.93,4.2,22.0,1,2001
106.0,2173.0,20.5,23.0,90.5,73.0,211.0,4.48,15.0,36.0,122.0,6.93,4.2,23.0,1,2001
33.0,713.0,21.6,6.0,64.8,73.0,192.0,4.57,15.0,33.0,108.0,7.51,4.14,23.0,1,2001
58.0,885.0,15.3,6.0,88.5,73.0,205.0,4.48,15.0,36.5,120.0,7.24,4.07,21.0,1,2001
111.0,1817.0,16.4,15.0,49.1,72.0,210.0,4.33,15.0,45.0,134.0,6.93,4.0,23.0,1,2001
78.0,1603.0,20.6,12.0,76.3,69.0,184.0,4.41,15.0,38.5,121.0,7.44,4.25,22.0,1,2001
115.0,2098.0,18.2,17.0,50.0,73.0,171.0,4.57,15.0,37.5,115.0,7.06,4.07,24.0,0,2001
204.0,2991.0,14.7,29.0,68.0,74.0,209.0,4.51,15.0,41.0,129.0,7.06,3.99,22.0,1,2001
40.0,580.0,14.5,4.0,13.8,74.0,204.0,4.49,15.0,43.0,134.0,6.93,4.2,22.0,0,2001
147.0,2224.5,14.9,17.0,57.4,77.0,201.0,4.47,15.0,30.5,110.0,6.93,4.2,22.0,0,2001
147.0,2224.5,14.9,17.0,57.4,74.0,184.0,4.57,15.0,34.5,115.0,6.93,4.2,21.0,0,2001
147.0,2224.5,14.9,17.0,57.4,71.0,191.0,4.43,15.0,39.5,122.0,6.78,4.08,23.0,0,2001
159.0,2137.0,13.4,24.0,47.5,70.0,179.0,4.48,15.0,38.0,123.0,6.93,4.2,22.0,0,2001
157.0,1974.0,12.6,11.0,45.9,72.0,199.0,4.42,15.0,43.5,126.0,6.56,3.73,23.0,0,2001
46.0,543.0,11.8,5.0,12.9,76.0,242.0,4.76,15.0,36.0,122.0,6.93,4.2,22.0,0,2001
78.0,1234.0,15.8,5.0,30.9,73.0,183.0,4.39,15.0,36.0,122.0,6.93,4.2,23.0,0,2001
112.0,1743.0,15.6,15.0,44.7,70.0,191.0,4.48,15.0,36.5,112.0,7.17,4.18,23.0,0,2001
64.0,834.0,13.0,3.0,20.3,72.0,199.0,4.61,15.0,36.0,122.0,6.93,4.2,27.0,0,2001
99.0,1747.0,17.6,13.0,56.4,72.0,197.0,4.22,15.0,36.0,122.0,6.93,4.2,21.0,1,2002
194.0,3341.0,17.2,32.0,92.8,75.0,197.0,4.49,15.0,36.0,122.0,6.93,4.2,22.0,1,2002
65.0,1257.0,19.3,10.0,62.9,75.0,210.0,4.38,15.0,39.5,128.0,6.86,4.05,23.0,1,2002
138.0,2375.0,17.2,27.0,103.3,73.0,193.0,4.56,15.0,36.0,122.0,6.87,4.06,21.0,1,2002
167.0,3001.0,18.0,17.0,96.8,70.0,210.0,4.54,15.0,36.0,122.0,6.93,4.2,22.0,1,2002
57.0,842.0,14.8,4.0,29.0,72.0,190.0,4.32,15.0,39.0,126.0,6.68,3.93,22.0,0,2002
103.0,1986.0,19.3,18.0,50.9,73.0,194.0,4.42,15.0,39.5,123.0,6.77,4.1,23.0,0,2002
141.0,2088.0,14.8,18.0,59.7,72.0,194.0,4.53,15.0,41.5,130.0,7.0,4.1,23.0,0,2002
147.0,2224.5,14.9,17.0,57.4,70.0,191.0,4.49,15.0,36.0,122.0,6.93,4.2,23.0,1,2002
161.0,2805.0,17.4,26.0,90.5,73.0,188.0,4.57,15.0,37.0,121.0,6.93,4.2,21.0,0,2002
143.0,2204.0,15.4,18.0,95.8,69.0,191.0,4.47,15.0,36.0,117.0,6.71,3.78,23.0,1,2002
124.0,1862.0,15.0,10.0,66.5,71.0,185.0,4.36,15.0,36.0,122.0,6.93,4.2,23.0,0,2002
189.0,2877.0,15.2,29.0,65.4,74.0,225.0,4.7,15.0,34.5,118.0,7.12,4.02,22.0,0,2002
110.0,1591.0,14.5,7.0,36.2,71.0,193.0,4.45,15.0,33.0,114.0,6.65,4.26,24.0,0,2002
71.0,1020.0,14.4,8.0,23.2,73.0,203.0,4.47,15.0,36.5,123.0,6.83,4.09,23.0,0,2002
131.0,1986.0,15.2,10.0,49.7,73.0,200.0,4.49,15.0,36.0,122.0,6.93,4.2,22.0,0,2002
146.0,1843.0,12.6,15.0,54.2,74.0,200.0,4.65,15.0,35.0,122.0,6.93,4.2,23.0,0,2002
200.0,2920.0,14.6,28.0,64.9,73.0,190.0,4.55,15.0,32.5,119.0,7.08,4.17,23.0,0,2002
63.0,867.0,13.8,4.0,19.3,71.0,186.0,4.47,15.0,41.0,129.0,6.84,4.04,22.0,0,2002
59.0,819.0,13.9,5.0,21.0,69.0,180.0,4.35,15.0,36.0,122.0,6.93,4.2,23.0,0,2002
72.0,814.0,11.3,3.0,18.5,72.0,217.0,4.56,15.0,40.5,126.0,6.82,4.13,22.0,1,2002
125.0,2551.0,20.4,25.0,110.9,74.0,202.0,4.4,15.0,36.0,122.0,6.93,4.2,22.0,0,2003
92.0,1831.0,19.9,20.0,53.9,74.0,230.0,4.41,15.0,39.0,132.0,6.93,4.2,22.0,1,2003
110.0,2008.0,18.3,10.0,42.7,74.0,214.0,4.57,15.0,36.0,122.0,6.93,4.2,22.0,1,2003
133.0,2097.0,15.8,16.0,47.7,72.0,205.0,4.42,15.0,36.0,122.0,6.93,4.2,22.0,0,2003
117.0,1740.0,14.9,11.0,49.7,71.0,201.0,4.38,15.0,38.5,127.0,6.93,4.2,24.0,0,2003
118.0,1790.0,15.2,21.0,49.7,73.0,216.0,4.72,15.0,33.5,114.0,7.35,4.33,22.0,1,2003
194.0,2636.0,13.6,17.0,58.6,76.0,223.0,4.34,15.0,38.0,127.0,6.73,4.26,22.0,0,2003
41.0,467.0,11.4,8.0,42.5,77.0,247.0,4.61,15.0,33.5,122.0,6.93,4.2,21.0,0,2003
87.0,1453.0,16.7,6.0,90.8,74.0,223.0,4.42,15.0,36.0,122.0,6.93,4.2,24.0,0,2003
248.0,3287.0,13.3,22.0,99.6,72.0,197.0,4.51,15.0,42.5,126.0,6.96,4.16,22.0,1,2003
174.0,2789.0,16.0,19.0,126.8,71.0,186.0,4.42,15.0,36.0,122.0,6.76,3.99,25.0,0,2003
210.0,2978.0,14.2,24.0,62.0,76.0,210.0,4.61,15.0,36.0,122.0,6.93,4.2,23.0,0,2003
152.0,2806.0,18.5,24.0,77.9,68.0,169.0,4.43,15.0,36.0,122.0,6.93,4.2,22.0,0,2003
152.0,2470.0,16.3,19.0,72.6,72.0,184.0,4.62,15.0,36.0,122.0,6.93,4.2,22.0,0,2003
146.0,2195.0,15.0,15.0,47.7,74.0,209.0,4.59,15.0,39.5,121.0,7.22,4.2,22.0,0,2003
230.0,3351.0,14.6,23.0,74.5,70.0,193.0,4.66,15.0,34.5,115.0,7.01,4.11,22.0,0,2003
200.0,2704.0,13.5,18.0,79.5,76.0,217.0,4.45,15.0,36.0,122.0,6.93,4.2,22.0,0,2003
82.0,1343.0,16.4,7.0,61.0,71.0,215.0,4.49,15.0,32.0,119.0,7.32,4.26,23.0,0,2003
97.0,1869.0,19.3,20.0,85.0,74.0,213.0,4.52,15.0,35.5,116.0,7.05,4.16,23.0,0,2003
89.0,1229.0,13.8,11.0,37.2,71.0,196.0,4.52,15.0,34.0,122.0,7.41,4.35,23.0,0,2003
63.0,826.0,13.1,5.0,41.3,73.0,217.0,4.58,15.0,35.0,117.0,6.74,4.06,23.0,1,2003
162.0,2552.0,15.8,22.0,55.5,70.0,178.0,4.56,15.0,31.5,114.0,7.34,4.28,22.0,0,2003
69.0,1058.0,15.3,7.0,46.0,77.0,214.0,4.54,15.0,39.0,121.0,6.9,4.25,23.0,0,2003
90.0,1595.0,17.7,19.0,33.9,73.0,205.0,4.44,15.0,34.5,116.0,7.54,4.43,23.0,0,2003
161.0,2677.0,16.6,34.0,103.0,75.0,225.0,4.48,15.0,36.0,122.0,6.93,4.2,21.0,1,2004
241.0,3866.0,16.0,36.0,80.5,74.0,212.0,4.48,15.0,36.0,122.0,6.93,4.2,22.0,1,2004
238.0,3536.0,14.9,22.0,98.2,76.0,229.0,4.56,15.0,36.0,122.0,6.93,4.2,21.0,1,2004
172.0,3382.0,19.7,26.0,80.5,71.0,197.0,4.39,15.0,34.5,120.0,6.93,4.2,23.0,1,2004
182.0,2582.0,14.2,21.0,66.2,75.0,209.0,4.67,15.0,32.5,116.0,6.77,4.09,21.0,1,2004
157.0,2746.0,17.5,16.0,72.3,76.0,218.0,4.4,15.0,36.0,122.0,6.93,4.2,22.0,1,2004
293.0,4414.0,15.1,42.0,92.0,74.0,202.0,4.47,15.0,39.0,125.0,6.93,3.97,23.0,0,2004
76.0,1308.0,17.2,19.0,52.3,71.0,198.0,4.41,15.0,36.0,122.0,6.93,4.2,22.0,1,2004
272.0,4031.0,14.8,47.0,85.8,73.0,188.0,4.5,15.0,36.0,122.0,6.93,4.2,22.0,0,2004
205.0,2926.0,14.3,19.0,59.7,73.0,207.0,4.6,15.0,30.0,122.0,6.93,4.2,22.0,0,2004
163.0,2218.0,13.6,15.0,59.9,75.0,196.0,4.54,15.0,36.0,122.0,6.93,4.2,22.0,0,2004
182.0,2588.0,14.2,23.0,57.5,73.0,183.0,4.58,15.0,38.0,128.0,7.34,4.18,23.0,1,2004
106.0,1666.0,15.7,19.0,55.5,73.0,213.0,4.52,15.0,37.0,129.0,6.93,4.2,22.0,0,2004
216.0,3031.0,14.0,21.0,61.9,69.0,198.0,4.33,15.0,38.5,114.0,6.97,4.06,23.0,0,2004
169.0,2599.0,15.4,18.0,54.1,70.0,179.0,4.39,15.0,36.0,122.0,6.93,4.2,23.0,0,2004
200.0,3119.0,15.6,21.0,65.0,72.0,212.0,4.54,15.0,36.0,121.0,6.93,3.91,22.0,1,2004
126.0,2052.0,16.3,11.0,41.9,76.0,226.0,4.79,15.0,40.5,130.0,6.93,4.17,25.0,1,2004
88.0,1535.0,17.4,7.0,48.0,76.0,229.0,4.51,15.0,41.0,130.0,7.34,4.22,22.0,0,2004
96.0,1224.0,12.8,11.0,49.0,74.0,199.0,4.53,15.0,41.0,131.0,6.79,4.08,23.0,0,2004
41.0,632.0,15.4,1.0,20.4,76.0,204.0,4.36,15.0,36.0,122.0,6.93,4.2,23.0,0,2004
76.0,1066.0,14.0,7.0,30.5,75.0,210.0,4.54,15.0,34.5,122.0,7.04,4.2,20.0,0,2004
108.0,1705.0,15.8,10.0,65.6,73.0,197.0,4.46,15.0,36.0,122.0,6.93,4.2,23.0,0,2004
147.0,2224.5,14.9,17.0,57.4,74.0,244.0,4.6,18.0,33.5,119.0,6.78,4.16,23.0,0,2004
90.0,1072.0,11.9,9.0,24.4,71.0,199.0,4.51,15.0,38.0,124.0,7.06,4.17,22.0,0,2004
147.0,2224.5,14.9,17.0,57.4,78.0,211.0,4.55,15.0,34.0,122.0,6.84,4.16,21.0,0,2004
174.0,2238.0,12.9,12.0,49.7,70.0,194.0,4.78,15.0,32.5,114.0,6.93,4.35,22.0,0,2004
252.0,3541.0,14.1,39.0,80.5,75.0,211.0,4.45,15.0,36.0,122.0,6.93,4.2,22.0,1,2005
91.0,1754.0,19.3,13.0,51.6,73.0,203.0,4.32,15.0,36.0,122.0,6.99,4.2,22.0,0,2005
176.0,2579.0,14.7,30.0,99.2,77.0,229.0,4.56,15.0,36.5,122.0,6.93,4.2,21.0,0,2005
220.0,3236.0,14.7,31.0,63.5,70.0,193.0,4.41,15.0,36.5,118.0,6.95,4.07,23.0,1,2005
163.0,3112.0,19.1,26.0,69.2,73.0,207.0,4.46,15.0,36.0,122.0,6.93,4.2,23.0,1,2005
144.0,2008.0,13.9,12.0,38.6,74.0,196.0,4.45,15.0,41.5,128.0,6.99,3.94,24.0,1,2005
23.0,491.0,21.3,7.0,37.8,73.0,201.0,4.37,15.0,39.5,128.0,6.96,3.98,23.0,0,2005
86.0,1355.0,15.8,12.0,37.6,70.0,168.0,4.37,15.0,36.0,122.0,6.93,4.2,23.0,1,2005
172.0,2600.0,15.1,10.0,57.8,73.0,202.0,4.39,15.0,36.0,122.0,6.93,4.2,22.0,0,2005
147.0,2224.5,14.9,17.0,57.4,77.0,241.0,4.46,15.0,39.0,122.0,6.93,4.2,22.0,1,2005
170.0,2524.0,14.8,12.0,56.1,72.0,189.0,4.41,15.0,36.5,126.0,6.6,3.94,22.0,0,2005
93.0,1878.0,20.2,22.0,81.7,76.0,197.0,4.5,15.0,36.0,122.0,6.93,4.2,22.0,1,2005
82.0,1187.0,14.5,14.0,25.8,73.0,210.0,4.42,15.0,37.0,114.0,7.03,4.08,23.0,0,2005
147.0,2224.5,14.9,17.0,57.4,71.0,181.0,4.28,15.0,35.5,123.0,6.93,4.2,22.0,0,2005
137.0,2025.0,14.8,10.0,45.0,70.0,186.0,4.49,15.0,38.0,125.0,7.05,4.07,22.0,0,2005
147.0,2224.5,14.9,17.0,57.4,72.0,185.0,4.51,15.0,38.0,121.0,6.81,3.95,24.0,0,2005
239.0,3031.0,12.7,29.0,68.9,67.0,183.0,4.62,15.0,37.0,116.0,6.7,3.94,23.0,0,2005
84.0,1547.0,18.4,6.0,36.8,74.0,229.0,4.46,15.0,34.0,116.0,7.0,4.2,23.0,0,2005
156.0,1885.0,12.1,16.0,82.0,72.0,219.0,4.71,15.0,31.5,122.0,6.93,4.2,23.0,0,2005
147.0,2224.5,14.9,17.0,57.4,73.0,211.0,4.4,15.0,37.0,120.0,7.19,4.21,23.0,0,2005
140.0,2295.0,16.4,25.0,63.8,71.0,188.0,4.35,15.0,36.0,122.0,6.93,4.2,22.0,1,2006
120.0,1586.0,13.2,16.0,42.9,73.0,213.0,4.32,15.0,38.5,122.0,6.73,3.97,21.0,0,2006
68.0,1106.0,16.3,9.0,23.0,68.0,185.0,4.38,15.0,36.0,122.0,6.93,4.2,22.0,0,2006
238.0,3539.0,14.9,39.0,84.3,71.0,197.0,4.42,15.0,36.5,117.0,6.68,4.16,22.0,1,2006
10.0,196.0,19.6,0.0,6.1,71.0,190.0,4.41,16.0,38.0,124.0,6.93,4.2,23.0,1,2006
105.0,1315.0,12.5,17.0,29.9,74.0,214.0,4.47,15.0,36.5,120.0,6.7,3.99,22.0,0,2006
258.0,3939.0,15.3,27.0,78.8,74.0,208.0,4.45,15.0,36.0,124.0,6.93,4.07,21.0,0,2006
202.0,2924.0,14.5,10.0,56.2,69.0,179.0,4.48,15.0,34.5,115.0,6.87,4.07,22.0,0,2006
130.0,2195.0,16.9,18.0,47.7,76.0,217.0,4.57,15.0,35.0,122.0,6.81,4.14,21.0,0,2006
147.0,2224.5,14.9,17.0,57.4,70.0,188.0,4.34,15.0,37.5,117.0,7.06,4.26,23.0,0,2006
147.0,2224.5,14.9,17.0,57.4,73.0,227.0,4.57,15.0,36.0,122.0,6.93,4.2,23.0,0,2006
147.0,2224.5,14.9,17.0,57.4,74.0,213.0,4.46,15.0,39.5,128.0,7.0,4.33,22.0,0,2006
169.0,2247.0,13.3,13.0,47.8,72.0,212.0,4.62,20.0,37.0,118.0,6.93,4.2,23.0,1,2006
162.0,2660.0,16.4,20.0,59.1,74.0,197.0,4.52,15.0,38.0,127.0,6.84,4.08,23.0,0,2006
112.0,1674.0,14.9,13.0,38.0,76.0,229.0,4.52,15.0,37.0,120.0,6.93,4.2,22.0,1,2006
111.0,1129.0,10.2,9.0,25.7,69.0,192.0,4.53,15.0,34.0,118.0,6.93,4.2,21.0,0,2006
147.0,2224.5,14.9,17.0,57.4,73.0,240.0,4.49,15.0,36.5,118.0,6.93,4.2,22.0,0,2006
147.0,2224.5,14.9,17.0,57.4,69.0,181.0,4.44,15.0,37.5,118.0,6.88,4.12,23.0,0,2006
234.0,2890.0,12.4,20.0,65.7,74.0,211.0,4.4,15.0,37.0,126.0,6.81,4.08,24.0,0,2006
97.0,1313.0,13.5,18.0,25.7,73.0,205.0,4.45,15.0,38.0,116.0,7.17,4.21,22.0,0,2006
223.0,3634.0,16.3,20.0,79.0,70.0,192.0,4.57,15.0,34.0,116.0,6.88,4.2,23.0,0,2006
147.0,2224.5,14.9,17.0,57.4,77.0,224.0,4.5,16.0,37.0,123.0,6.94,4.43,23.0,1,2006
178.0,2927.0,16.4,28.0,77.0,77.0,239.0,4.35,15.0,36.0,122.0,6.93,4.2,21.0,1,2007
135.0,1943.0,14.4,15.0,52.5,71.0,178.0,4.38,15.0,36.0,122.0,6.93,4.2,22.0,1,2007
154.0,2403.0,15.6,26.0,52.2,74.0,221.0,4.51,15.0,33.0,125.0,6.81,4.35,22.0,1,2007
125.0,2140.0,17.1,17.0,57.8,74.0,214.0,4.39,15.0,37.5,121.0,6.97,4.31,22.0,1,2007
87.0,1286.0,14.8,13.0,39.0,72.0,193.0,4.44,15.0,38.0,123.0,6.54,4.08,22.0,1,2007
142.0,2233.0,15.7,23.0,93.0,75.0,200.0,4.51,15.0,39.5,119.0,7.09,4.34,21.0,1,2007
216.0,3138.0,14.5,41.0,82.6,76.0,219.0,4.62,15.0,36.0,122.0,6.93,4.2,20.0,0,2007
190.0,3019.0,15.9,22.0,65.6,72.0,197.0,4.44,15.0,38.0,120.0,6.68,4.19,22.0,1,2007
147.0,2224.5,14.9,17.0,57.4,75.0,210.0,4.5,15.0,34.0,129.0,7.03,4.31,23.0,1,2007
73.0,1144.0,15.7,6.0,33.6,71.0,174.0,4.3,15.0,36.0,123.0,6.85,4.21,24.0,0,2007
147.0,2224.5,14.9,17.0,57.4,74.0,199.0,4.38,19.0,39.0,127.0,6.83,4.28,22.0,0,2007
148.0,2704.0,18.3,32.0,62.9,72.0,204.0,4.32,15.0,37.0,123.0,7.02,4.22,22.0,0,2007
126.0,1496.0,11.9,12.0,34.0,73.0,207.0,4.54,22.0,34.0,119.0,7.06,4.2,23.0,1,2007
175.0,2370.0,13.5,16.0,67.7,74.0,209.0,4.35,18.0,36.5,121.0,6.92,4.39,22.0,1,2007
72.0,1048.0,14.6,8.0,27.6,73.0,205.0,4.45,15.0,38.5,125.0,7.03,4.24,23.0,0,2007
190.0,3218.0,16.9,32.0,65.7,71.0,186.0,4.48,15.0,36.5,122.0,6.62,4.32,23.0,0,2007
258.0,3697.0,14.3,22.0,73.9,69.0,179.0,4.47,15.0,35.0,123.0,6.71,4.21,22.0,0,2007
137.0,1842.0,13.4,12.0,36.1,70.0,181.0,4.5,15.0,35.5,115.0,6.66,4.14,23.0,0,2007
156.0,1696.0,10.9,10.0,35.3,72.0,193.0,4.46,15.0,33.0,124.0,6.9,4.29,24.0,1,2007
145.0,1732.0,11.9,11.0,78.7,72.0,198.0,4.39,15.0,37.0,127.0,6.93,4.2,21.0,0,2007
69.0,1024.0,14.8,12.0,39.4,74.0,225.0,4.41,19.0,40.0,119.0,6.93,4.2,23.0,0,2007
153.0,2098.0,13.7,9.0,42.0,74.0,204.0,4.5,15.0,36.0,122.0,7.22,4.28,23.0,0,2007
47.0,605.0,12.9,5.0,28.8,76.0,217.0,4.49,15.0,36.0,122.0,6.93,4.2,23.0,0,2007
151.0,2236.0,14.8,21.0,43.8,75.0,208.0,4.53,15.0,36.0,129.0,6.69,4.19,24.0,0,2007
131.0,1584.0,12.1,6.0,36.0,69.0,194.0,4.59,17.0,33.0,122.0,6.93,4.2,22.0,0,2007
139.0,1750.0,12.6,7.0,56.5,71.0,197.0,4.56,15.0,35.0,120.0,6.91,4.14,23.0,0,2007
85.0,1426.0,16.8,6.0,31.0,72.0,191.0,4.45,15.0,35.5,120.0,7.12,4.4,22.0,0,2007
210.0,3289.0,15.7,19.0,65.8,71.0,192.0,4.43,16.0,36.0,122.0,6.93,4.2,24.0,0,2008
85.0,1350.0,15.9,9.0,58.7,74.0,216.0,4.41,15.0,28.0,126.0,7.15,4.26,21.0,0,2008
206.0,2822.0,13.7,20.0,78.4,75.0,217.0,4.51,15.0,31.0,123.0,7.03,4.35,23.0,1,2008
191.0,2740.0,14.3,36.0,83.0,77.0,217.0,4.45,18.0,31.5,125.0,6.84,4.2,22.0,0,2008
119.0,1778.0,14.9,12.0,34.9,70.0,184.0,4.39,24.0,36.0,124.0,7.07,4.34,22.0,1,2008
147.0,2224.5,14.9,17.0,57.4,74.0,199.0,4.42,15.0,37.5,136.0,7.08,4.52,22.0,0,2008
162.0,2423.0,15.0,22.0,67.3,70.0,169.0,4.35,15.0,36.0,120.0,6.93,4.2,21.0,1,2008
144.0,2285.0,15.9,21.0,58.6,76.0,224.0,4.68,15.0,36.0,122.0,6.93,4.2,21.0,0,2008
124.0,1915.0,15.4,20.0,43.5,76.0,215.0,4.48,15.0,35.0,122.0,6.93,4.2,23.0,0,2008
147.0,2224.5,14.9,17.0,57.4,69.0,182.0,4.33,15.0,29.5,122.0,6.81,4.38,22.0,0,2008
236.0,2852.0,12.1,20.0,81.5,71.0,209.0,4.48,15.0,26.0,110.0,7.15,4.22,21.0,1,2008
160.0,1943.0,12.1,20.0,43.2,72.0,209.0,4.59,15.0,36.0,122.0,6.93,4.2,22.0,0,2008
173.0,2924.0,16.9,15.0,63.6,71.0,176.0,4.51,15.0,31.0,120.0,6.57,4.12,23.0,1,2008
137.0,2310.0,16.9,27.0,67.9,72.0,181.0,4.59,16.0,32.0,117.0,7.34,4.27,22.0,1,2008
185.0,2349.0,12.7,16.0,44.3,72.0,204.0,4.35,15.0,33.0,124.0,6.75,4.11,23.0,0,2008
143.0,2125.0,14.9,13.0,48.3,72.0,214.0,4.37,15.0,34.5,122.0,6.93,4.2,22.0,0,2008
153.0,2073.0,13.5,13.0,42.3,73.0,221.0,4.51,20.0,26.5,111.0,7.1,4.42,23.0,0,2008
136.0,1748.0,12.9,12.0,49.9,71.0,187.0,4.57,14.0,36.0,117.0,6.93,4.2,22.0,0,2008
189.0,2376.0,12.6,25.0,51.7,72.0,201.0,4.44,10.0,38.5,125.0,6.77,4.2,23.0,0,2008
122.0,1817.0,14.9,16.0,35.6,72.0,219.0,4.46,15.0,36.0,122.0,6.93,4.2,23.0,0,2008
178.0,2485.0,14.0,21.0,54.0,71.0,202.0,4.69,15.0,27.5,115.0,7.31,4.77,23.0,0,2008
147.0,2224.5,14.9,17.0,57.4,71.0,177.0,4.5,14.0,32.0,118.0,6.75,4.18,24.0,0,2008
147.0,2224.5,14.9,17.0,57.4,72.0,210.0,4.42,20.0,36.5,125.0,6.9,4.19,22.0,1,2008
83.0,1338.0,16.1,8.0,26.8,75.0,213.0,4.56,15.0,28.5,120.0,7.03,4.43,23.0,0,2008
109.0,1438.0,13.2,16.0,41.1,75.0,203.0,4.55,15.0,36.0,122.0,6.93,4.2,22.0,0,2008
138.0,2089.0,15.1,13.0,55.0,74.0,210.0,4.3,16.0,38.5,126.0,6.8,4.18,22.0,1,2009
231.0,3127.0,13.5,41.0,120.3,73.0,215.0,4.54,15.0,36.0,122.0,6.93,4.2,21.0,1,2009
182.0,2315.0,12.7,22.0,82.7,72.0,198.0,4.43,15.0,36.0,122.0,6.93,4.2,21.0,1,2009
133.0,1929.0,14.5,13.0,53.6,71.0,192.0,4.39,19.0,36.0,122.0,6.93,4.2,21.0,1,2009
181.0,2840.0,15.7,21.0,78.9,73.0,212.0,4.51,15.0,36.0,122.0,6.93,4.2,21.0,1,2009
178.0,3043.0,17.1,17.0,89.5,75.0,218.0,4.47,23.0,37.0,124.0,6.93,4.47,20.0,1,2009
127.0,1866.0,14.7,24.0,36.6,75.0,209.0,4.46,15.0,37.5,122.0,6.72,4.19,21.0,0,2009
158.0,2282.0,14.4,16.0,44.7,73.0,210.0,4.51,15.0,36.5,127.0,6.93,4.2,22.0,0,2009
161.0,1743.0,10.8,9.0,37.9,71.0,194.0,4.47,15.0,33.0,122.0,6.93,4.2,23.0,0,2009
46.0,927.0,20.2,8.0,22.6,72.0,183.0,4.52,15.0,36.0,122.0,6.93,4.2,21.0,0,2009
101.0,1910.0,18.9,15.0,51.6,72.0,199.0,4.33,14.0,40.0,129.0,6.9,4.27,23.0,1,2009
147.0,2224.5,14.9,17.0,57.4,78.0,229.0,4.51,17.0,33.5,118.0,6.93,4.26,23.0,0,2009
138.0,1752.0,12.7,17.0,36.5,77.0,223.0,4.59,15.0,36.0,122.0,6.93,4.2,22.0,0,2009
179.0,2771.0,15.5,22.0,55.4,70.0,182.0,4.31,12.0,34.5,118.0,7.01,4.48,23.0,0,2009
202.0,2861.0,14.2,19.0,53.0,73.0,210.0,4.44,15.0,34.5,116.0,6.93,4.4,22.0,0,2009
259.0,3231.0,12.5,22.0,67.3,68.0,195.0,4.3,15.0,40.5,126.0,6.65,4.28,22.0,1,2009
90.0,1429.0,15.9,12.0,37.6,74.0,195.0,4.49,15.0,34.5,120.0,6.65,4.12,22.0,1,2009
77.0,1245.0,16.2,13.0,25.9,74.0,203.0,4.32,12.0,36.0,122.0,6.93,4.2,22.0,0,2009
215.0,3255.0,15.1,30.0,88.0,73.0,200.0,4.53,17.0,34.0,120.0,6.78,4.24,23.0,1,2009
147.0,2224.5,14.9,17.0,57.4,71.0,185.0,4.34,15.0,35.0,122.0,6.81,4.15,22.0,1,2009
207.0,2781.0,13.4,19.0,59.2,72.0,189.0,4.37,15.0,37.0,113.0,6.96,4.1,22.0,0,2009
292.0,4138.0,14.2,60.0,84.4,70.0,191.0,4.5,13.0,42.5,129.0,7.1,4.41,23.0,0,2009
147.0,2224.5,14.9,17.0,57.4,72.0,184.0,4.4,20.0,36.0,122.0,6.93,4.2,24.0,0,2009
182.0,2756.0,15.1,17.0,61.2,72.0,210.0,4.59,15.0,36.0,122.0,6.93,4.2,22.0,0,2009
147.0,2224.5,14.9,17.0,57.4,74.0,204.0,4.42,15.0,37.0,120.0,6.93,4.18,23.0,0,2009
119.0,1710.0,14.4,17.0,35.6,71.0,189.0,4.5,15.0,36.0,122.0,6.93,4.2,22.0,0,2009
164.0,2653.0,16.2,14.0,52.0,69.0,189.0,4.45,13.0,30.0,110.0,7.03,4.28,23.0,0,2009
153.0,2763.0,18.1,22.0,70.8,76.0,218.0,4.43,9.0,32.0,116.0,7.04,4.33,24.0,0,2009
132.0,1931.0,14.6,16.0,38.6,73.0,184.0,4.31,7.0,41.5,129.0,6.62,4.11,22.0,0,2009
120.0,2339.0,19.5,15.0,60.0,75.0,224.0,4.52,15.0,36.0,122.0,6.93,4.2,22.0,1,2010
147.0,2425.0,16.5,29.0,86.6,74.0,225.0,4.52,15.0,36.0,122.0,6.93,4.2,21.0,1,2010
115.0,1471.0,12.8,6.0,43.3,69.0,172.0,4.53,20.0,37.5,118.0,6.93,4.06,21.0,1,2010
159.0,2221.0,14.0,7.0,60.0,73.0,219.0,4.57,20.0,37.0,118.0,6.93,4.2,21.0,0,2010
157.0,2707.0,17.2,26.0,73.2,70.0,199.0,4.42,17.0,35.0,120.0,7.12,4.34,22.0,1,2010
147.0,2114.0,14.4,17.0,55.6,73.0,197.0,4.52,19.0,38.0,118.0,6.79,4.24,22.0,0,2010
175.0,2517.0,14.4,25.0,49.4,74.0,211.0,4.58,15.0,36.0,115.0,6.81,4.23,23.0,1,2010
285.0,3791.0,13.3,34.0,80.7,71.0,186.0,4.4,12.0,39.5,126.0,6.64,4.1,23.0,0,2010
248.0,3191.0,12.9,33.0,60.2,71.0,193.0,4.6,16.0,36.5,116.0,6.93,4.2,24.0,0,2010
227.0,3119.0,13.7,24.0,69.3,75.0,217.0,4.54,15.0,36.0,122.0,6.93,4.2,23.0,1,2010
147.0,2224.5,14.9,17.0,57.4,71.0,195.0,4.4,15.0,36.0,120.0,6.77,4.15,22.0,1,2010
147.0,2224.5,14.9,17.0,57.4,71.0,187.0,4.41,15.0,36.0,122.0,6.93,4.2,22.0,0,2010
149.0,2019.0,13.6,14.0,38.8,72.0,204.0,4.4,16.0,37.0,114.0,6.82,4.34,22.0,0,2010
204.0,3003.0,14.7,25.0,75.1,72.0,187.0,4.61,15.0,39.0,116.0,6.92,4.4,23.0,0,2010
133.0,2044.0,15.4,20.0,70.5,73.0,221.0,4.53,8.0,33.5,116.0,6.9,4.31,23.0,1,2010
53.0,997.0,18.8,8.0,29.3,75.0,210.0,4.39,16.0,34.0,123.0,6.94,4.6,22.0,0,2010
143.0,1986.0,13.9,16.0,41.4,69.0,186.0,4.28,15.0,33.5,115.0,7.0,4.44,23.0,0,2010
106.0,1615.0,15.2,11.0,62.1,72.0,191.0,4.56,15.0,37.0,114.0,6.95,4.38,23.0,0,2010
81.0,1496.0,18.5,18.0,29.3,75.0,222.0,4.53,15.0,33.0,114.0,6.93,4.2,22.0,1,2010
199.0,2030.0,10.2,16.0,81.2,74.0,224.0,4.62,13.0,35.0,115.0,6.93,4.23,23.0,0,2010
105.0,1648.0,15.7,9.0,44.5,75.0,215.0,4.46,16.0,36.0,122.0,6.96,4.55,22.0,0,2010
305.0,3199.0,10.5,22.0,78.0,70.0,186.0,4.56,13.0,33.5,105.0,6.98,4.18,22.0,1,2010
147.0,2224.5,14.9,17.0,57.4,65.0,166.0,4.34,10.0,42.0,116.0,6.54,4.48,24.0,0,2010
116.0,1555.0,13.4,4.0,33.1,75.0,217.0,4.43,15.0,34.5,124.0,6.94,4.41,23.0,0,2010
109.0,1626.0,14.9,18.0,39.7,70.0,188.0,4.4,11.0,33.0,118.0,7.0,4.19,22.0,0,2010
166.0,2619.0,15.8,23.0,81.8,76.0,211.0,4.48,18.0,34.5,126.0,6.91,4.21,23.0,1,2011
179.0,2653.0,14.8,15.0,66.3,75.0,220.0,4.34,17.0,38.5,135.0,6.66,4.25,22.0,1,2011
128.0,2337.0,18.3,16.0,59.9,76.0,228.0,4.49,20.0,42.0,129.0,7.07,4.34,22.0,0,2011
204.0,3063.0,15.0,25.0,71.2,71.0,174.0,4.43,15.0,36.0,123.0,6.93,4.2,22.0,0,2011
152.0,2215.0,14.6,19.0,58.3,73.0,204.0,4.41,19.0,41.0,126.0,6.72,4.13,22.0,1,2011
75.0,823.0,11.0,6.0,34.3,74.0,231.0,4.51,27.0,40.5,129.0,6.8,4.21,22.0,0,2011
147.0,2224.5,14.9,17.0,57.4,70.0,191.0,4.46,16.0,33.5,115.0,7.08,4.34,21.0,1,2011
229.0,2838.0,12.4,39.0,54.6,75.0,209.0,4.56,14.0,33.5,120.0,6.68,3.88,23.0,0,2011
134.0,2160.0,16.1,22.0,51.4,73.0,209.0,4.4,14.0,36.0,117.0,6.94,4.21,22.0,0,2011
209.0,3110.0,14.9,23.0,70.7,71.0,187.0,4.68,12.0,33.5,121.0,6.64,4.25,22.0,0,2011
262.0,3128.0,11.9,18.0,62.6,69.0,185.0,4.46,11.0,37.5,124.0,7.07,4.25,22.0,0,2011
147.0,2224.5,14.9,17.0,57.4,72.0,192.0,4.31,16.0,40.0,131.0,6.93,4.2,25.0,0,2011
285.0,4345.0,15.2,26.0,90.5,73.0,210.0,4.53,15.0,37.0,120.0,6.65,4.1,23.0,0,2011
147.0,2224.5,14.9,17.0,57.4,72.0,205.0,4.5,21.0,34.5,114.0,6.5,4.07,23.0,1,2011
154.0,1854.0,12.0,13.0,59.8,74.0,201.0,4.62,14.0,36.0,122.0,6.93,4.2,21.0,0,2011
183.0,2242.0,12.3,21.0,62.3,70.0,199.0,4.42,19.0,36.0,122.0,6.93,4.2,23.0,0,2011
112.0,2004.0,17.9,18.0,38.5,72.0,194.0,4.43,13.0,36.0,118.0,6.78,4.15,22.0,1,2011
120.0,1299.0,10.8,12.0,26.0,69.0,189.0,4.56,16.0,34.5,120.0,6.93,4.2,22.0,1,2011
103.0,1532.0,14.9,5.0,33.3,73.0,224.0,4.45,24.0,34.5,117.0,6.9,4.14,22.0,0,2011
147.0,2224.5,14.9,17.0,57.4,71.0,191.0,4.49,12.0,36.0,122.0,6.93,4.2,22.0,0,2011
140.0,1884.0,13.5,7.0,39.3,73.0,202.0,4.53,18.0,38.5,123.0,6.67,4.09,22.0,0,2011
268.0,3001.0,11.2,20.0,60.0,70.0,203.0,4.53,10.0,34.0,111.0,6.77,4.21,23.0,0,2011
181.0,3314.0,18.3,30.0,72.0,70.0,184.0,4.35,17.0,40.0,126.0,6.65,4.09,22.0,0,2011
147.0,2224.5,14.9,17.0,57.4,73.0,221.0,4.5,19.0,34.5,117.0,7.04,4.31,21.0,0,2011
146.0,2242.0,15.4,18.0,46.7,74.0,204.0,4.41,14.0,36.0,122.0,6.93,4.2,25.0,0,2011
253.0,3564.0,14.1,40.0,93.8,73.0,207.0,4.46,14.0,36.0,122.0,6.93,4.2,22.0,0,2012
271.0,3686.0,13.6,37.0,85.7,75.0,220.0,4.4,16.0,36.5,122.0,6.93,4.2,22.0,1,2012
302.0,4004.0,13.3,30.0,80.1,70.0,196.0,4.49,15.0,38.5,121.0,6.93,4.18,22.0,1,2012
167.0,2432.0,14.6,19.0,52.9,72.0,190.0,4.37,12.0,38.5,124.0,6.93,4.2,22.0,0,2012
147.0,2224.5,14.9,17.0,57.4,75.0,220.0,4.5,15.0,34.0,119.0,7.1,4.23,23.0,0,2012
49.0,1248.0,25.5,9.0,32.8,76.0,215.0,4.36,14.0,39.5,133.0,6.88,4.48,21.0,0,2012
183.0,3042.0,16.6,23.0,76.1,75.0,216.0,4.48,15.0,36.0,122.0,6.93,4.2,22.0,1,2012
349.0,4586.0,13.1,45.0,95.5,70.0,192.0,4.57,21.0,36.0,122.0,6.93,4.2,24.0,0,2012
97.0,1634.0,16.8,13.0,40.9,75.0,210.0,4.55,15.0,31.0,121.0,6.99,4.36,21.0,1,2012
136.0,1955.0,14.4,18.0,46.5,74.0,211.0,4.39,14.0,36.5,123.0,7.03,4.15,22.0,0,2012
99.0,1453.0,14.7,12.0,31.6,71.0,188.0,4.34,8.0,33.5,120.0,6.77,4.18,23.0,0,2012
210.0,2263.0,10.8,12.0,59.6,73.0,211.0,4.62,19.0,36.0,126.0,6.88,4.22,23.0,1,2012
229.0,3531.0,15.4,24.0,70.6,69.0,183.0,4.34,15.0,36.0,122.0,6.93,4.2,22.0,1,2012
163.0,2473.0,15.2,21.0,68.7,71.0,198.0,4.35,19.0,33.5,118.0,6.97,4.23,22.0,0,2012
131.0,2146.0,16.4,13.0,43.8,70.0,172.0,4.31,14.0,38.0,119.0,6.93,4.2,22.0,0,2012
164.0,2410.0,14.7,17.0,51.3,71.0,179.0,4.51,15.0,36.0,123.0,7.09,4.2,22.0,0,2012
98.0,1327.0,13.5,8.0,30.9,69.0,187.0,4.36,17.0,39.0,123.0,6.93,4.2,24.0,0,2012
168.0,2934.0,17.5,24.0,58.7,70.0,182.0,4.39,11.0,38.0,120.0,6.93,4.03,22.0,1,2012
127.0,1714.0,13.5,10.0,35.7,71.0,188.0,4.42,13.0,39.5,122.0,6.85,4.13,22.0,0,2012
171.0,2447.0,14.3,18.0,52.1,74.0,215.0,4.49,18.0,37.5,122.0,6.93,4.2,23.0,0,2012
156.0,2270.0,14.6,13.0,52.8,74.0,199.0,4.46,22.0,33.0,112.0,6.81,4.11,22.0,1,2012
209.0,2859.0,13.7,32.0,57.2,74.0,224.0,4.66,17.0,38.0,117.0,7.15,4.3,22.0,0,2012
169.0,2850.0,16.9,28.0,73.1,75.0,216.0,4.48,15.0,37.0,122.0,7.15,4.07,23.0,0,2012
187.0,2515.0,13.4,18.0,51.3,71.0,192.0,4.43,11.0,32.5,122.0,6.93,4.2,23.0,0,2012
147.0,2243.0,15.3,13.0,86.3,72.0,217.0,4.54,20.0,36.0,122.0,6.88,4.19,22.0,0,2012
88.0,1638.0,18.6,11.0,34.9,73.0,225.0,4.48,21.0,35.5,124.0,6.59,3.98,23.0,0,2012
306.0,4187.0,13.7,32.0,97.4,72.0,208.0,4.63,14.0,35.0,119.0,6.84,4.13,24.0,0,2012
147.0,2224.5,14.9,17.0,57.4,68.0,174.0,4.34,14.0,32.0,120.0,6.93,4.01,23.0,1,2013
206.0,3020.0,14.7,27.0,77.4,73.0,214.0,4.57,15.0,36.0,115.0,6.93,4.5,21.0,1,2013
46.0,778.0,16.9,5.0,64.8,74.0,216.0,4.42,15.0,37.0,128.0,6.93,4.2,22.0,1,2013
106.0,1812.0,17.1,18.0,64.7,76.0,196.0,4.44,15.0,39.5,136.0,6.93,4.33,22.0,0,2013
252.0,2930.0,11.6,32.0,77.1,72.0,201.0,4.51,14.0,33.5,117.0,7.15,4.47,21.0,1,2013
165.0,2398.0,14.5,24.0,51.0,75.0,210.0,4.37,15.0,36.0,122.0,6.93,4.2,22.0,0,2013
202.0,3334.0,16.5,27.0,65.4,74.0,208.0,4.52,11.0,32.5,119.0,7.01,4.32,23.0,1,2013
205.0,2570.0,12.5,17.0,77.9,74.0,206.0,4.58,15.0,36.0,122.0,6.93,4.2,21.0,1,2013
120.0,1364.0,11.4,7.0,27.3,69.0,183.0,4.27,13.0,36.0,132.0,6.93,4.2,22.0,0,2013
227.0,2994.0,13.2,16.0,61.1,71.0,189.0,4.45,20.0,37.0,120.0,6.8,4.02,22.0,0,2013
210.0,3218.0,15.3,41.0,82.5,70.0,193.0,4.52,11.0,34.5,117.0,6.81,4.09,22.0,0,2013
99.0,1230.0,12.4,13.0,30.8,67.0,173.0,4.58,7.0,32.0,117.0,6.81,4.37,21.0,0,2013
161.0,2535.0,15.7,22.0,65.0,71.0,206.0,4.38,22.0,34.0,131.0,6.68,4.1,22.0,0,2013
183.0,2594.0,14.2,24.0,103.8,72.0,204.0,4.53,8.0,33.0,118.0,6.91,4.01,23.0,0,2013
147.0,2224.5,14.9,17.0,57.4,70.0,199.0,4.43,15.0,36.5,123.0,7.09,4.22,22.0,0,2013
204.0,2594.0,12.7,24.0,68.3,72.0,194.0,4.38,16.0,33.5,124.0,6.93,4.35,21.0,1,2013
45.0,834.0,18.5,6.0,41.7,74.0,204.0,4.43,12.0,31.5,120.0,6.93,4.2,23.0,0,2013
175.0,2854.0,16.3,18.0,56.0,74.0,212.0,4.56,11.0,29.5,107.0,6.93,4.31,22.0,0,2013
189.0,3207.0,17.0,23.0,97.2,75.0,194.0,4.51,7.0,34.5,122.0,6.65,4.33,20.0,0,2013
240.0,3391.0,14.1,27.0,94.2,73.0,211.0,4.43,16.0,34.0,126.0,6.95,4.34,21.0,1,2014
151.0,2499.0,16.5,17.0,96.1,77.0,231.0,4.53,12.0,37.0,122.0,7.08,4.26,21.0,1,2014
143.0,2340.0,16.4,12.0,58.5,71.0,198.0,4.38,7.0,38.5,122.0,6.69,3.94,21.0,1,2014
226.0,3272.0,14.5,24.0,86.1,70.0,189.0,4.33,16.0,36.0,120.0,6.76,3.81,20.0,1,2014
84.0,1506.0,17.9,19.0,53.8,77.0,240.0,4.61,13.0,32.5,119.0,7.33,4.39,23.0,1,2014
248.0,3655.0,14.7,29.0,101.5,72.0,192.0,4.52,15.0,38.0,127.0,6.93,4.01,22.0,1,2014
262.0,3759.0,14.3,24.0,73.7,75.0,212.0,4.46,21.0,35.5,120.0,6.95,4.18,22.0,1,2014
156.0,2412.0,15.5,21.0,73.1,72.0,175.0,4.4,15.0,38.0,124.0,7.09,4.2,22.0,0,2014
233.0,3031.0,13.0,38.0,116.6,73.0,212.0,4.56,14.0,39.5,123.0,6.82,4.3,21.0,1,2014
135.0,2042.0,15.1,17.0,63.8,74.0,215.0,4.52,23.0,36.0,122.0,6.93,4.2,21.0,0,2014
177.0,2479.0,14.0,17.0,70.8,75.0,220.0,4.6,15.0,39.0,127.0,7.0,4.0,21.0,1,2014
137.0,1809.0,13.2,15.0,45.2,71.0,205.0,4.65,12.0,28.5,110.0,6.93,4.2,21.0,1,2014
144.0,2366.0,16.4,24.0,48.3,71.0,206.0,4.51,14.0,35.5,116.0,6.93,4.2,22.0,0,2014
156.0,2371.0,15.2,20.0,62.4,74.0,221.0,4.4,13.0,39.5,132.0,7.02,4.3,21.0,1,2014
147.0,2224.5,14.9,17.0,57.4,70.0,179.0,4.34,15.0,36.5,119.0,6.91,4.12,24.0,1,2014
147.0,2224.5,14.9,17.0,57.4,68.0,173.0,4.26,20.0,38.0,122.0,6.86,4.06,23.0,0,2014
203.0,3085.0,15.2,26.0,64.3,69.0,165.0,4.44,15.0,34.0,122.0,6.93,4.2,21.0,0,2014
106.0,1586.0,15.0,16.0,41.7,69.0,197.0,4.45,15.0,39.5,120.0,6.69,3.95,23.0,0,2014
61.0,1354.0,22.2,13.0,36.6,76.0,211.0,4.42,16.0,39.0,124.0,7.18,4.15,22.0,1,2014
81.0,1275.0,15.7,12.0,26.0,74.0,198.0,4.48,8.0,33.0,121.0,6.68,4.32,24.0,0,2014
196.0,2769.0,14.1,21.0,58.9,72.0,199.0,4.64,8.0,35.5,119.0,6.68,4.11,23.0,0,2014
202.0,2901.0,14.4,16.0,59.2,75.0,198.0,4.55,15.0,37.0,124.0,6.89,4.01,23.0,0,2014
202.0,3140.0,15.5,23.0,59.2,73.0,195.0,4.5,4.0,30.5,117.0,6.8,4.08,23.0,0,2014
152.0,2025.0,13.3,20.0,48.2,69.0,193.0,4.48,18.0,35.5,125.0,6.84,4.27,22.0,0,2014
181.0,2429.0,13.4,19.0,47.6,72.0,188.0,4.46,15.0,33.0,119.0,6.82,4.27,22.0,0,2014
147.0,2224.5,14.9,17.0,57.4,73.0,198.0,4.5,15.0,36.5,118.0,7.08,4.2,22.0,0,2014
115.0,1526.0,13.3,15.0,31.1,74.0,225.0,4.41,19.0,36.0,122.0,6.93,4.2,22.0,0,2014
229.0,2506.0,10.9,14.0,59.7,69.0,192.0,4.46,20.0,39.0,122.0,6.77,4.01,23.0,0,2014
147.0,2224.5,14.9,17.0,57.4,75.0,219.0,4.42,20.0,37.5,123.0,6.64,3.98,23.0,0,2014
228.0,3463.0,15.2,31.0,88.8,73.0,211.0,4.42,15.0,33.0,120.0,6.71,3.98,21.0,1,2015
144.0,1954.0,13.6,15.0,85.0,75.0,215.0,4.35,23.0,36.5,123.0,6.92,4.14,23.0,0,2015
156.0,2775.0,17.8,33.0,64.5,75.0,209.0,4.45,17.0,36.5,125.0,6.93,4.2,22.0,1,2015
178.0,2572.0,14.4,20.0,64.3,72.0,198.0,4.42,12.0,36.0,122.0,6.93,4.2,22.0,1,2015
115.0,2243.0,19.5,16.0,57.5,74.0,212.0,4.47,15.0,36.0,122.0,6.93,4.2,21.0,0,2015
121.0,2132.0,17.6,17.0,48.5,70.0,185.0,4.33,13.0,37.0,122.0,6.7,4.11,22.0,0,2015
121.0,2503.0,20.7,30.0,46.4,72.0,196.0,4.42,10.0,39.0,122.0,6.93,4.15,23.0,0,2015
87.0,1278.0,14.7,17.0,51.1,77.0,237.0,4.49,13.0,33.5,119.0,6.89,4.45,22.0,0,2015
126.0,1715.0,13.6,15.0,46.4,76.0,232.0,4.7,17.0,38.5,122.0,6.93,4.2,21.0,1,2015
249.0,3710.0,14.9,29.0,78.9,70.0,182.0,4.4,15.0,35.5,121.0,6.89,4.07,22.0,1,2015
157.0,2287.0,14.6,17.0,88.0,74.0,217.0,4.44,15.0,42.0,123.0,6.93,4.2,21.0,0,2015
117.0,1938.0,16.6,20.0,39.6,74.0,213.0,4.35,18.0,45.0,139.0,7.06,4.3,22.0,0,2015
82.0,1757.0,21.4,13.0,47.5,73.0,212.0,4.43,23.0,41.0,131.0,6.98,4.06,22.0,0,2015
172.0,2125.0,12.4,15.0,43.4,72.0,221.0,4.55,15.0,40.5,121.0,6.97,4.21,22.0,0,2015
283.0,3641.0,12.9,23.0,70.0,68.0,185.0,4.56,10.0,37.0,115.0,7.17,4.32,22.0,1,2015
387.0,4541.0,11.7,35.0,92.7,70.0,192.0,4.56,11.0,36.5,114.0,6.63,4.21,23.0,0,2015
56.0,1060.0,18.9,11.0,44.2,74.0,226.0,4.52,15.0,36.0,122.0,6.93,4.2,23.0,0,2015
270.0,3830.0,14.2,29.0,75.1,71.0,182.0,4.53,15.0,36.5,122.0,6.88,4.12,22.0,0,2015
150.0,2227.0,14.8,14.0,79.5,72.0,195.0,4.46,15.0,35.0,115.0,7.03,4.32,21.0,1,2015
145.0,2203.0,15.2,15.0,58.0,74.0,192.0,4.61,10.0,36.0,114.0,6.92,4.13,23.0,0,2015
147.0,2224.5,14.9,17.0,57.4,70.0,156.0,4.28,15.0,36.0,127.0,7.02,4.15,23.0,0,2015
88.0,1348.0,15.3,7.0,25.9,72.0,215.0,4.54,15.0,32.5,121.0,7.07,4.25,23.0,0,2015
165.0,2292.0,13.9,7.0,48.8,74.0,216.0,4.49,23.0,36.5,124.0,6.86,4.18,23.0,0,2015
51.0,971.0,19.0,9.0,27.7,78.0,238.0,4.46,12.0,37.0,125.0,7.07,4.25,22.0,0,2015
92.0,1497.0,16.3,13.0,68.0,68.0,180.0,4.43,13.0,34.0,121.0,6.64,4.07,23.0,0,2015
147.0,2224.5,14.9,17.0,57.4,72.0,210.0,4.41,16.0,38.0,122.0,6.96,4.08,22.0,0,2015
173.0,3009.0,17.4,33.0,88.5,71.0,194.0,4.42,17.0,40.5,129.0,6.93,4.2,22.0,0,2016
144.0,2512.0,17.4,30.0,78.5,72.0,186.0,4.32,10.0,33.5,126.0,6.93,4.27,22.0,1,2016
215.0,3178.0,14.8,34.0,69.1,74.0,202.0,4.5,14.0,41.0,131.0,6.84,4.08,23.0,0,2016
202.0,2393.0,11.8,21.0,68.4,74.0,221.0,4.52,12.0,33.0,117.0,6.93,4.2,21.0,0,2016
233.0,3482.0,14.9,26.0,69.6,70.0,194.0,4.48,20.0,41.0,123.0,7.0,4.35,23.0,1,2016
113.0,1602.0,14.2,18.0,41.1,75.0,212.0,4.57,18.0,35.0,126.0,6.8,4.13,23.0,1,2016
254.0,3361.0,13.2,21.0,88.4,73.0,197.0,4.58,11.0,34.0,119.0,6.9,4.35,21.0,1,2016
147.0,2224.5,14.9,17.0,57.4,73.0,201.0,4.5,17.0,35.0,123.0,6.65,4.07,23.0,0,2016
122.0,2373.0,19.5,29.0,57.9,72.0,211.0,4.5,14.0,35.5,120.0,6.93,4.2,22.0,0,2016
119.0,2301.0,19.3,26.0,46.0,73.0,206.0,4.53,10.0,37.0,130.0,6.76,4.2,23.0,0,2016
174.0,2350.0,13.5,16.0,51.1,72.0,198.0,4.45,15.0,36.0,129.0,6.94,4.34,24.0,0,2016
98.0,1338.0,13.7,8.0,26.8,74.0,215.0,4.43,18.0,38.0,132.0,6.93,4.2,22.0,0,2016
135.0,2109.0,15.6,17.0,84.4,71.0,203.0,4.52,15.0,31.0,115.0,6.93,4.2,21.0,0,2016
107.0,1366.0,12.8,9.0,47.1,73.0,203.0,4.59,15.0,34.5,123.0,6.77,4.19,21.0,0,2016
277.0,3486.0,12.6,16.0,74.2,74.0,194.0,4.55,11.0,33.5,114.0,6.93,4.2,21.0,0,2016
201.0,2702.0,13.4,14.0,53.0,73.0,207.0,4.47,15.0,34.5,121.0,7.08,4.33,23.0,0,2016
109.0,1672.0,15.3,12.0,44.0,73.0,188.0,4.42,11.0,38.5,124.0,6.6,4.22,23.0,0,2016
239.0,3649.0,15.3,31.0,96.0,73.0,196.0,4.64,13.0,32.0,116.0,6.93,4.2,21.0,0,2016
83.0,1297.0,15.6,10.0,28.8,75.0,205.0,4.47,14.0,31.5,119.0,6.93,4.2,22.0,0,2016
165.0,2174.0,13.2,10.0,47.3,72.0,206.0,4.56,20.0,30.5,115.0,7.22,4.31,22.0,0,2016
142.0,1687.0,11.9,9.0,42.2,69.0,182.0,4.72,15.0,33.0,123.0,6.93,4.2,22.0,0,2016
99.0,1172.0,11.8,10.0,23.0,74.0,209.0,4.45,12.0,35.5,122.0,6.96,4.46,23.0,0,2016
332.0,5285.0,15.9,52.0,105.7,75.0,209.0,4.47,15.0,36.0,122.0,6.93,4.2,22.0,1,2017
177.0,2727.0,15.4,21.0,69.9,76.0,218.0,4.47,15.0,32.5,121.0,6.93,4.2,22.0,1,2017
114.0,1729.0,15.2,22.0,43.2,71.0,188.0,4.22,15.0,37.0,133.0,6.93,4.2,21.0,0,2017
399.0,4279.0,10.7,23.0,87.3,74.0,201.0,4.45,15.0,36.5,133.0,6.79,4.01,22.0,0,2017
147.0,2224.5,14.9,17.0,57.4,71.0,196.0,4.31,18.0,37.0,119.0,7.09,4.33,21.0,1,2017
213.0,3092.0,14.5,25.0,77.3,73.0,215.0,4.54,15.0,32.5,120.0,6.93,4.2,20.0,1,2017
147.0,2224.5,14.9,17.0,57.4,74.0,204.0,4.62,15.0,31.0,116.0,6.75,4.08,24.0,1,2017
253.0,4234.0,16.7,41.0,83.0,71.0,203.0,4.5,13.0,33.5,132.0,6.57,4.21,22.0,0,2017
129.0,1713.0,13.3,12.0,42.8,71.0,204.0,4.49,15.0,34.0,124.0,6.93,4.2,23.0,0,2017
154.0,2421.0,15.7,18.0,60.5,73.0,209.0,4.42,19.0,36.0,126.0,7.01,4.0,21.0,1,2017
160.0,2285.0,14.3,18.0,87.9,76.0,218.0,4.5,18.0,35.5,120.0,7.0,4.15,23.0,1,2017
151.0,2062.0,13.7,14.0,43.0,74.0,214.0,4.45,17.0,36.0,124.0,6.93,4.2,23.0,0,2017
126.0,2267.0,18.0,21.0,87.2,72.0,178.0,4.47,15.0,36.0,122.0,6.93,4.2,23.0,0,2017
164.0,2788.0,17.0,30.0,73.4,75.0,194.0,4.52,15.0,37.0,124.0,6.83,4.13,22.0,0,2017
81.0,1667.0,20.6,20.0,39.7,76.0,221.0,4.53,15.0,36.0,122.0,6.93,4.2,23.0,0,2017
104.0,1608.0,15.5,14.0,41.2,75.0,208.0,4.4,10.0,30.5,121.0,7.05,4.19,21.0,0,2017
244.0,2912.0,11.9,19.0,54.9,68.0,181.0,4.51,11.0,32.0,116.0,6.77,4.0,22.0,0,2017
114.0,1639.0,14.4,12.0,34.1,75.0,204.0,4.47,10.0,35.5,132.0,6.7,4.09,23.0,0,2017
111.0,1498.0,13.5,12.0,74.9,74.0,202.0,4.53,11.0,35.0,119.0,6.74,4.13,22.0,0,2017
84.0,1898.0,22.6,17.0,49.9,71.0,191.0,4.5,8.0,32.0,118.0,6.83,4.2,23.0,0,2017
60.0,823.0,13.7,7.0,23.5,67.0,173.0,4.42,11.0,36.0,123.0,6.64,4.15,22.0,0,2017
327.0,4179.0,12.8,32.0,81.9,68.0,181.0,4.63,13.0,33.0,117.0,6.74,4.01,23.0,0,2017
222.0,3391.0,15.3,17.0,69.2,75.0,219.0,4.44,19.0,41.0,136.0,6.82,4.28,22.0,0,2017
167.0,2222.0,13.3,20.0,46.3,73.0,195.0,4.45,10.0,34.0,122.0,6.93,4.2,23.0,0,2017
210.0,2967.0,14.1,24.0,74.2,73.0,194.0,4.61,14.0,35.5,127.0,6.94,4.34,21.0,0,2017
33.0,411.0,12.5,7.0,17.1,74.0,222.0,4.47,19.0,36.0,122.0,7.07,4.33,21.0,0,2017
146.0,2027.0,13.9,17.0,54.8,72.0,210.0,4.42,15.0,39.5,132.0,6.95,4.07,21.0,1,2018
224.0,2781.0,12.4,19.0,63.2,72.0,189.0,4.43,15.0,31.0,110.0,6.88,4.41,23.0,1,2018
193.0,3193.0,16.5,31.0,86.3,75.0,218.0,4.54,18.0,35.5,124.0,6.57,4.11,22.0,1,2018
163.0,2256.0,13.8,24.0,42.6,72.0,186.0,4.47,15.0,36.0,122.0,6.93,4.2,22.0,0,2018
234.0,2856.0,12.2,26.0,73.2,70.0,201.0,4.47,20.0,35.5,115.0,7.09,4.45,21.0,1,2018
238.0,3590.0,15.1,37.0,94.5,71.0,201.0,4.47,22.0,36.0,122.0,6.93,4.2,23.0,0,2018
226.0,4472.0,19.8,39.0,86.0,71.0,213.0,4.54,14.0,34.5,120.0,7.11,4.32,22.0,0,2018
66.0,1351.0,20.5,6.0,45.0,75.0,199.0,4.34,16.0,40.0,129.0,6.93,4.2,21.0,0,2018
176.0,2685.0,15.3,21.0,103.3,73.0,205.0,4.51,10.0,36.0,122.0,6.95,4.37,22.0,1,2018
159.0,2424.0,15.2,17.0,63.8,70.0,181.0,4.43,14.0,34.5,113.0,6.93,4.15,21.0,0,2018
89.0,1399.0,15.7,7.0,53.8,71.0,200.0,4.41,15.0,34.0,121.0,6.93,4.2,21.0,0,2018
214.0,2842.0,13.3,18.0,53.6,73.0,203.0,4.47,15.0,34.5,118.0,6.84,4.15,23.0,0,2018
99.0,1362.0,13.8,14.0,54.5,77.0,218.0,4.56,16.0,34.5,124.0,7.2,4.4,23.0,0,2018
119.0,1832.0,15.4,12.0,40.7,76.0,206.0,4.37,15.0,30.5,124.0,6.93,4.2,23.0,1,2018
130.0,2040.0,15.7,20.0,48.6,74.0,202.0,4.43,11.0,33.5,115.0,6.71,4.37,22.0,0,2018
127.0,1226.0,9.7,4.0,30.7,69.0,190.0,4.53,13.0,34.5,113.0,6.93,4.2,21.0,0,2018
92.0,1484.0,16.1,13.0,46.4,77.0,214.0,4.48,20.0,36.0,122.0,6.93,4.2,21.0,0,2018
147.0,2224.5,14.9,17.0,57.4,74.0,197.0,4.55,9.0,37.0,121.0,6.89,4.23,22.0,0,2018
62.0,910.0,14.7,8.0,33.7,75.0,215.0,4.53,15.0,33.5,113.0,7.0,4.2,23.0,0,2018
146.0,2466.0,16.9,13.0,51.4,76.0,216.0,4.62,13.0,34.0,121.0,7.07,4.25,23.0,0,2018
244.0,3261.0,13.4,23.0,105.2,70.0,183.0,4.48,6.0,35.5,122.0,6.87,4.16,23.0,0,2018
65.0,957.0,14.7,16.0,31.9,77.0,228.0,4.68,15.0,31.0,112.0,6.93,4.2,21.0,0,2018
136.0,1512.0,11.1,13.0,39.8,71.0,203.0,4.55,17.0,33.5,116.0,6.91,4.19,22.0,0,2018
132.0,2413.0,18.3,17.0,89.4,69.0,166.0,4.47,15.0,36.0,122.0,6.93,4.2,22.0,1,2019
213.0,2889.0,13.6,22.0,78.1,74.0,228.0,4.53,27.0,38.5,122.0,6.93,4.2,21.0,0,2019
148.0,2076.0,14.0,16.0,69.2,71.0,214.0,4.48,15.0,39.0,122.0,7.03,4.14,23.0,1,2019
189.0,2984.0,15.8,19.0,82.9,72.0,226.0,4.49,19.0,36.5,120.0,6.93,4.2,22.0,1,2019
59.0,950.0,16.1,11.0,32.8,70.0,187.0,4.33,17.0,36.5,119.0,6.93,4.2,21.0,1,2019
135.0,2219.0,16.4,28.0,61.6,74.0,225.0,4.47,15.0,36.0,122.0,6.93,4.2,22.0,0,2019
143.0,1768.0,12.4,15.0,36.8,72.0,205.0,4.31,11.0,40.0,135.0,6.93,4.03,22.0,0,2019
229.0,3519.0,15.4,30.0,97.8,69.0,188.0,4.31,15.0,36.5,121.0,6.95,4.15,22.0,0,2019
67.0,1228.0,18.3,14.0,58.5,75.0,228.0,4.33,27.0,40.5,134.0,7.38,4.5,21.0,1,2019
137.0,2276.0,16.6,24.0,59.9,70.0,183.0,4.53,15.0,33.5,123.0,7.09,4.45,23.0,1,2019
75.0,1251.0,16.7,19.0,23.6,72.0,208.0,4.35,18.0,37.5,125.0,7.01,4.15,23.0,1,2019
77.0,1206.0,15.7,11.0,33.5,76.0,220.0,4.42,12.0,43.5,140.0,6.77,4.07,22.0,0,2019
70.0,1026.0,14.7,13.0,26.3,73.0,199.0,4.58,13.0,30.5,124.0,7.22,4.28,23.0,0,2019
186.0,2133.0,11.5,15.0,38.8,70.0,184.0,4.59,7.0,35.0,116.0,6.8,4.19,23.0,1,2019
79.0,1605.0,20.3,11.0,42.2,73.0,190.0,4.39,11.0,40.5,135.0,7.0,4.15,22.0,1,2019
275.0,3463.0,12.6,24.0,66.6,73.0,201.0,4.6,14.0,30.0,117.0,7.28,4.23,22.0,0,2019
128.0,2044.0,16.0,18.0,43.5,74.0,215.0,4.58,15.0,36.5,126.0,6.93,4.2,23.0,0,2019
177.0,2665.0,15.1,16.0,70.1,74.0,221.0,4.6,18.0,32.5,117.0,7.15,4.32,22.0,0,2019
125.0,2019.0,16.2,11.0,41.2,72.0,204.0,4.51,14.0,38.0,124.0,6.88,4.16,22.0,0,2019
98.0,1716.0,17.5,24.0,41.9,71.0,188.0,4.27,15.0,42.0,131.0,6.93,4.2,21.0,0,2020
159.0,2742.0,17.2,26.0,65.3,73.0,193.0,4.45,15.0,35.0,120.0,6.93,4.53,21.0,1,2020
173.0,3292.0,19.0,32.0,80.3,74.0,198.0,4.5,11.0,34.5,124.0,6.93,4.2,21.0,1,2020
148.0,2248.0,15.2,22.0,57.6,71.0,206.0,4.47,17.0,42.0,138.0,7.31,4.46,21.0,0,2020
165.0,2415.0,14.6,24.0,71.0,73.0,202.0,4.43,15.0,37.5,126.0,6.93,4.2,21.0,1,2020
98.0,1666.0,17.0,11.0,66.6,72.0,205.0,4.5,11.0,40.0,128.0,6.93,4.2,22.0,1,2020
135.0,2448.0,18.1,27.0,56.9,76.0,216.0,4.47,15.0,36.0,122.0,6.93,4.2,21.0,1,2020
171.0,2519.0,14.7,19.0,52.5,76.0,223.0,4.52,13.0,36.5,121.0,6.96,4.14,22.0,1,2020
149.0,1943.0,13.0,10.0,60.7,73.0,227.0,4.58,17.0,36.0,122.0,6.93,4.2,21.0,0,2020
98.0,1658.0,16.9,13.0,63.8,69.0,178.0,4.47,15.0,36.0,122.0,6.93,4.2,21.0,0,2020
150.0,2159.0,14.4,19.0,44.1,76.0,238.0,4.42,19.0,40.5,126.0,6.93,4.2,22.0,1,2020
175.0,2159.0,12.3,16.0,45.0,73.0,200.0,4.47,15.0,36.0,122.0,6.93,4.2,24.0,0,2020
186.0,2925.0,15.7,28.0,60.9,75.0,207.0,4.38,16.0,38.5,131.0,6.66,4.43,22.0,0,2020
44.0,834.0,19.0,10.0,29.8,72.0,228.0,4.39,16.0,35.0,118.0,6.93,4.2,22.0,1,2020
234.0,3045.0,13.0,22.0,63.4,75.0,212.0,4.47,15.0,36.0,122.0,6.93,4.2,21.0,0,2020
176.0,2468.0,14.0,16.0,48.4,70.0,200.0,4.39,15.0,35.5,123.0,7.13,4.2,22.0,0,2020
152.0,2447.0,16.1,23.0,66.1,74.0,216.0,4.54,14.0,35.0,124.0,7.08,4.59,21.0,1,2020
150.0,2433.0,16.2,20.0,101.4,76.0,223.0,4.6,22.0,36.0,127.0,7.33,4.55,22.0,0,2020
129.0,1465.0,11.4,16.0,29.3,72.0,224.0,4.47,21.0,38.0,123.0,6.93,4.2,22.0,0,2020
199.0,3094.0,15.5,30.0,65.8,73.0,206.0,4.47,15.0,36.0,122.0,6.93,4.2,22.0,0,2020
188.0,2624.0,14.0,15.0,59.6,78.0,222.0,4.47,17.0,36.0,122.0,6.93,4.2,22.0,0,2020
93.0,1496.0,16.1,13.0,39.4,73.0,202.0,4.73,23.0,38.5,124.0,7.2,4.33,22.0,0,2020
82.0,1447.0,17.6,14.0,60.3,73.0,189.0,4.43,15.0,38.5,122.0,7.07,4.21,24.0,0,2020
147.0,2224.5,14.9,17.0,57.4,74.0,198.0,4.45,15.0,36.0,121.0,7.28,4.62,21.0,0,2020
154.0,2572.0,16.7,19.0,51.4,70.0,176.0,4.38,9.0,37.0,124.0,6.93,4.2,22.0,1,2020
146.0,2037.0,14.0,17.0,39.9,71.0,203.0,4.48,18.0,37.5,123.0,7.0,4.35,23.0,0,2020
103.0,1327.0,12.9,14.0,35.9,74.0,212.0,4.48,15.0,44.5,139.0,6.93,4.2,21.0,1,2020
159.0,2404.0,15.1,17.0,66.8,72.0,185.0,4.35,15.0,36.5,125.0,7.28,4.36,22.0,0,2020
301.0,3949.0,13.1,39.0,79.0,71.0,201.0,4.47,20.0,34.5,122.0,7.27,4.4,23.0,0,2020
176.0,2322.0,13.2,20.0,68.3,76.0,210.0,4.61,9.0,36.5,124.0,7.01,4.12,21.0,0,2020
156.0,1976.0,12.7,13.0,47.0,76.0,225.0,4.48,15.0,36.0,132.0,7.28,4.38,22.0,0,2020
68.0,996.0,14.6,15.0,21.2,72.0,197.0,4.46,16.0,36.5,124.0,7.05,4.26,22.0,0,2020
146.0,2153.0,14.7,18.0,42.2,75.0,215.0,4.72,15.0,29.0,119.0,6.93,4.2,23.0,1,2020
201.0,2332.0,11.6,20.0,44.0,72.0,196.0,4.6,17.0,32.5,114.0,6.93,4.2,22.0,0,2020
147.0,2224.5,14.9,17.0,57.4,69.0,186.0,4.63,10.0,36.0,122.0,7.12,4.31,23.0,0,2020
79.0,1271.0,16.1,8.0,27.6,74.0,209.0,4.46,13.0,39.5,126.0,6.93,4.2,22.0,0,2020
107.0,2093.0,19.6,23.0,77.5,72.0,201.0,4.34,15.0,41.0,132.0,6.96,3.99,21.0,1,2021
120.0,1590.0,13.3,12.0,41.8,71.0,193.0,4.39,9.0,39.5,136.0,6.88,4.25,22.0,0,2021
147.0,2395.0,16.3,19.0,77.3,72.0,190.0,4.39,15.0,36.0,123.0,6.93,4.2,21.0,1,2021
189.0,2441.0,12.9,16.0,76.3,73.0,201.0,4.35,17.0,36.0,121.0,6.63,4.07,21.0,0,2021
178.0,1915.0,10.8,14.0,95.8,67.0,180.0,4.28,15.0,42.5,122.0,6.65,4.06,21.0,0,2021
122.0,2260.0,18.5,15.0,50.2,68.0,190.0,4.38,15.0,35.0,124.0,6.93,4.22,24.0,0,2021
140.0,2307.0,16.5,21.0,67.9,68.0,155.0,4.42,15.0,33.0,117.0,6.89,4.14,21.0,1,2021
123.0,2306.0,18.7,21.0,67.8,72.0,189.0,4.46,18.0,35.0,128.0,6.87,4.35,21.0,0,2021
181.0,2144.0,11.8,15.0,39.0,69.0,212.0,4.52,19.0,33.0,121.0,7.07,4.31,21.0,0,2021
78.0,1388.0,17.8,13.0,47.9,76.0,215.0,4.43,14.0,37.5,125.0,6.78,4.29,22.0,1,2021
117.0,1433.0,12.2,6.0,39.8,72.0,186.0,4.27,15.0,32.0,123.0,7.13,4.25,21.0,0,2021
154.0,2589.0,16.8,21.0,52.8,73.0,208.0,4.43,15.0,35.0,122.0,7.09,4.26,23.0,0,2021
178.0,2270.0,12.8,16.0,73.2,71.0,197.0,4.51,20.0,38.5,127.0,6.88,4.17,21.0,1,2021
230.0,2782.0,12.1,38.0,58.0,67.0,174.0,4.47,15.0,35.5,122.0,6.66,3.98,22.0,0,2021
205.0,3434.0,16.8,26.0,76.3,71.0,194.0,4.48,11.0,33.0,112.0,6.97,4.25,22.0,0,2021
110.0,1615.0,14.7,13.0,36.7,72.0,181.0,4.43,15.0,37.0,124.0,7.0,4.2,22.0,0,2021
62.0,1146.0,18.5,9.0,54.6,75.0,222.0,4.44,16.0,34.5,120.0,6.78,4.26,23.0,0,2021
93.0,1211.0,13.0,10.0,22.4,72.0,204.0,4.53,16.0,36.5,128.0,7.03,4.21,23.0,0,2021
67.0,1317.0,19.7,13.0,32.9,72.0,201.0,4.56,19.0,34.5,117.0,7.05,4.25,23.0,0,2021
147.0,2269.0,15.4,22.0,70.9,70.0,180.0,4.48,15.0,33.0,122.0,6.76,4.14,23.0,0,2021
33.0,522.0,15.8,4.0,16.3,74.0,217.0,4.36,15.0,34.0,124.0,7.38,4.38,22.0,0,2021
132.0,2124.0,16.1,17.0,59.0,75.0,211.0,4.49,12.0,37.0,124.0,7.2,4.43,21.0,0,2021
188.0,2435.0,13.0,18.0,55.3,70.0,190.0,4.59,12.0,34.0,121.0,7.38,4.38,22.0,0,2021
101.0,1542.0,15.3,11.0,44.1,73.0,201.0,4.54,14.0,31.0,114.0,6.93,4.19,22.0,0,2021
160.0,2153.0,13.5,15.0,79.7,76.0,219.0,4.47,15.0,36.0,122.0,6.93,4.2,21.0,1,2022
143.0,2213.0,15.5,23.0,67.1,72.0,183.0,4.38,15.0,36.0,123.0,6.93,4.36,22.0,1,2022
176.0,2711.0,15.4,35.0,57.7,72.0,187.0,4.39,15.0,32.0,124.0,6.93,4.2,22.0,1,2022
94.0,1838.0,19.6,18.0,54.1,74.0,179.0,4.47,15.0,36.0,122.0,6.93,4.2,21.0,1,2022
183.0,2757.0,15.1,25.0,65.6,71.0,178.0,4.43,15.0,36.0,121.0,7.28,4.2,22.0,0,2022
146.0,2399.0,16.4,18.0,75.0,74.0,225.0,4.55,15.0,33.0,122.0,7.28,4.2,22.0,0,2022
147.0,2224.5,14.9,17.0,57.4,76.0,208.0,4.36,15.0,38.5,136.0,6.93,4.2,23.0,1,2022
195.0,2248.0,11.5,10.0,72.5,68.0,178.0,4.44,15.0,34.5,118.0,6.93,4.2,21.0,1,2022
155.0,2081.0,13.4,14.0,53.4,71.0,187.0,4.47,15.0,36.0,122.0,6.93,4.2,22.0,0,2022
143.0,2242.0,15.7,19.0,47.7,74.0,181.0,4.28,15.0,36.5,130.0,6.93,4.2,21.0,0,2022
90.0,1347.0,15.0,14.0,51.8,75.0,195.0,4.47,15.0,33.0,125.0,6.93,4.2,21.0,1,2022
106.0,1851.0,17.5,12.0,41.1,75.0,211.0,4.41,15.0,40.5,129.0,7.13,4.28,22.0,1,2022
171.0,2482.0,14.5,15.0,82.7,70.0,195.0,4.41,15.0,34.5,125.0,7.13,4.32,21.0,0,2022
120.0,1434.0,12.0,11.0,23.1,72.0,204.0,4.31,15.0,33.0,121.0,6.93,4.2,25.0,0,2022
178.0,3140.0,17.6,22.0,66.8,73.0,194.0,4.49,15.0,36.0,123.0,7.08,4.2,23.0,0,2022
232.0,2946.0,12.7,21.0,101.6,73.0,212.0,4.65,15.0,33.0,118.0,7.14,4.57,21.0,0,2022
82.0,1251.0,15.3,13.0,69.5,72.0,186.0,4.33,15.0,34.0,126.0,6.93,4.2,23.0,0,2022
138.0,2165.0,15.7,15.0,61.9,74.0,209.0,4.47,15.0,36.5,126.0,6.93,4.38,22.0,0,2022
225.0,3322.0,14.8,26.0,75.5,74.0,201.0,4.47,15.0,36.0,122.0,6.93,4.2,22.0,1,2022
156.0,2541.0,16.3,22.0,56.5,68.0,170.0,4.32,15.0,39.0,135.0,6.65,4.07,23.0,0,2022
208.0,2878.0,13.8,20.0,66.9,72.0,196.0,4.43,15.0,34.5,124.0,7.28,4.21,22.0,1,2022
163.0,1821.0,11.2,17.0,52.0,71.0,189.0,4.58,15.0,33.5,124.0,6.93,4.2,23.0,0,2022
86.0,1453.0,16.9,12.0,51.9,71.0,186.0,4.5,15.0,38.0,128.0,7.03,4.28,23.0,0,2022
147.0,2224.5,14.9,17.0,57.4,73.0,204.0,4.55,15.0,34.5,125.0,6.93,4.2,22.0,0,2022
147.0,2224.5,14.9,17.0,57.4,73.0,196.0,4.47,15.0,35.0,125.0,6.57,3.93,21.0,1,2023
147.0,2224.5,14.9,17.0,57.4,75.0,208.0,4.47,15.0,40.5,134.0,6.93,4.2,22.0,1,2023
147.0,2224.5,14.9,17.0,57.4,69.0,182.0,4.42,15.0,35.5,127.0,6.93,4.2,22.0,1,2023
147.0,2224.5,14.9,17.0,57.4,71.0,173.0,4.49,15.0,34.0,122.0,6.93,4.2,21.0,1,2023
147.0,2224.5,14.9,17.0,57.4,74.0,220.0,4.46,22.0,39.5,129.0,6.93,4.2,22.0,0,2023
147.0,2224.5,14.9,17.0,57.4,71.0,187.0,4.45,15.0,33.5,121.0,6.93,4.29,23.0,1,2023
147.0,2224.5,14.9,17.0,57.4,73.0,204.0,4.51,15.0,41.0,128.0,6.93,4.2,23.0,1,2023
147.0,2224.5,14.9,17.0,57.4,71.0,183.0,4.38,15.0,39.5,129.0,6.9,4.2,21.0,0,2023
147.0,2224.5,14.9,17.0,57.4,68.0,165.0,4.49,15.0,36.0,121.0,6.93,4.2,23.0,0,2023
147.0,2224.5,14.9,17.0,57.4,72.0,176.0,4.4,15.0,40.0,135.0,6.93,4.2,21.0,0,2023
147.0,2224.5,14.9,17.0,57.4,75.0,213.0,4.54,15.0,37.0,128.0,6.93,4.2,23.0,0,2023
147.0,2224.5,14.9,17.0,57.4,69.0,171.0,4.48,15.0,38.5,131.0,6.93,4.2,22.0,1,2023
147.0,2224.5,14.9,17.0,57.4,74.0,213.0,4.58,23.0,37.5,125.0,6.93,4.27,23.0,1,2023
147.0,2224.5,14.9,17.0,57.4,69.0,182.0,4.4,15.0,37.5,124.0,6.93,4.2,22.0,0,2023
147.0,2224.5,14.9,17.0,57.4,68.0,165.0,4.36,15.0,36.0,122.0,6.93,4.38,22.0,0,2023
147.0,2224.5,14.9,17.0,57.4,71.0,175.0,4.43,13.0,36.5,124.0,6.93,4.2,24.0,0,2023
147.0,2224.5,14.9,17.0,57.4,70.0,177.0,4.44,15.0,39.5,133.0,6.93,4.2,21.0,0,2023
147.0,2224.5,14.9,17.0,57.4,73.0,206.0,4.62,15.0,39.0,130.0,6.93,4.2,22.0,0,2023
147.0,2224.5,14.9,17.0,57.4,74.0,201.0,4.47,15.0,36.0,122.0,6.93,4.2,22.0,1,2023
147.0,2224.5,14.9,17.0,57.4,70.0,204.0,4.47,16.0,36.0,122.0,6.93,4.2,21.0,1,2023
147.0,2224.5,14.9,17.0,57.4,71.0,195.0,4.5,15.0,29.0,118.0,6.93,4.25,21.0,0,2023
147.0,2224.5,14.9,17.0,57.4,72.0,192.0,4.33,15.0,36.0,122.0,6.93,4.2,22.0,0,2023
147.0,2224.5,14.9,17.0,57.4,76.0,198.0,4.47,15.0,35.0,133.0,6.93,4.2,23.0,0,2023
147.0,2224.5,14.9,17.0,57.4,74.0,203.0,4.53,15.0,36.0,116.0,6.91,4.35,23.0,0,2023
147.0,2224.5,14.9,17.0,57.4,74.0,199.0,4.47,15.0,33.5,123.0,6.99,4.27,23.0,0,2023
147.0,2224.5,14.9,17.0,57.4,73.0,201.0,4.69,15.0,35.0,130.0,7.15,4.31,23.0,0,2023
147.0,2224.5,14.9,17.0,57.4,72.0,191.0,4.54,14.0,38.5,120.0,6.98,4.15,23.0,0,2023
147.0,2224.5,14.9,17.0,57.4,75.0,209.0,4.47,15.0,36.0,122.0,6.93,4.2,22.0,0,2024
147.0,2224.5,14.9,17.0,57.4,72.0,200.0,4.47,15.0,36.0,122.0,6.93,4.2,21.0,0,2024
147.0,2224.5,14.9,17.0,57.4,75.0,212.0,4.45,15.0,39.0,124.0,6.88,4.03,22.0,0,2024
147.0,2224.5,14.9,17.0,57.4,75.0,209.0,4.33,11.0,38.5,126.0,6.93,4.2,21.0,1,2024
147.0,2224.5,14.9,17.0,57.4,71.0,165.0,4.21,15.0,41.0,131.0,6.93,4.2,21.0,0,2024
147.0,2224.5,14.9,17.0,57.4,73.0,189.0,4.41,17.0,42.0,129.0,6.64,4.05,23.0,0,2024
147.0,2224.5,14.9,17.0,57.4,73.0,221.0,4.39,15.0,40.0,126.0,6.93,4.2,23.0,0,2024
147.0,2224.5,14.9,17.0,57.4,75.0,213.0,4.61,15.0,38.0,127.0,6.93,4.2,21.0,0,2024
147.0,2224.5,14.9,17.0,57.4,72.0,186.0,4.39,13.0,36.0,124.0,6.93,4.2,22.0,1,2024
147.0,2224.5,14.9,17.0,57.4,73.0,203.0,4.52,15.0,37.5,129.0,6.93,4.2,22.0,0,2024
147.0,2224.5,14.9,17.0,57.4,74.0,205.0,4.34,15.0,39.5,136.0,6.93,4.2,21.0,0,2024
147.0,2224.5,14.9,17.0,57.4,71.0,215.0,4.47,15.0,36.0,122.0,6.93,4.2,22.0,0,2024
147.0,2224.5,14.9,17.0,57.4,72.0,196.0,4.45,15.0,38.5,133.0,6.93,4.2,23.0,0,2024
147.0,2224.5,14.9,17.0,57.4,71.0,185.0,4.39,12.0,36.0,122.0,6.93,4.2,23.0,0,2024
147.0,2224.5,14.9,17.0,57.4,73.0,197.0,4.47,15.0,37.0,127.0,6.94,4.18,22.0,0,2024
147.0,2224.5,14.9,17.0,57.4,74.0,198.0,4.46,15.0,36.0,121.0,6.7,4.02,23.0,0,2024
147.0,2224.5,14.9,17.0,57.4,74.0,176.0,4.41,15.0,39.0,124.0,6.9,4.31,21.0,0,2024
147.0,2224.5,14.9,17.0,57.4,73.0,202.0,4.54,15.0,37.0,121.0,6.93,4.2,22.0,0,2024
147.0,2224.5,14.9,17.0,57.4,74.0,193.0,4.36,15.0,40.5,134.0,6.93,4.2,23.0,0,2024
147.0,2224.5,14.9,17.0,57.4,68.0,168.0,4.38,15.0,36.0,119.0,7.02,4.32,23.0,0,2024
147.0,2224.5,14.9,17.0,57.4,68.0,174.0,4.39,15.0,39.5,129.0,6.93,4.16,23.0,0,2024
147.0,2224.5,14.9,17.0,57.4,69.0,190.0,4.47,21.0,36.0,122.0,6.93,4.2,23.0,0,2024
147.0,2224.5,14.9,17.0,57.4,72.0,188.0,4.46,15.0,34.0,120.0,7.16,4.2,23.0,0,2024
147.0,2224.5,14.9,17.0,57.4,73.0,212.0,4.43,19.0,39.5,122.0,6.93,4.2,23.0,0,2024
147.0,2224.5,14.9,17.0,57.4,69.0,188.0,4.42,12.0,32.0,118.0,6.93,4.2,24.0,0,2024
147.0,2224.5,14.9,17.0,57.4,69.0,191.0,4.47,19.0,42.5,126.0,6.93,4.2,23.0,0,2024
147.0,2224.5,14.9,17.0,57.4,78.0,231.0,4.52,15.0,37.0,128.0,6.93,4.11,23.0,0,2024
147.0,2224.5,14.9,17.0,57.4,73.0,205.0,4.47,18.0,36.0,122.0,6.93,4.2,23.0,0,2024
147.0,2224.5,14.9,17.0,57.4,74.0,208.0,4.5,13.0,36.5,119.0,6.93,4.2,22.0,0,2024
147.0,2224.5,14.9,17.0,57.4,76.0,203.0,4.47,15.0,36.0,126.0,6.93,4.2,26.0,0,2024
147.0,2224.5,14.9,17.0,57.4,76.0,219.0,4.47,15.0,36.0,122.0,6.93,4.2,22.0,0,2025
147.0,2224.5,14.9,17.0,57.4,73.0,202.0,4.47,15.0,36.0,122.0,6.93,4.2,22.0,0,2025
147.0,2224.5,14.9,17.0,57.4,71.0,191.0,4.29,15.0,36.0,122.0,6.93,4.2,22.0,0,2025
147.0,2224.5,14.9,17.0,57.4,76.0,214.0,4.47,15.0,39.0,128.0,6.93,4.2,22.0,0,2025
147.0,2224.5,14.9,17.0,57.4,72.0,206.0,4.41,15.0,36.0,122.0,6.93,4.2,21.0,0,2025
147.0,2224.5,14.9,17.0,57.4,74.0,205.0,4.54,15.0,38.5,125.0,6.93,4.2,23.0,0,2025
147.0,2224.5,14.9,17.0,57.4,73.0,214.0,4.47,19.0,34.5,125.0,6.84,4.21,22.0,0,2025
147.0,2224.5,14.9,17.0,57.4,71.0,190.0,4.4,15.0,36.5,119.0,6.93,4.2,22.0,0,2025
147.0,2224.5,14.9,17.0,57.4,76.0,214.0,4.43,17.0,39.5,129.0,6.85,4.05,23.0,0,2025
147.0,2224.5,14.9,17.0,57.4,74.0,204.0,4.61,15.0,37.5,124.0,6.93,4.2,22.0,0,2025
147.0,2224.5,14.9,17.0,57.4,70.0,194.0,4.39,23.0,41.5,134.0,6.82,4.17,23.0,0,2025
147.0,2224.5,14.9,17.0,57.4,76.0,222.0,4.48,15.0,36.0,122.0,6.93,4.2,23.0,0,2025
147.0,2224.5,14.9,17.0,57.4,73.0,183.0,4.37,15.0,39.5,130.0,6.93,4.2,22.0,0,2025
147.0,2224.5,14.9,17.0,57.4,73.0,196.0,4.34,15.0,38.5,128.0,6.82,4.27,23.0,0,2025
147.0,2224.5,14.9,17.0,57.4,77.0,205.0,4.3,15.0,33.0,126.0,6.93,4.2,22.0,0,2025
147.0,2224.5,14.9,17.0,57.4,72.0,179.0,4.36,15.0,38.0,127.0,6.82,4.19,23.0,0,2025
147.0,2224.5,14.9,17.0,57.4,70.0,191.0,4.34,14.0,40.0,132.0,6.75,4.12,23.0,0,2025
147.0,2224.5,14.9,17.0,57.4,72.0,205.0,4.42,13.0,36.0,122.0,6.93,4.2,22.0,0,2025
147.0,2224.5,14.9,17.0,57.4,74.0,206.0,4.44,15.0,38.5,127.0,6.93,4.2,22.0,0,2025
147.0,2224.5,14.9,17.0,57.4,73.0,190.0,4.37,15.0,34.5,124.0,6.93,4.2,23.0,0,2025
147.0,2224.5,14.9,17.0,57.4,75.0,196.0,4.41,15.0,37.5,122.0,6.93,4.2,22.0,0,2025
147.0,2224.5,14.9,17.0,57.4,70.0,163.0,4.46,15.0,32.0,121.0,6.93,4.2,23.0,0,2025
147.0,2224.5,14.9,17.0,57.4,68.0,174.0,4.46,15.0,38.0,128.0,6.93,4.41,22.0,0,2025
147.0,2224.5,14.9,17.0,57.4,70.0,154.0,4.51,15.0,37.0,131.0,6.65,4.15,23.0,0,2025
147.0,2224.5,14.9,17.0,57.4,73.0,184.0,4.61,15.0,36.0,123.0,6.93,4.2,23.0,0,2025
147.0,2224.5,14.9,17.0,57.4,71.0,186.0,4.59,15.0,36.0,124.0,6.93,4.2,22.0,0,2025
147.0,2224.5,14.9,17.0,57.4,70.0,185.0,4.4,15.0,33.5,120.0,6.93,4.27,22.0,0,2025
