pick,stuart,johnson,hill,otc,pff,dr_av
1,34.6,3000,1000.0,3000,1.135,107.0
1,34.6,3000,1000.0,3000,1.135,72.0
1,34.6,3000,1000.0,3000,1.135,56.0
1,34.6,3000,1000.0,3000,1.135,38.0
1,34.6,3000,1000.0,3000,1.135,54.0
1,34.6,3000,1000.0,3000,1.135,44.0
1,34.6,3000,1000.0,3000,1.135,104.0
1,34.6,3000,1000.0,3000,1.135,35.0
1,34.6,3000,1000.0,3000,1.135,71.0
1,34.6,3000,1000.0,3000,1.135,63.0
2,30.2,2600,717.17,2635,1.099,97.0
2,30.2,2600,717.17,2635,1.099,31.0
2,30.2,2600,717.17,2635,1.099,16.0
2,30.2,2600,717.17,2635,1.099,13.0
2,30.2,2600,717.17,2635,1.099,43.0
2,30.2,2600,717.17,2635,1.099,43.0
2,30.2,2600,717.17,2635,1.099,34.0
2,30.2,2600,717.17,2635,1.099,40.0
2,30.2,2600,717.17,2635,1.099,58.0
2,30.2,2600,717.17,2635,1.099,20.0
3,27.6,2200,514.33,2421,1.063,47.0
3,27.6,2200,514.33,2421,1.063,7.0
3,27.6,2200,514.33,2421,1.063,3.0
3,27.6,2200,514.33,2421,1.063,44.0
3,27.6,2200,514.33,2421,1.063,5.0
3,27.6,2200,514.33,2421,1.063,56.0
3,27.6,2200,514.33,2421,1.063,15.0
3,27.6,2200,514.33,2421,1.063,14.0
3,27.6,2200,514.33,2421,1.063,54.0
3,27.6,2200,514.33,2421,1.063,7.0
4,25.8,1800,490.52,2270,1.027,71.0
4,25.8,1800,490.52,2270,1.027,29.0
4,25.8,1800,490.52,2270,1.027,89.0
4,25.8,1800,490.52,2270,1.027,20.0
4,25.8,1800,490.52,2270,1.027,22.0
4,25.8,1800,490.52,2270,1.027,65.0
4,25.8,1800,490.52,2270,1.027,19.0
4,25.8,1800,490.52,2270,1.027,49.0
4,25.8,1800,490.52,2270,1.027,12.0
4,25.8,1800,490.52,2270,1.027,33.0
5,24.3,1700,467.81,2152,0.991,95.0
5,24.3,1700,467.81,2152,0.991,9.0
5,24.3,1700,467.81,2152,0.991,37.0
5,24.3,1700,467.81,2152,0.991,41.0
5,24.3,1700,467.81,2152,0.991,45.0
5,24.3,1700,467.81,2152,0.991,28.0
5,24.3,1700,467.81,2152,0.991,24.0
5,24.3,1700,467.81,2152,0.991,25.0
5,24.3,1700,467.81,2152,0.991,45.0
5,24.3,1700,467.81,2152,0.991,52.0
6,23.2,1600,446.15,2056,0.955,97.0
6,23.2,1600,446.15,2056,0.955,13.0
6,23.2,1600,446.15,2056,0.955,10.0
6,23.2,1600,446.15,2056,0.955,75.0
6,23.2,1600,446.15,2056,0.955,26.0
6,23.2,1600,446.15,2056,0.955,64.0
6,23.2,1600,446.15,2056,0.955,29.0
6,23.2,1600,446.15,2056,0.955,79.0
6,23.2,1600,446.15,2056,0.955,40.0
6,23.2,1600,446.15,2056,0.955,74.0
7,22.2,1500,425.5,1975,0.919,24.0
7,22.2,1500,425.5,1975,0.919,11.0
7,22.2,1500,425.5,1975,0.919,7.0
7,22.2,1500,425.5,1975,0.919,80.0
7,22.2,1500,425.5,1975,0.919,2.0
7,22.2,1500,425.5,1975,0.919,34.0
7,22.2,1500,425.5,1975,0.919,37.0
7,22.2,1500,425.5,1975,0.919,111.0
7,22.2,1500,425.5,1975,0.919,45.0
7,22.2,1500,425.5,1975,0.919,35.0
8,21.4,1400,405.8,1905,0.883,15.0
8,21.4,1400,405.8,1905,0.883,47.0
8,21.4,1400,405.8,1905,0.883,22.0
8,21.4,1400,405.8,1905,0.883,3.0
8,21.4,1400,405.8,1905,0.883,32.0
8,21.4,1400,405.8,1905,0.883,30.0
8,21.4,1400,405.8,1905,0.883,43.0
8,21.4,1400,405.8,1905,0.883,37.0
8,21.4,1400,405.8,1905,0.883,16.0
8,21.4,1400,405.8,1905,0.883,17.0
9,20.6,1350,387.01,1843,0.847,89.0
9,20.6,1350,387.01,1843,0.847,91.0
9,20.6,1350,387.01,1843,0.847,6.0
9,20.6,1350,387.01,1843,0.847,52.0
9,20.6,1350,387.01,1843,0.847,18.0
9,20.6,1350,387.01,1843,0.847,21.0
9,20.6,1350,387.01,1843,0.847,5.0
9,20.6,1350,387.01,1843,0.847,31.0
9,20.6,1350,387.01,1843,0.847,43.0
9,20.6,1350,387.01,1843,0.847,4.0
10,19.9,1300,369.09,1787,0.811,7.0
10,19.9,1300,369.09,1787,0.811,18.0
10,19.9,1300,369.09,1787,0.811,20.0
10,19.9,1300,369.09,1787,0.811,15.0
10,19.9,1300,369.09,1787,0.811,50.0
10,19.9,1300,369.09,1787,0.811,9.0
10,19.9,1300,369.09,1787,0.811,115.0
10,19.9,1300,369.09,1787,0.811,2.0
10,19.9,1300,369.09,1787,0.811,21.0
10,19.9,1300,369.09,1787,0.811,24.0
11,19.3,1250,357.62,1737,0.777,105.0
11,19.3,1250,357.62,1737,0.777,41.0
11,19.3,1250,357.62,1737,0.777,29.0
11,19.3,1250,357.62,1737,0.777,48.0
11,19.3,1250,357.62,1737,0.777,18.0
11,19.3,1250,357.62,1737,0.777,10.0
11,19.3,1250,357.62,1737,0.777,41.0
11,19.3,1250,357.62,1737,0.777,7.0
11,19.3,1250,357.62,1737,0.777,31.0
11,19.3,1250,357.62,1737,0.777,8.0
12,18.8,1200,346.51,1691,0.742,22.0
12,18.8,1200,346.51,1691,0.742,95.0
12,18.8,1200,346.51,1691,0.742,8.0
12,18.8,1200,346.51,1691,0.742,41.0
12,18.8,1200,346.51,1691,0.742,15.0
12,18.8,1200,346.51,1691,0.742,15.0
12,18.8,1200,346.51,1691,0.742,52.0
12,18.8,1200,346.51,1691,0.742,51.0
12,18.8,1200,346.51,1691,0.742,36.0
12,18.8,1200,346.51,1691,0.742,8.0
13,18.3,1150,335.74,1649,0.715,16.0
13,18.3,1150,335.74,1649,0.715,27.0
13,18.3,1150,335.74,1649,0.715,32.0
13,18.3,1150,335.74,1649,0.715,123.0
13,18.3,1150,335.74,1649,0.715,52.0
13,18.3,1150,335.74,1649,0.715,12.0
13,18.3,1150,335.74,1649,0.715,14.0
13,18.3,1150,335.74,1649,0.715,53.0
13,18.3,1150,335.74,1649,0.715,34.0
13,18.3,1150,335.74,1649,0.715,64.0
14,17.8,1100,325.31,1610,0.695,43.0
14,17.8,1100,325.31,1610,0.695,53.0
14,17.8,1100,325.31,1610,0.695,28.0
14,17.8,1100,325.31,1610,0.695,45.0
14,17.8,1100,325.31,1610,0.695,32.0
14,17.8,1100,325.31,1610,0.695,14.0
14,17.8,1100,325.31,1610,0.695,22.0
14,17.8,1100,325.31,1610,0.695,18.0
14,17.8,1100,325.31,1610,0.695,49.0
14,17.8,1100,325.31,1610,0.695,14.0
15,17.4,1050,315.2,1574,0.675,40.0
15,17.4,1050,315.2,1574,0.675,22.0
15,17.4,1050,315.2,1574,0.675,20.0
15,17.4,1050,315.2,1574,0.675,27.0
15,17.4,1050,315.2,1574,0.675,38.0
15,17.4,1050,315.2,1574,0.675,5.0
15,17.4,1050,315.2,1574,0.675,13.0
15,17.4,1050,315.2,1574,0.675,42.0
15,17.4,1050,315.2,1574,0.675,4.0
15,17.4,1050,315.2,1574,0.675,22.0
16,16.9,1000,305.41,1540,0.66,62.0
16,16.9,1000,305.41,1540,0.66,17.0
16,16.9,1000,305.41,1540,0.66,10.0
16,16.9,1000,305.41,1540,0.66,103.0
16,16.9,1000,305.41,1540,0.66,8.0
16,16.9,1000,305.41,1540,0.66,59.0
16,16.9,1000,305.41,1540,0.66,62.0
16,16.9,1000,305.41,1540,0.66,44.0
16,16.9,1000,305.41,1540,0.66,34.0
16,16.9,1000,305.41,1540,0.66,31.0
17,16.6,950,295.92,1508,0.646,49.0
17,16.6,950,295.92,1508,0.646,25.0
17,16.6,950,295.92,1508,0.646,17.0
17,16.6,950,295.92,1508,0.646,59.0
17,16.6,950,295.92,1508,0.646,40.0
17,16.6,950,295.92,1508,0.646,17.0
17,16.6,950,295.92,1508,0.646,48.0
17,16.6,950,295.92,1508,0.646,46.0
17,16.6,950,295.92,1508,0.646,55.0
17,16.6,950,295.92,1508,0.646,65.0
18,16.2,900,286.72,1478,0.633,41.0
18,16.2,900,286.72,1478,0.633,52.0
18,16.2,900,286.72,1478,0.633,26.0
18,16.2,900,286.72,1478,0.633,13.0
18,16.2,900,286.72,1478,0.633,32.0
18,16.2,900,286.72,1478,0.633,54.0
18,16.2,900,286.72,1478,0.633,15.0
18,16.2,900,286.72,1478,0.633,34.0
18,16.2,900,286.72,1478,0.633,32.0
18,16.2,900,286.72,1478,0.633,24.0
19,15.8,875,277.81,1449,0.619,15.0
19,15.8,875,277.81,1449,0.619,13.0
19,15.8,875,277.81,1449,0.619,25.0
19,15.8,875,277.81,1449,0.619,26.0
19,15.8,875,277.81,1449,0.619,6.0
19,15.8,875,277.81,1449,0.619,15.0
19,15.8,875,277.81,1449,0.619,12.0
19,15.8,875,277.81,1449,0.619,35.0
19,15.8,875,277.81,1449,0.619,62.0
19,15.8,875,277.81,1449,0.619,2.0
20,15.5,850,269.18,1422,0.606,12.0
20,15.5,850,269.18,1422,0.606,24.0
20,15.5,850,269.18,1422,0.606,40.0
20,15.5,850,269.18,1422,0.606,21.0
20,15.5,850,269.18,1422,0.606,18.0
20,15.5,850,269.18,1422,0.606,17.0
20,15.5,850,269.18,1422,0.606,56.0
20,15.5,850,269.18,1422,0.606,51.0
20,15.5,850,269.18,1422,0.606,14.0
20,15.5,850,269.18,1422,0.606,7.0
21,15.2,800,260.82,1397,0.594,19.0
21,15.2,800,260.82,1397,0.594,25.0
21,15.2,800,260.82,1397,0.594,17.0
21,15.2,800,260.82,1397,0.594,24.0
21,15.2,800,260.82,1397,0.594,11.0
21,15.2,800,260.82,1397,0.594,24.0
21,15.2,800,260.82,1397,0.594,20.0
21,15.2,800,260.82,1397,0.594,9.0
21,15.2,800,260.82,1397,0.594,21.0
21,15.2,800,260.82,1397,0.594,7.0
22,14.9,780,252.71,1372,0.584,58.0
22,14.9,780,252.71,1372,0.584,10.0
22,14.9,780,252.71,1372,0.584,35.0
22,14.9,780,252.71,1372,0.584,4.0
22,14.9,780,252.71,1372,0.584,30.0
22,14.9,780,252.71,1372,0.584,9.0
22,14.9,780,252.71,1372,0.584,4.0
22,14.9,780,252.71,1372,0.584,25.0
22,14.9,780,252.71,1372,0.584,6.0
22,14.9,780,252.71,1372,0.584,65.0
23,14.6,760,244.86,1349,0.573,9.0
23,14.6,760,244.86,1349,0.573,27.0
23,14.6,760,244.86,1349,0.573,13.0
23,14.6,760,244.86,1349,0.573,21.0
23,14.6,760,244.86,1349,0.573,12.0
23,14.6,760,244.86,1349,0.573,5.0
23,14.6,760,244.86,1349,0.573,18.0
23,14.6,760,244.86,1349,0.573,19.0
23,14.6,760,244.86,1349,0.573,36.0
23,14.6,760,244.86,1349,0.573,22.0
24,14.4,740,237.25,1326,0.565,109.0
24,14.4,740,237.25,1326,0.565,69.0
24,14.4,740,237.25,1326,0.565,10.0
24,14.4,740,237.25,1326,0.565,12.0
24,14.4,740,237.25,1326,0.565,44.0
24,14.4,740,237.25,1326,0.565,15.0
24,14.4,740,237.25,1326,0.565,7.0
24,14.4,740,237.25,1326,0.565,36.0
24,14.4,740,237.25,1326,0.565,38.0
24,14.4,740,237.25,1326,0.565,29.0
25,14.1,720,229.88,1305,0.557,17.0
25,14.1,720,229.88,1305,0.557,65.0
25,14.1,720,229.88,1305,0.557,43.0
25,14.1,720,229.88,1305,0.557,13.0
25,14.1,720,229.88,1305,0.557,41.0
25,14.1,720,229.88,1305,0.557,14.0
25,14.1,720,229.88,1305,0.557,11.0
25,14.1,720,229.88,1305,0.557,6.0
25,14.1,720,229.88,1305,0.557,24.0
25,14.1,720,229.88,1305,0.557,39.0
26,13.9,700,222.74,1284,0.549,4.0
26,13.9,700,222.74,1284,0.549,49.0
26,13.9,700,222.74,1284,0.549,9.0
26,13.9,700,222.74,1284,0.549,3.0
26,13.9,700,222.74,1284,0.549,4.0
26,13.9,700,222.74,1284,0.549,2.0
26,13.9,700,222.74,1284,0.549,13.0
26,13.9,700,222.74,1284,0.549,24.0
26,13.9,700,222.74,1284,0.549,28.0
26,13.9,700,222.74,1284,0.549,42.0
27,13.6,680,215.81,1264,0.541,33.0
27,13.6,680,215.81,1264,0.541,29.0
27,13.6,680,215.81,1264,0.541,54.0
27,13.6,680,215.81,1264,0.541,29.0
27,13.6,680,215.81,1264,0.541,29.0
27,13.6,680,215.81,1264,0.541,60.0
27,13.6,680,215.81,1264,0.541,52.0
27,13.6,680,215.81,1264,0.541,13.0
27,13.6,680,215.81,1264,0.541,10.0
27,13.6,680,215.81,1264,0.541,20.0
28,13.4,660,209.11,1245,0.533,51.0
28,13.4,660,209.11,1245,0.533,22.0
28,13.4,660,209.11,1245,0.533,22.0
28,13.4,660,209.11,1245,0.533,18.0
28,13.4,660,209.11,1245,0.533,11.0
28,13.4,660,209.11,1245,0.533,5.0
28,13.4,660,209.11,1245,0.533,6.0
28,13.4,660,209.11,1245,0.533,25.0
28,13.4,660,209.11,1245,0.533,14.0
28,13.4,660,209.11,1245,0.533,39.0
29,13.2,640,202.61,1227,0.525,7.0
29,13.2,640,202.61,1227,0.525,72.0
29,13.2,640,202.61,1227,0.525,16.0
29,13.2,640,202.61,1227,0.525,4.0
29,13.2,640,202.61,1227,0.525,7.0
29,13.2,640,202.61,1227,0.525,5.0
29,13.2,640,202.61,1227,0.525,27.0
29,13.2,640,202.61,1227,0.525,10.0
29,13.2,640,202.61,1227,0.525,10.0
29,13.2,640,202.61,1227,0.525,0.0
30,12.9,620,196.31,1209,0.518,58.0
30,12.9,620,196.31,1209,0.518,0.0
30,12.9,620,196.31,1209,0.518,37.0
30,12.9,620,196.31,1209,0.518,25.0
30,12.9,620,196.31,1209,0.518,11.0
30,12.9,620,196.31,1209,0.518,8.0
30,12.9,620,196.31,1209,0.518,96.0
30,12.9,620,196.31,1209,0.518,4.0
30,12.9,620,196.31,1209,0.518,5.0
30,12.9,620,196.31,1209,0.518,4.0
31,12.7,600,190.21,1192,0.51,115.0
31,12.7,600,190.21,1192,0.51,35.0
31,12.7,600,190.21,1192,0.51,60.0
31,12.7,600,190.21,1192,0.51,14.0
31,12.7,600,190.21,1192,0.51,9.0
31,12.7,600,190.21,1192,0.51,29.0
31,12.7,600,190.21,1192,0.51,8.0
31,12.7,600,190.21,1192,0.51,15.0
31,12.7,600,190.21,1192,0.51,39.0
31,12.7,600,190.21,1192,0.51,5.0
32,12.5,590,184.3,1175,0.502,3.0
32,12.5,590,184.3,1175,0.502,5.0
32,12.5,590,184.3,1175,0.502,12.0
32,12.5,590,184.3,1175,0.502,22.0
32,12.5,590,184.3,1175,0.502,27.0
32,12.5,590,184.3,1175,0.502,14.0
32,12.5,590,184.3,1175,0.502,64.0
32,12.5,590,184.3,1175,0.502,110.0
32,12.5,590,184.3,1175,0.502,6.0
32,12.5,590,184.3,1175,0.502,18.0
33,12.3,580,179.54,1159,0.495,1.0
33,12.3,580,179.54,1159,0.495,10.0
33,12.3,580,179.54,1159,0.495,21.0
33,12.3,580,179.54,1159,0.495,17.0
33,12.3,580,179.54,1159,0.495,32.0
33,12.3,580,179.54,1159,0.495,2.0
33,12.3,580,179.54,1159,0.495,15.0
33,12.3,580,179.54,1159,0.495,1.0
33,12.3,580,179.54,1159,0.495,16.0
33,12.3,580,179.54,1159,0.495,43.0
34,12.1,560,174.89,1143,0.487,17.0
34,12.1,560,174.89,1143,0.487,18.0
34,12.1,560,174.89,1143,0.487,7.0
34,12.1,560,174.89,1143,0.487,65.0
34,12.1,560,174.89,1143,0.487,53.0
34,12.1,560,174.89,1143,0.487,32.0
34,12.1,560,174.89,1143,0.487,33.0
34,12.1,560,174.89,1143,0.487,22.0
34,12.1,560,174.89,1143,0.487,11.0
34,12.1,560,174.89,1143,0.487,44.0
35,12.0,550,170.37,1128,0.48,82.0
35,12.0,550,170.37,1128,0.48,24.0
35,12.0,550,170.37,1128,0.48,40.0
35,12.0,550,170.37,1128,0.48,75.0
35,12.0,550,170.37,1128,0.48,10.0
35,12.0,550,170.37,1128,0.48,15.0
35,12.0,550,170.37,1128,0.48,
35,12.0,550,170.37,1128,0.48,47.0
35,12.0,550,170.37,1128,0.48,25.0
35,12.0,550,170.37,1128,0.48,17.0
36,11.8,540,165.97,1113,0.473,45.0
36,11.8,540,165.97,1113,0.473,45.0
36,11.8,540,165.97,1113,0.473,39.0
36,11.8,540,165.97,1113,0.473,80.0
36,11.8,540,165.97,1113,0.473,19.0
36,11.8,540,165.97,1113,0.473,36.0
36,11.8,540,165.97,1113,0.473,63.0
36,11.8,540,165.97,1113,0.473,59.0
36,11.8,540,165.97,1113,0.473,47.0
36,11.8,540,165.97,1113,0.473,15.0
37,11.6,530,161.67,1098,0.465,22.0
37,11.6,530,161.67,1098,0.465,18.0
37,11.6,530,161.67,1098,0.465,41.0
37,11.6,530,161.67,1098,0.465,8.0
37,11.6,530,161.67,1098,0.465,1.0
37,11.6,530,161.67,1098,0.465,96.0
37,11.6,530,161.67,1098,0.465,8.0
37,11.6,530,161.67,1098,0.465,45.0
37,11.6,530,161.67,1098,0.465,3.0
37,11.6,530,161.67,1098,0.465,24.0
38,11.4,520,157.49,1084,0.458,1.0
38,11.4,520,157.49,1084,0.458,9.0
38,11.4,520,157.49,1084,0.458,14.0
38,11.4,520,157.49,1084,0.458,5.0
38,11.4,520,157.49,1084,0.458,21.0
38,11.4,520,157.49,1084,0.458,56.0
38,11.4,520,157.49,1084,0.458,8.0
38,11.4,520,157.49,1084,0.458,17.0
38,11.4,520,157.49,1084,0.458,13.0
38,11.4,520,157.49,1084,0.458,16.0
39,11.3,510,153.42,1071,0.451,17.0
39,11.3,510,153.42,1071,0.451,22.0
39,11.3,510,153.42,1071,0.451,12.0
39,11.3,510,153.42,1071,0.451,17.0
39,11.3,510,153.42,1071,0.451,32.0
39,11.3,510,153.42,1071,0.451,5.0
39,11.3,510,153.42,1071,0.451,21.0
39,11.3,510,153.42,1071,0.451,17.0
39,11.3,510,153.42,1071,0.451,14.0
39,11.3,510,153.42,1071,0.451,22.0
40,11.1,500,149.45,1057,0.443,16.0
40,11.1,500,149.45,1057,0.443,18.0
40,11.1,500,149.45,1057,0.443,7.0
40,11.1,500,149.45,1057,0.443,4.0
40,11.1,500,149.45,1057,0.443,4.0
40,11.1,500,149.45,1057,0.443,26.0
40,11.1,500,149.45,1057,0.443,17.0
40,11.1,500,149.45,1057,0.443,45.0
40,11.1,500,149.45,1057,0.443,11.0
40,11.1,500,149.45,1057,0.443,3.0
41,11.0,490,145.59,1044,0.436,13.0
41,11.0,490,145.59,1044,0.436,31.0
41,11.0,490,145.59,1044,0.436,15.0
41,11.0,490,145.59,1044,0.436,15.0
41,11.0,490,145.59,1044,0.436,20.0
41,11.0,490,145.59,1044,0.436,
41,11.0,490,145.59,1044,0.436,51.0
41,11.0,490,145.59,1044,0.436,39.0
41,11.0,490,145.59,1044,0.436,20.0
41,11.0,490,145.59,1044,0.436,58.0
42,10.8,480,141.82,1032,0.429,24.0
42,10.8,480,141.82,1032,0.429,10.0
42,10.8,480,141.82,1032,0.429,7.0
42,10.8,480,141.82,1032,0.429,21.0
42,10.8,480,141.82,1032,0.429,4.0
42,10.8,480,141.82,1032,0.429,3.0
42,10.8,480,141.82,1032,0.429,24.0
42,10.8,480,141.82,1032,0.429,19.0
42,10.8,480,141.82,1032,0.429,12.0
42,10.8,480,141.82,1032,0.429,9.0
43,10.6,470,138.15,1019,0.422,35.0
43,10.6,470,138.15,1019,0.422,4.0
43,10.6,470,138.15,1019,0.422,11.0
43,10.6,470,138.15,1019,0.422,21.0
43,10.6,470,138.15,1019,0.422,42.0
43,10.6,470,138.15,1019,0.422,8.0
43,10.6,470,138.15,1019,0.422,5.0
43,10.6,470,138.15,1019,0.422,11.0
43,10.6,470,138.15,1019,0.422,7.0
43,10.6,470,138.15,1019,0.422,25.0
44,10.5,460,134.58,1007,0.415,8.0
44,10.5,460,134.58,1007,0.415,19.0
44,10.5,460,134.58,1007,0.415,41.0
44,10.5,460,134.58,1007,0.415,5.0
44,10.5,460,134.58,1007,0.415,5.0
44,10.5,460,134.58,1007,0.415,6.0
44,10.5,460,134.58,1007,0.415,10.0
44,10.5,460,134.58,1007,0.415,5.0
44,10.5,460,134.58,1007,0.415,48.0
44,10.5,460,134.58,1007,0.415,26.0
45,10.4,450,131.1,995,0.409,18.0
45,10.4,450,131.1,995,0.409,33.0
45,10.4,450,131.1,995,0.409,19.0
45,10.4,450,131.1,995,0.409,11.0
45,10.4,450,131.1,995,0.409,55.0
45,10.4,450,131.1,995,0.409,59.0
45,10.4,450,131.1,995,0.409,2.0
45,10.4,450,131.1,995,0.409,7.0
45,10.4,450,131.1,995,0.409,3.0
45,10.4,450,131.1,995,0.409,44.0
46,10.2,440,127.71,984,0.402,31.0
46,10.2,440,127.71,984,0.402,32.0
46,10.2,440,127.71,984,0.402,10.0
46,10.2,440,127.71,984,0.402,38.0
46,10.2,440,127.71,984,0.402,21.0
46,10.2,440,127.71,984,0.402,17.0
46,10.2,440,127.71,984,0.402,4.0
46,10.2,440,127.71,984,0.402,3.0
46,10.2,440,127.71,984,0.402,8.0
46,10.2,440,127.71,984,0.402,5.0
47,10.1,430,124.41,973,0.396,13.0
47,10.1,430,124.41,973,0.396,112.0
47,10.1,430,124.41,973,0.396,2.0
47,10.1,430,124.41,973,0.396,11.0
47,10.1,430,124.41,973,0.396,2.0
47,10.1,430,124.41,973,0.396,60.0
47,10.1,430,124.41,973,0.396,18.0
47,10.1,430,124.41,973,0.396,23.0
47,10.1,430,124.41,973,0.396,2.0
47,10.1,430,124.41,973,0.396,3.0
48,9.9,420,121.19,961,0.39,21.0
48,9.9,420,121.19,961,0.39,5.0
48,9.9,420,121.19,961,0.39,55.0
48,9.9,420,121.19,961,0.39,14.0
48,9.9,420,121.19,961,0.39,29.0
48,9.9,420,121.19,961,0.39,8.0
48,9.9,420,121.19,961,0.39,49.0
48,9.9,420,121.19,961,0.39,13.0
48,9.9,420,121.19,961,0.39,35.0
48,9.9,420,121.19,961,0.39,9.0
49,9.8,410,118.06,951,0.384,0.0
49,9.8,410,118.06,951,0.384,22.0
49,9.8,410,118.06,951,0.384,17.0
49,9.8,410,118.06,951,0.384,3.0
49,9.8,410,118.06,951,0.384,20.0
49,9.8,410,118.06,951,0.384,37.0
49,9.8,410,118.06,951,0.384,6.0
49,9.8,410,118.06,951,0.384,38.0
49,9.8,410,118.06,951,0.384,4.0
49,9.8,410,118.06,951,0.384,17.0
50,9.7,400,115.0,940,0.378,15.0
50,9.7,400,115.0,940,0.378,1.0
50,9.7,400,115.0,940,0.378,5.0
50,9.7,400,115.0,940,0.378,8.0
50,9.7,400,115.0,940,0.378,9.0
50,9.7,400,115.0,940,0.378,27.0
50,9.7,400,115.0,940,0.378,8.0
50,9.7,400,115.0,940,0.378,20.0
50,9.7,400,115.0,940,0.378,8.0
50,9.7,400,115.0,940,0.378,30.0
51,9.6,390,112.03,929,0.373,7.0
51,9.6,390,112.03,929,0.373,3.0
51,9.6,390,112.03,929,0.373,7.0
51,9.6,390,112.03,929,0.373,2.0
51,9.6,390,112.03,929,0.373,7.0
51,9.6,390,112.03,929,0.373,
51,9.6,390,112.03,929,0.373,6.0
51,9.6,390,112.03,929,0.373,12.0
51,9.6,390,112.03,929,0.373,25.0
51,9.6,390,112.03,929,0.373,33.0
52,9.4,380,109.13,919,0.368,1.0
52,9.4,380,109.13,919,0.368,16.0
52,9.4,380,109.13,919,0.368,42.0
52,9.4,380,109.13,919,0.368,1.0
52,9.4,380,109.13,919,0.368,9.0
52,9.4,380,109.13,919,0.368,39.0
52,9.4,380,109.13,919,0.368,5.0
52,9.4,380,109.13,919,0.368,5.0
52,9.4,380,109.13,919,0.368,7.0
52,9.4,380,109.13,919,0.368,10.0
53,9.3,370,106.31,909,0.363,15.0
53,9.3,370,106.31,909,0.363,3.0
53,9.3,370,106.31,909,0.363,4.0
53,9.3,370,106.31,909,0.363,59.0
53,9.3,370,106.31,909,0.363,9.0
53,9.3,370,106.31,909,0.363,4.0
53,9.3,370,106.31,909,0.363,3.0
53,9.3,370,106.31,909,0.363,3.0
53,9.3,370,106.31,909,0.363,29.0
53,9.3,370,106.31,909,0.363,79.0
54,9.2,360,103.56,899,0.357,1.0
54,9.2,360,103.56,899,0.357,3.0
54,9.2,360,103.56,899,0.357,4.0
54,9.2,360,103.56,899,0.357,6.0
54,9.2,360,103.56,899,0.357,10.0
54,9.2,360,103.56,899,0.357,8.0
54,9.2,360,103.56,899,0.357,9.0
54,9.2,360,103.56,899,0.357,28.0
54,9.2,360,103.56,899,0.357,8.0
54,9.2,360,103.56,899,0.357,18.0
55,9.1,350,100.88,890,0.352,13.0
55,9.1,350,100.88,890,0.352,16.0
55,9.1,350,100.88,890,0.352,5.0
55,9.1,350,100.88,890,0.352,21.0
55,9.1,350,100.88,890,0.352,4.0
55,9.1,350,100.88,890,0.352,46.0
55,9.1,350,100.88,890,0.352,23.0
55,9.1,350,100.88,890,0.352,23.0
55,9.1,350,100.88,890,0.352,16.0
55,9.1,350,100.88,890,0.352,10.0
56,9.0,340,98.27,880,0.347,16.0
56,9.0,340,98.27,880,0.347,11.0
56,9.0,340,98.27,880,0.347,2.0
56,9.0,340,98.27,880,0.347,3.0
56,9.0,340,98.27,880,0.347,
56,9.0,340,98.27,880,0.347,42.0
56,9.0,340,98.27,880,0.347,1.0
56,9.0,340,98.27,880,0.347,
56,9.0,340,98.27,880,0.347,23.0
56,9.0,340,98.27,880,0.347,22.0
57,8.9,330,95.73,871,0.342,5.0
57,8.9,330,95.73,871,0.342,7.0
57,8.9,330,95.73,871,0.342,8.0
57,8.9,330,95.73,871,0.342,18.0
57,8.9,330,95.73,871,0.342,58.0
57,8.9,330,95.73,871,0.342,5.0
57,8.9,330,95.73,871,0.342,29.0
57,8.9,330,95.73,871,0.342,8.0
57,8.9,330,95.73,871,0.342,2.0
57,8.9,330,95.73,871,0.342,13.0
58,8.7,320,93.26,862,0.337,28.0
58,8.7,320,93.26,862,0.337,93.0
58,8.7,320,93.26,862,0.337,7.0
58,8.7,320,93.26,862,0.337,0.0
58,8.7,320,93.26,862,0.337,23.0
58,8.7,320,93.26,862,0.337,18.0
58,8.7,320,93.26,862,0.337,19.0
58,8.7,320,93.26,862,0.337,12.0
58,8.7,320,93.26,862,0.337,5.0
58,8.7,320,93.26,862,0.337,17.0
59,8.6,310,90.84,853,0.332,12.0
59,8.6,310,90.84,853,0.332,19.0
59,8.6,310,90.84,853,0.332,6.0
59,8.6,310,90.84,853,0.332,22.0
59,8.6,310,90.84,853,0.332,4.0
59,8.6,310,90.84,853,0.332,0.0
59,8.6,310,90.84,853,0.332,14.0
59,8.6,310,90.84,853,0.332,2.0
59,8.6,310,90.84,853,0.332,9.0
59,8.6,310,90.84,853,0.332,5.0
60,8.5,300,88.49,844,0.327,2.0
60,8.5,300,88.49,844,0.327,20.0
60,8.5,300,88.49,844,0.327,24.0
60,8.5,300,88.49,844,0.327,10.0
60,8.5,300,88.49,844,0.327,11.0
60,8.5,300,88.49,844,0.327,1.0
60,8.5,300,88.49,844,0.327,14.0
60,8.5,300,88.49,844,0.327,11.0
60,8.5,300,88.49,844,0.327,13.0
60,8.5,300,88.49,844,0.327,8.0
61,8.4,292,86.21,835,0.322,0.0
61,8.4,292,86.21,835,0.322,2.0
61,8.4,292,86.21,835,0.322,34.0
61,8.4,292,86.21,835,0.322,18.0
61,8.4,292,86.21,835,0.322,43.0
61,8.4,292,86.21,835,0.322,12.0
61,8.4,292,86.21,835,0.322,5.0
61,8.4,292,86.21,835,0.322,13.0
61,8.4,292,86.21,835,0.322,18.0
61,8.4,292,86.21,835,0.322,13.0
62,8.3,284,83.98,827,0.316,11.0
62,8.3,284,83.98,827,0.316,7.0
62,8.3,284,83.98,827,0.316,8.0
62,8.3,284,83.98,827,0.316,2.0
62,8.3,284,83.98,827,0.316,7.0
62,8.3,284,83.98,827,0.316,16.0
62,8.3,284,83.98,827,0.316,30.0
62,8.3,284,83.98,827,0.316,56.0
62,8.3,284,83.98,827,0.316,4.0
62,8.3,284,83.98,827,0.316,23.0
63,8.2,276,81.81,818,0.311,36.0
63,8.2,276,81.81,818,0.311,21.0
63,8.2,276,81.81,818,0.311,94.0
63,8.2,276,81.81,818,0.311,28.0
63,8.2,276,81.81,818,0.311,20.0
63,8.2,276,81.81,818,0.311,15.0
63,8.2,276,81.81,818,0.311,73.0
63,8.2,276,81.81,818,0.311,24.0
63,8.2,276,81.81,818,0.311,17.0
63,8.2,276,81.81,818,0.311,21.0
64,8.1,270,76.69,810,0.306,56.0
64,8.1,270,76.69,810,0.306,11.0
64,8.1,270,76.69,810,0.306,10.0
64,8.1,270,76.69,810,0.306,39.0
64,8.1,270,76.69,810,0.306,5.0
64,8.1,270,76.69,810,0.306,49.0
64,8.1,270,76.69,810,0.306,47.0
64,8.1,270,76.69,810,0.306,13.0
64,8.1,270,76.69,810,0.306,50.0
64,8.1,270,76.69,810,0.306,32.0
65,8.0,265,77.95,802,0.301,4.0
65,8.0,265,77.95,802,0.301,24.0
65,8.0,265,77.95,802,0.301,22.0
65,8.0,265,77.95,802,0.301,6.0
65,8.0,265,77.95,802,0.301,0.0
65,8.0,265,77.95,802,0.301,7.0
65,8.0,265,77.95,802,0.301,20.0
65,8.0,265,77.95,802,0.301,15.0
65,8.0,265,77.95,802,0.301,14.0
65,8.0,265,77.95,802,0.301,31.0
66,7.9,260,76.25,794,0.296,0.0
66,7.9,260,76.25,794,0.296,9.0
66,7.9,260,76.25,794,0.296,9.0
66,7.9,260,76.25,794,0.296,36.0
66,7.9,260,76.25,794,0.296,3.0
66,7.9,260,76.25,794,0.296,
66,7.9,260,76.25,794,0.296,12.0
66,7.9,260,76.25,794,0.296,16.0
66,7.9,260,76.25,794,0.296,33.0
66,7.9,260,76.25,794,0.296,23.0
67,7.8,255,74.59,786,0.292,9.0
67,7.8,255,74.59,786,0.292,15.0
67,7.8,255,74.59,786,0.292,22.0
67,7.8,255,74.59,786,0.292,5.0
67,7.8,255,74.59,786,0.292,35.0
67,7.8,255,74.59,786,0.292,23.0
67,7.8,255,74.59,786,0.292,79.0
67,7.8,255,74.59,786,0.292,5.0
67,7.8,255,74.59,786,0.292,
67,7.8,255,74.59,786,0.292,4.0
68,7.7,250,72.97,778,0.287,8.0
68,7.7,250,72.97,778,0.287,2.0
68,7.7,250,72.97,778,0.287,1.0
68,7.7,250,72.97,778,0.287,1.0
68,7.7,250,72.97,778,0.287,7.0
68,7.7,250,72.97,778,0.287,
68,7.7,250,72.97,778,0.287,16.0
68,7.7,250,72.97,778,0.287,14.0
68,7.7,250,72.97,778,0.287,
68,7.7,250,72.97,778,0.287,10.0
69,7.6,245,71.38,770,0.283,9.0
69,7.6,245,71.38,770,0.283,6.0
69,7.6,245,71.38,770,0.283,21.0
69,7.6,245,71.38,770,0.283,13.0
69,7.6,245,71.38,770,0.283,67.0
69,7.6,245,71.38,770,0.283,32.0
69,7.6,245,71.38,770,0.283,60.0
69,7.6,245,71.38,770,0.283,7.0
69,7.6,245,71.38,770,0.283,0.0
69,7.6,245,71.38,770,0.283,26.0
70,7.5,240,69.82,763,0.279,54.0
70,7.5,240,69.82,763,0.279,11.0
70,7.5,240,69.82,763,0.279,6.0
70,7.5,240,69.82,763,0.279,11.0
70,7.5,240,69.82,763,0.279,2.0
70,7.5,240,69.82,763,0.279,1.0
70,7.5,240,69.82,763,0.279,20.0
70,7.5,240,69.82,763,0.279,82.0
70,7.5,240,69.82,763,0.279,15.0
70,7.5,240,69.82,763,0.279,10.0
71,7.5,235,68.3,755,0.275,40.0
71,7.5,235,68.3,755,0.275,8.0
71,7.5,235,68.3,755,0.275,17.0
71,7.5,235,68.3,755,0.275,22.0
71,7.5,235,68.3,755,0.275,5.0
71,7.5,235,68.3,755,0.275,6.0
71,7.5,235,68.3,755,0.275,27.0
71,7.5,235,68.3,755,0.275,9.0
71,7.5,235,68.3,755,0.275,16.0
71,7.5,235,68.3,755,0.275,38.0
72,7.4,230,66.81,748,0.271,2.0
72,7.4,230,66.81,748,0.271,20.0
72,7.4,230,66.81,748,0.271,27.0
72,7.4,230,66.81,748,0.271,2.0
72,7.4,230,66.81,748,0.271,13.0
72,7.4,230,66.81,748,0.271,6.0
72,7.4,230,66.81,748,0.271,6.0
72,7.4,230,66.81,748,0.271,7.0
72,7.4,230,66.81,748,0.271,37.0
72,7.4,230,66.81,748,0.271,13.0
73,7.3,225,65.36,741,0.267,23.0
73,7.3,225,65.36,741,0.267,1.0
73,7.3,225,65.36,741,0.267,11.0
73,7.3,225,65.36,741,0.267,28.0
73,7.3,225,65.36,741,0.267,25.0
73,7.3,225,65.36,741,0.267,15.0
73,7.3,225,65.36,741,0.267,4.0
73,7.3,225,65.36,741,0.267,33.0
73,7.3,225,65.36,741,0.267,26.0
73,7.3,225,65.36,741,0.267,25.0
74,7.2,220,63.93,733,0.264,0.0
74,7.2,220,63.93,733,0.264,12.0
74,7.2,220,63.93,733,0.264,27.0
74,7.2,220,63.93,733,0.264,5.0
74,7.2,220,63.93,733,0.264,1.0
74,7.2,220,63.93,733,0.264,
74,7.2,220,63.93,733,0.264,8.0
74,7.2,220,63.93,733,0.264,5.0
74,7.2,220,63.93,733,0.264,28.0
74,7.2,220,63.93,733,0.264,9.0
75,7.1,215,62.54,726,0.26,6.0
75,7.1,215,62.54,726,0.26,125.0
75,7.1,215,62.54,726,0.26,49.0
75,7.1,215,62.54,726,0.26,8.0
75,7.1,215,62.54,726,0.26,
75,7.1,215,62.54,726,0.26,2.0
75,7.1,215,62.54,726,0.26,7.0
75,7.1,215,62.54,726,0.26,38.0
75,7.1,215,62.54,726,0.26,1.0
75,7.1,215,62.54,726,0.26,25.0
76,7.0,210,61.18,719,0.257,8.0
76,7.0,210,61.18,719,0.257,15.0
76,7.0,210,61.18,719,0.257,77.0
76,7.0,210,61.18,719,0.257,20.0
76,7.0,210,61.18,719,0.257,11.0
76,7.0,210,61.18,719,0.257,6.0
76,7.0,210,61.18,719,0.257,8.0
76,7.0,210,61.18,719,0.257,7.0
76,7.0,210,61.18,719,0.257,51.0
76,7.0,210,61.18,719,0.257,2.0
77,6.9,205,59.85,713,0.254,71.0
77,6.9,205,59.85,713,0.254,23.0
77,6.9,205,59.85,713,0.254,13.0
77,6.9,205,59.85,713,0.254,6.0
77,6.9,205,59.85,713,0.254,18.0
77,6.9,205,59.85,713,0.254,11.0
77,6.9,205,59.85,713,0.254,0.0
77,6.9,205,59.85,713,0.254,40.0
77,6.9,205,59.85,713,0.254,10.0
77,6.9,205,59.85,713,0.254,4.0
78,6.9,200,58.54,706,0.251,8.0
78,6.9,200,58.54,706,0.251,0.0
78,6.9,200,58.54,706,0.251,5.0
78,6.9,200,58.54,706,0.251,16.0
78,6.9,200,58.54,706,0.251,19.0
78,6.9,200,58.54,706,0.251,32.0
78,6.9,200,58.54,706,0.251,2.0
78,6.9,200,58.54,706,0.251,1.0
78,6.9,200,58.54,706,0.251,10.0
78,6.9,200,58.54,706,0.251,10.0
79,6.8,195,57.27,699,0.248,9.0
79,6.8,195,57.27,699,0.248,
79,6.8,195,57.27,699,0.248,13.0
79,6.8,195,57.27,699,0.248,2.0
79,6.8,195,57.27,699,0.248,11.0
79,6.8,195,57.27,699,0.248,23.0
79,6.8,195,57.27,699,0.248,1.0
79,6.8,195,57.27,699,0.248,13.0
79,6.8,195,57.27,699,0.248,6.0
79,6.8,195,57.27,699,0.248,1.0
80,6.7,190,56.02,692,0.246,10.0
80,6.7,190,56.02,692,0.246,2.0
80,6.7,190,56.02,692,0.246,15.0
80,6.7,190,56.02,692,0.246,1.0
80,6.7,190,56.02,692,0.246,0.0
80,6.7,190,56.02,692,0.246,9.0
80,6.7,190,56.02,692,0.246,1.0
80,6.7,190,56.02,692,0.246,3.0
80,6.7,190,56.02,692,0.246,18.0
80,6.7,190,56.02,692,0.246,
81,6.6,185,54.8,686,0.243,2.0
81,6.6,185,54.8,686,0.243,34.0
81,6.6,185,54.8,686,0.243,4.0
81,6.6,185,54.8,686,0.243,36.0
81,6.6,185,54.8,686,0.243,19.0
81,6.6,185,54.8,686,0.243,18.0
81,6.6,185,54.8,686,0.243,8.0
81,6.6,185,54.8,686,0.243,30.0
81,6.6,185,54.8,686,0.243,11.0
81,6.6,185,54.8,686,0.243,6.0
82,6.5,180,53.6,679,0.24,8.0
82,6.5,180,53.6,679,0.24,6.0
82,6.5,180,53.6,679,0.24,9.0
82,6.5,180,53.6,679,0.24,8.0
82,6.5,180,53.6,679,0.24,4.0
82,6.5,180,53.6,679,0.24,10.0
82,6.5,180,53.6,679,0.24,
82,6.5,180,53.6,679,0.24,13.0
82,6.5,180,53.6,679,0.24,22.0
82,6.5,180,53.6,679,0.24,8.0
83,6.5,175,52.44,673,0.237,2.0
83,6.5,175,52.44,673,0.237,15.0
83,6.5,175,52.44,673,0.237,14.0
83,6.5,175,52.44,673,0.237,
83,6.5,175,52.44,673,0.237,4.0
83,6.5,175,52.44,673,0.237,28.0
83,6.5,175,52.44,673,0.237,2.0
83,6.5,175,52.44,673,0.237,27.0
83,6.5,175,52.44,673,0.237,3.0
83,6.5,175,52.44,673,0.237,21.0
84,6.4,170,51.29,667,0.234,21.0
84,6.4,170,51.29,667,0.234,10.0
84,6.4,170,51.29,667,0.234,24.0
84,6.4,170,51.29,667,0.234,9.0
84,6.4,170,51.29,667,0.234,18.0
84,6.4,170,51.29,667,0.234,26.0
84,6.4,170,51.29,667,0.234,53.0
84,6.4,170,51.29,667,0.234,14.0
84,6.4,170,51.29,667,0.234,4.0
84,6.4,170,51.29,667,0.234,5.0
85,6.3,165,50.18,660,0.231,5.0
85,6.3,165,50.18,660,0.231,3.0
85,6.3,165,50.18,660,0.231,24.0
85,6.3,165,50.18,660,0.231,
85,6.3,165,50.18,660,0.231,6.0
85,6.3,165,50.18,660,0.231,2.0
85,6.3,165,50.18,660,0.231,
85,6.3,165,50.18,660,0.231,1.0
85,6.3,165,50.18,660,0.231,8.0
85,6.3,165,50.18,660,0.231,20.0
86,6.2,160,49.08,654,0.229,30.0
86,6.2,160,49.08,654,0.229,9.0
86,6.2,160,49.08,654,0.229,16.0
86,6.2,160,49.08,654,0.229,6.0
86,6.2,160,49.08,654,0.229,33.0
86,6.2,160,49.08,654,0.229,2.0
86,6.2,160,49.08,654,0.229,33.0
86,6.2,160,49.08,654,0.229,51.0
86,6.2,160,49.08,654,0.229,0.0
86,6.2,160,49.08,654,0.229,8.0
87,6.2,155,48.01,648,0.226,3.0
87,6.2,155,48.01,648,0.226,8.0
87,6.2,155,48.01,648,0.226,6.0
87,6.2,155,48.01,648,0.226,6.0
87,6.2,155,48.01,648,0.226,4.0
87,6.2,155,48.01,648,0.226,17.0
87,6.2,155,48.01,648,0.226,1.0
87,6.2,155,48.01,648,0.226,5.0
87,6.2,155,48.01,648,0.226,15.0
87,6.2,155,48.01,648,0.226,22.0
88,6.1,150,46.97,642,0.223,2.0
88,6.1,150,46.97,642,0.223,24.0
88,6.1,150,46.97,642,0.223,3.0
88,6.1,150,46.97,642,0.223,4.0
88,6.1,150,46.97,642,0.223,58.0
88,6.1,150,46.97,642,0.223,9.0
88,6.1,150,46.97,642,0.223,5.0
88,6.1,150,46.97,642,0.223,6.0
88,6.1,150,46.97,642,0.223,9.0
88,6.1,150,46.97,642,0.223,17.0
89,6.0,145,45.94,636,0.221,10.0
89,6.0,145,45.94,636,0.221,13.0
89,6.0,145,45.94,636,0.221,
89,6.0,145,45.94,636,0.221,5.0
89,6.0,145,45.94,636,0.221,1.0
89,6.0,145,45.94,636,0.221,20.0
89,6.0,145,45.94,636,0.221,2.0
89,6.0,145,45.94,636,0.221,18.0
89,6.0,145,45.94,636,0.221,21.0
89,6.0,145,45.94,636,0.221,10.0
90,5.9,140,44.94,630,0.219,1.0
90,5.9,140,44.94,630,0.219,0.0
90,5.9,140,44.94,630,0.219,4.0
90,5.9,140,44.94,630,0.219,15.0
90,5.9,140,44.94,630,0.219,7.0
90,5.9,140,44.94,630,0.219,5.0
90,5.9,140,44.94,630,0.219,21.0
90,5.9,140,44.94,630,0.219,3.0
90,5.9,140,44.94,630,0.219,11.0
90,5.9,140,44.94,630,0.219,15.0
91,5.9,136,43.96,625,0.217,9.0
91,5.9,136,43.96,625,0.217,10.0
91,5.9,136,43.96,625,0.217,16.0
91,5.9,136,43.96,625,0.217,19.0
91,5.9,136,43.96,625,0.217,4.0
91,5.9,136,43.96,625,0.217,2.0
91,5.9,136,43.96,625,0.217,19.0
91,5.9,136,43.96,625,0.217,15.0
91,5.9,136,43.96,625,0.217,33.0
91,5.9,136,43.96,625,0.217,0.0
92,5.8,132,43.01,619,0.214,1.0
92,5.8,132,43.01,619,0.214,71.0
92,5.8,132,43.01,619,0.214,7.0
92,5.8,132,43.01,619,0.214,41.0
92,5.8,132,43.01,619,0.214,5.0
92,5.8,132,43.01,619,0.214,4.0
92,5.8,132,43.01,619,0.214,23.0
92,5.8,132,43.01,619,0.214,25.0
92,5.8,132,43.01,619,0.214,5.0
92,5.8,132,43.01,619,0.214,12.0
93,5.7,128,42.07,613,0.212,17.0
93,5.7,128,42.07,613,0.212,7.0
93,5.7,128,42.07,613,0.212,0.0
93,5.7,128,42.07,613,0.212,31.0
93,5.7,128,42.07,613,0.212,8.0
93,5.7,128,42.07,613,0.212,3.0
93,5.7,128,42.07,613,0.212,4.0
93,5.7,128,42.07,613,0.212,10.0
93,5.7,128,42.07,613,0.212,6.0
93,5.7,128,42.07,613,0.212,1.0
94,5.7,124,41.15,607,0.21,9.0
94,5.7,124,41.15,607,0.21,8.0
94,5.7,124,41.15,607,0.21,52.0
94,5.7,124,41.15,607,0.21,3.0
94,5.7,124,41.15,607,0.21,13.0
94,5.7,124,41.15,607,0.21,4.0
94,5.7,124,41.15,607,0.21,16.0
94,5.7,124,41.15,607,0.21,21.0
94,5.7,124,41.15,607,0.21,27.0
94,5.7,124,41.15,607,0.21,4.0
95,5.6,120,40.26,602,0.207,2.0
95,5.6,120,40.26,602,0.207,3.0
95,5.6,120,40.26,602,0.207,
95,5.6,120,40.26,602,0.207,10.0
95,5.6,120,40.26,602,0.207,9.0
95,5.6,120,40.26,602,0.207,41.0
95,5.6,120,40.26,602,0.207,5.0
95,5.6,120,40.26,602,0.207,8.0
95,5.6,120,40.26,602,0.207,8.0
95,5.6,120,40.26,602,0.207,2.0
96,5.5,116,39.38,596,0.205,5.0
96,5.5,116,39.38,596,0.205,11.0
96,5.5,116,39.38,596,0.205,10.0
96,5.5,116,39.38,596,0.205,20.0
96,5.5,116,39.38,596,0.205,3.0
96,5.5,116,39.38,596,0.205,2.0
96,5.5,116,39.38,596,0.205,23.0
96,5.5,116,39.38,596,0.205,8.0
96,5.5,116,39.38,596,0.205,25.0
96,5.5,116,39.38,596,0.205,8.0
97,5.5,112,38.52,591,0.203,4.0
97,5.5,112,38.52,591,0.203,22.0
97,5.5,112,38.52,591,0.203,3.0
97,5.5,112,38.52,591,0.203,0.0
97,5.5,112,38.52,591,0.203,3.0
97,5.5,112,38.52,591,0.203,4.0
97,5.5,112,38.52,591,0.203,4.0
97,5.5,112,38.52,591,0.203,11.0
97,5.5,112,38.52,591,0.203,7.0
97,5.5,112,38.52,591,0.203,5.0
98,5.4,108,37.68,586,0.201,0.0
98,5.4,108,37.68,586,0.201,9.0
98,5.4,108,37.68,586,0.201,1.0
98,5.4,108,37.68,586,0.201,11.0
98,5.4,108,37.68,586,0.201,11.0
98,5.4,108,37.68,586,0.201,56.0
98,5.4,108,37.68,586,0.201,1.0
98,5.4,108,37.68,586,0.201,14.0
98,5.4,108,37.68,586,0.201,2.0
98,5.4,108,37.68,586,0.201,16.0
99,5.3,104,36.86,580,0.199,62.0
99,5.3,104,36.86,580,0.199,16.0
99,5.3,104,36.86,580,0.199,1.0
99,5.3,104,36.86,580,0.199,4.0
99,5.3,104,36.86,580,0.199,1.0
99,5.3,104,36.86,580,0.199,25.0
99,5.3,104,36.86,580,0.199,6.0
99,5.3,104,36.86,580,0.199,5.0
99,5.3,104,36.86,580,0.199,14.0
99,5.3,104,36.86,580,0.199,5.0
100,5.3,100,36.06,575,0.196,12.0
100,5.3,100,36.06,575,0.196,13.0
100,5.3,100,36.06,575,0.196,14.0
100,5.3,100,36.06,575,0.196,
100,5.3,100,36.06,575,0.196,1.0
100,5.3,100,36.06,575,0.196,0.0
100,5.3,100,36.06,575,0.196,10.0
100,5.3,100,36.06,575,0.196,5.0
100,5.3,100,36.06,575,0.196,1.0
100,5.3,100,36.06,575,0.196,
101,5.2,96,35.26,570,0.194,46.0
101,5.2,96,35.26,570,0.194,5.0
101,5.2,96,35.26,570,0.194,3.0
101,5.2,96,35.26,570,0.194,3.0
101,5.2,96,35.26,570,0.194,24.0
101,5.2,96,35.26,570,0.194,0.0
101,5.2,96,35.26,570,0.194,1.0
101,5.2,96,35.26,570,0.194,7.0
101,5.2,96,35.26,570,0.194,4.0
101,5.2,96,35.26,570,0.194,0.0
102,5.1,92,34.49,564,0.192,10.0
102,5.1,92,34.49,564,0.192,34.0
102,5.1,92,34.49,564,0.192,1.0
102,5.1,92,34.49,564,0.192,20.0
102,5.1,92,34.49,564,0.192,22.0
102,5.1,92,34.49,564,0.192,1.0
102,5.1,92,34.49,564,0.192,3.0
102,5.1,92,34.49,564,0.192,5.0
102,5.1,92,34.49,564,0.192,18.0
102,5.1,92,34.49,564,0.192,35.0
103,5.1,88,33.73,559,0.19,19.0
103,5.1,88,33.73,559,0.19,6.0
103,5.1,88,33.73,559,0.19,14.0
103,5.1,88,33.73,559,0.19,45.0
103,5.1,88,33.73,559,0.19,4.0
103,5.1,88,33.73,559,0.19,2.0
103,5.1,88,33.73,559,0.19,10.0
103,5.1,88,33.73,559,0.19,7.0
103,5.1,88,33.73,559,0.19,
103,5.1,88,33.73,559,0.19,3.0
104,5.0,86,32.98,554,0.187,3.0
104,5.0,86,32.98,554,0.187,0.0
104,5.0,86,32.98,554,0.187,14.0
104,5.0,86,32.98,554,0.187,0.0
104,5.0,86,32.98,554,0.187,1.0
104,5.0,86,32.98,554,0.187,14.0
104,5.0,86,32.98,554,0.187,8.0
104,5.0,86,32.98,554,0.187,22.0
104,5.0,86,32.98,554,0.187,2.0
104,5.0,86,32.98,554,0.187,2.0
105,5.0,84,32.26,549,0.185,13.0
105,5.0,84,32.26,549,0.185,16.0
105,5.0,84,32.26,549,0.185,8.0
105,5.0,84,32.26,549,0.185,11.0
105,5.0,84,32.26,549,0.185,22.0
105,5.0,84,32.26,549,0.185,3.0
105,5.0,84,32.26,549,0.185,17.0
105,5.0,84,32.26,549,0.185,5.0
105,5.0,84,32.26,549,0.185,10.0
105,5.0,84,32.26,549,0.185,6.0
106,4.9,82,31.55,544,0.183,3.0
106,4.9,82,31.55,544,0.183,12.0
106,4.9,82,31.55,544,0.183,6.0
106,4.9,82,31.55,544,0.183,2.0
106,4.9,82,31.55,544,0.183,7.0
106,4.9,82,31.55,544,0.183,5.0
106,4.9,82,31.55,544,0.183,1.0
106,4.9,82,31.55,544,0.183,28.0
106,4.9,82,31.55,544,0.183,61.0
106,4.9,82,31.55,544,0.183,6.0
107,4.8,80,30.85,539,0.181,0.0
107,4.8,80,30.85,539,0.181,0.0
107,4.8,80,30.85,539,0.181,14.0
107,4.8,80,30.85,539,0.181,19.0
107,4.8,80,30.85,539,0.181,8.0
107,4.8,80,30.85,539,0.181,4.0
107,4.8,80,30.85,539,0.181,5.0
107,4.8,80,30.85,539,0.181,6.0
107,4.8,80,30.85,539,0.181,17.0
107,4.8,80,30.85,539,0.181,9.0
108,4.8,78,30.17,534,0.179,5.0
108,4.8,78,30.17,534,0.179,
108,4.8,78,30.17,534,0.179,
108,4.8,78,30.17,534,0.179,5.0
108,4.8,78,30.17,534,0.179,0.0
108,4.8,78,30.17,534,0.179,8.0
108,4.8,78,30.17,534,0.179,1.0
108,4.8,78,30.17,534,0.179,0.0
108,4.8,78,30.17,534,0.179,12.0
108,4.8,78,30.17,534,0.179,8.0
109,4.7,76,29.51,530,0.177,11.0
109,4.7,76,29.51,530,0.177,
109,4.7,76,29.51,530,0.177,84.0
109,4.7,76,29.51,530,0.177,0.0
109,4.7,76,29.51,530,0.177,13.0
109,4.7,76,29.51,530,0.177,9.0
109,4.7,76,29.51,530,0.177,12.0
109,4.7,76,29.51,530,0.177,6.0
109,4.7,76,29.51,530,0.177,12.0
109,4.7,76,29.51,530,0.177,9.0
110,4.7,74,28.86,525,0.174,
110,4.7,74,28.86,525,0.174,9.0
110,4.7,74,28.86,525,0.174,0.0
110,4.7,74,28.86,525,0.174,10.0
110,4.7,74,28.86,525,0.174,13.0
110,4.7,74,28.86,525,0.174,31.0
110,4.7,74,28.86,525,0.174,13.0
110,4.7,74,28.86,525,0.174,1.0
110,4.7,74,28.86,525,0.174,9.0
110,4.7,74,28.86,525,0.174,7.0
111,4.6,72,28.22,520,0.172,0.0
111,4.6,72,28.22,520,0.172,0.0
111,4.6,72,28.22,520,0.172,4.0
111,4.6,72,28.22,520,0.172,28.0
111,4.6,72,28.22,520,0.172,6.0
111,4.6,72,28.22,520,0.172,5.0
111,4.6,72,28.22,520,0.172,8.0
111,4.6,72,28.22,520,0.172,16.0
111,4.6,72,28.22,520,0.172,6.0
111,4.6,72,28.22,520,0.172,6.0
112,4.6,70,27.6,515,0.17,1.0
112,4.6,70,27.6,515,0.17,19.0
112,4.6,70,27.6,515,0.17,
112,4.6,70,27.6,515,0.17,34.0
112,4.6,70,27.6,515,0.17,4.0
112,4.6,70,27.6,515,0.17,4.0
112,4.6,70,27.6,515,0.17,45.0
112,4.6,70,27.6,515,0.17,1.0
112,4.6,70,27.6,515,0.17,
112,4.6,70,27.6,515,0.17,9.0
113,4.5,68,27.0,511,0.168,2.0
113,4.5,68,27.0,511,0.168,11.0
113,4.5,68,27.0,511,0.168,0.0
113,4.5,68,27.0,511,0.168,6.0
113,4.5,68,27.0,511,0.168,1.0
113,4.5,68,27.0,511,0.168,14.0
113,4.5,68,27.0,511,0.168,11.0
113,4.5,68,27.0,511,0.168,6.0
113,4.5,68,27.0,511,0.168,17.0
113,4.5,68,27.0,511,0.168,3.0
114,4.4,66,26.4,506,0.166,14.0
114,4.4,66,26.4,506,0.166,0.0
114,4.4,66,26.4,506,0.166,1.0
114,4.4,66,26.4,506,0.166,13.0
114,4.4,66,26.4,506,0.166,3.0
114,4.4,66,26.4,506,0.166,3.0
114,4.4,66,26.4,506,0.166,5.0
114,4.4,66,26.4,506,0.166,6.0
114,4.4,66,26.4,506,0.166,2.0
114,4.4,66,26.4,506,0.166,9.0
115,4.4,64,25.82,501,0.163,12.0
115,4.4,64,25.82,501,0.163,12.0
115,4.4,64,25.82,501,0.163,4.0
115,4.4,64,25.82,501,0.163,
115,4.4,64,25.82,501,0.163,5.0
115,4.4,64,25.82,501,0.163,20.0
115,4.4,64,25.82,501,0.163,
115,4.4,64,25.82,501,0.163,4.0
115,4.4,64,25.82,501,0.163,1.0
115,4.4,64,25.82,501,0.163,7.0
116,4.3,62,25.25,497,0.161,10.0
116,4.3,62,25.25,497,0.161,1.0
116,4.3,62,25.25,497,0.161,11.0
116,4.3,62,25.25,497,0.161,4.0
116,4.3,62,25.25,497,0.161,18.0
116,4.3,62,25.25,497,0.161,5.0
116,4.3,62,25.25,497,0.161,10.0
116,4.3,62,25.25,497,0.161,15.0
116,4.3,62,25.25,497,0.161,24.0
116,4.3,62,25.25,497,0.161,8.0
117,4.3,60,24.7,492,0.16,4.0
117,4.3,60,24.7,492,0.16,3.0
117,4.3,60,24.7,492,0.16,3.0
117,4.3,60,24.7,492,0.16,3.0
117,4.3,60,24.7,492,0.16,2.0
117,4.3,60,24.7,492,0.16,3.0
117,4.3,60,24.7,492,0.16,9.0
117,4.3,60,24.7,492,0.16,21.0
117,4.3,60,24.7,492,0.16,5.0
117,4.3,60,24.7,492,0.16,17.0
118,4.2,58,24.15,488,0.158,2.0
118,4.2,58,24.15,488,0.158,19.0
118,4.2,58,24.15,488,0.158,0.0
118,4.2,58,24.15,488,0.158,17.0
118,4.2,58,24.15,488,0.158,12.0
118,4.2,58,24.15,488,0.158,3.0
118,4.2,58,24.15,488,0.158,3.0
118,4.2,58,24.15,488,0.158,10.0
118,4.2,58,24.15,488,0.158,0.0
118,4.2,58,24.15,488,0.158,5.0
119,4.2,56,23.62,483,0.157,3.0
119,4.2,56,23.62,483,0.157,13.0
119,4.2,56,23.62,483,0.157,2.0
119,4.2,56,23.62,483,0.157,21.0
119,4.2,56,23.62,483,0.157,3.0
119,4.2,56,23.62,483,0.157,0.0
119,4.2,56,23.62,483,0.157,21.0
119,4.2,56,23.62,483,0.157,17.0
119,4.2,56,23.62,483,0.157,4.0
119,4.2,56,23.62,483,0.157,11.0
120,4.1,54,23.41,479,0.155,9.0
120,4.1,54,23.41,479,0.155,4.0
120,4.1,54,23.41,479,0.155,8.0
120,4.1,54,23.41,479,0.155,0.0
120,4.1,54,23.41,479,0.155,7.0
120,4.1,54,23.41,479,0.155,31.0
120,4.1,54,23.41,479,0.155,15.0
120,4.1,54,23.41,479,0.155,10.0
120,4.1,54,23.41,479,0.155,
120,4.1,54,23.41,479,0.155,2.0
121,4.1,52,22.59,475,0.154,6.0
121,4.1,52,22.59,475,0.154,4.0
121,4.1,52,22.59,475,0.154,4.0
121,4.1,52,22.59,475,0.154,0.0
121,4.1,52,22.59,475,0.154,0.0
121,4.1,52,22.59,475,0.154,0.0
121,4.1,52,22.59,475,0.154,
121,4.1,52,22.59,475,0.154,36.0
121,4.1,52,22.59,475,0.154,0.0
121,4.1,52,22.59,475,0.154,3.0
122,4.0,50,22.09,470,0.153,8.0
122,4.0,50,22.09,470,0.153,3.0
122,4.0,50,22.09,470,0.153,5.0
122,4.0,50,22.09,470,0.153,3.0
122,4.0,50,22.09,470,0.153,10.0
122,4.0,50,22.09,470,0.153,14.0
122,4.0,50,22.09,470,0.153,
122,4.0,50,22.09,470,0.153,5.0
122,4.0,50,22.09,470,0.153,8.0
122,4.0,50,22.09,470,0.153,0.0
123,4.0,49,21.61,466,0.151,4.0
123,4.0,49,21.61,466,0.151,7.0
123,4.0,49,21.61,466,0.151,
123,4.0,49,21.61,466,0.151,1.0
123,4.0,49,21.61,466,0.151,
123,4.0,49,21.61,466,0.151,2.0
123,4.0,49,21.61,466,0.151,10.0
123,4.0,49,21.61,466,0.151,10.0
123,4.0,49,21.61,466,0.151,14.0
123,4.0,49,21.61,466,0.151,0.0
124,3.9,48,21.13,462,0.15,0.0
124,3.9,48,21.13,462,0.15,4.0
124,3.9,48,21.13,462,0.15,
124,3.9,48,21.13,462,0.15,7.0
124,3.9,48,21.13,462,0.15,22.0
124,3.9,48,21.13,462,0.15,7.0
124,3.9,48,21.13,462,0.15,15.0
124,3.9,48,21.13,462,0.15,3.0
124,3.9,48,21.13,462,0.15,6.0
124,3.9,48,21.13,462,0.15,1.0
125,3.9,47,20.67,457,0.149,3.0
125,3.9,47,20.67,457,0.149,1.0
125,3.9,47,20.67,457,0.149,1.0
125,3.9,47,20.67,457,0.149,6.0
125,3.9,47,20.67,457,0.149,14.0
125,3.9,47,20.67,457,0.149,9.0
125,3.9,47,20.67,457,0.149,19.0
125,3.9,47,20.67,457,0.149,16.0
125,3.9,47,20.67,457,0.149,2.0
125,3.9,47,20.67,457,0.149,
126,3.8,46,20.21,453,0.148,26.0
126,3.8,46,20.21,453,0.148,21.0
126,3.8,46,20.21,453,0.148,39.0
126,3.8,46,20.21,453,0.148,
126,3.8,46,20.21,453,0.148,1.0
126,3.8,46,20.21,453,0.148,13.0
126,3.8,46,20.21,453,0.148,
126,3.8,46,20.21,453,0.148,6.0
126,3.8,46,20.21,453,0.148,1.0
126,3.8,46,20.21,453,0.148,9.0
127,3.8,45,19.77,449,0.146,0.0
127,3.8,45,19.77,449,0.146,0.0
127,3.8,45,19.77,449,0.146,5.0
127,3.8,45,19.77,449,0.146,2.0
127,3.8,45,19.77,449,0.146,10.0
127,3.8,45,19.77,449,0.146,1.0
127,3.8,45,19.77,449,0.146,1.0
127,3.8,45,19.77,449,0.146,
127,3.8,45,19.77,449,0.146,0.0
127,3.8,45,19.77,449,0.146,4.0
128,3.7,44,19.33,445,0.145,10.0
128,3.7,44,19.33,445,0.145,4.0
128,3.7,44,19.33,445,0.145,6.0
128,3.7,44,19.33,445,0.145,17.0
128,3.7,44,19.33,445,0.145,4.0
128,3.7,44,19.33,445,0.145,6.0
128,3.7,44,19.33,445,0.145,1.0
128,3.7,44,19.33,445,0.145,4.0
128,3.7,44,19.33,445,0.145,34.0
128,3.7,44,19.33,445,0.145,26.0
129,3.7,43,18.91,441,0.144,13.0
129,3.7,43,18.91,441,0.144,14.0
129,3.7,43,18.91,441,0.144,1.0
129,3.7,43,18.91,441,0.144,15.0
129,3.7,43,18.91,441,0.144,14.0
129,3.7,43,18.91,441,0.144,8.0
129,3.7,43,18.91,441,0.144,3.0
129,3.7,43,18.91,441,0.144,4.0
129,3.7,43,18.91,441,0.144,1.0
129,3.7,43,18.91,441,0.144,
130,3.6,42,18.49,437,0.143,1.0
130,3.6,42,18.49,437,0.143,0.0
130,3.6,42,18.49,437,0.143,5.0
130,3.6,42,18.49,437,0.143,37.0
130,3.6,42,18.49,437,0.143,
130,3.6,42,18.49,437,0.143,8.0
130,3.6,42,18.49,437,0.143,10.0
130,3.6,42,18.49,437,0.143,32.0
130,3.6,42,18.49,437,0.143,13.0
130,3.6,42,18.49,437,0.143,5.0
131,3.6,41,18.08,433,0.142,9.0
131,3.6,41,18.08,433,0.142,2.0
131,3.6,41,18.08,433,0.142,
131,3.6,41,18.08,433,0.142,2.0
131,3.6,41,18.08,433,0.142,42.0
131,3.6,41,18.08,433,0.142,29.0
131,3.6,41,18.08,433,0.142,38.0
131,3.6,41,18.08,433,0.142,3.0
131,3.6,41,18.08,433,0.142,4.0
131,3.6,41,18.08,433,0.142,6.0
132,3.5,40,17.68,429,0.141,1.0
132,3.5,40,17.68,429,0.141,36.0
132,3.5,40,17.68,429,0.141,12.0
132,3.5,40,17.68,429,0.141,3.0
132,3.5,40,17.68,429,0.141,0.0
132,3.5,40,17.68,429,0.141,4.0
132,3.5,40,17.68,429,0.141,
132,3.5,40,17.68,429,0.141,0.0
132,3.5,40,17.68,429,0.141,6.0
132,3.5,40,17.68,429,0.141,6.0
133,3.5,40,17.29,425,0.139,0.0
133,3.5,40,17.29,425,0.139,2.0
133,3.5,40,17.29,425,0.139,6.0
133,3.5,40,17.29,425,0.139,17.0
133,3.5,40,17.29,425,0.139,16.0
133,3.5,40,17.29,425,0.139,6.0
133,3.5,40,17.29,425,0.139,1.0
133,3.5,40,17.29,425,0.139,0.0
133,3.5,40,17.29,425,0.139,1.0
133,3.5,40,17.29,425,0.139,5.0
134,3.4,39,16.91,421,0.138,0.0
134,3.4,39,16.91,421,0.138,
134,3.4,39,16.91,421,0.138,0.0
134,3.4,39,16.91,421,0.138,18.0
134,3.4,39,16.91,421,0.138,9.0
134,3.4,39,16.91,421,0.138,5.0
134,3.4,39,16.91,421,0.138,19.0
134,3.4,39,16.91,421,0.138,17.0
134,3.4,39,16.91,421,0.138,13.0
134,3.4,39,16.91,421,0.138,9.0
135,3.4,39,16.54,417,0.137,
135,3.4,39,16.54,417,0.137,
135,3.4,39,16.54,417,0.137,8.0
135,3.4,39,16.54,417,0.137,3.0
135,3.4,39,16.54,417,0.137,
135,3.4,39,16.54,417,0.137,104.0
135,3.4,39,16.54,417,0.137,0.0
135,3.4,39,16.54,417,0.137,1.0
135,3.4,39,16.54,417,0.137,3.0
135,3.4,39,16.54,417,0.137,10.0
136,3.3,38,16.18,413,0.136,1.0
136,3.3,38,16.18,413,0.136,7.0
136,3.3,38,16.18,413,0.136,4.0
136,3.3,38,16.18,413,0.136,
136,3.3,38,16.18,413,0.136,0.0
136,3.3,38,16.18,413,0.136,11.0
136,3.3,38,16.18,413,0.136,0.0
136,3.3,38,16.18,413,0.136,7.0
136,3.3,38,16.18,413,0.136,8.0
136,3.3,38,16.18,413,0.136,2.0
137,3.3,38,15.82,409,0.135,15.0
137,3.3,38,15.82,409,0.135,14.0
137,3.3,38,15.82,409,0.135,
137,3.3,38,15.82,409,0.135,3.0
137,3.3,38,15.82,409,0.135,56.0
137,3.3,38,15.82,409,0.135,35.0
137,3.3,38,15.82,409,0.135,
137,3.3,38,15.82,409,0.135,18.0
137,3.3,38,15.82,409,0.135,8.0
137,3.3,38,15.82,409,0.135,0.0
138,3.2,37,15.47,405,0.134,42.0
138,3.2,37,15.47,405,0.134,26.0
138,3.2,37,15.47,405,0.134,3.0
138,3.2,37,15.47,405,0.134,3.0
138,3.2,37,15.47,405,0.134,1.0
138,3.2,37,15.47,405,0.134,5.0
138,3.2,37,15.47,405,0.134,3.0
138,3.2,37,15.47,405,0.134,
138,3.2,37,15.47,405,0.134,0.0
138,3.2,37,15.47,405,0.134,19.0
139,3.2,37,15.13,401,0.133,1.0
139,3.2,37,15.13,401,0.133,9.0
139,3.2,37,15.13,401,0.133,2.0
139,3.2,37,15.13,401,0.133,2.0
139,3.2,37,15.13,401,0.133,2.0
139,3.2,37,15.13,401,0.133,0.0
139,3.2,37,15.13,401,0.133,0.0
139,3.2,37,15.13,401,0.133,1.0
139,3.2,37,15.13,401,0.133,4.0
139,3.2,37,15.13,401,0.133,9.0
140,3.1,36,14.8,398,0.132,
140,3.1,36,14.8,398,0.132,0.0
140,3.1,36,14.8,398,0.132,3.0
140,3.1,36,14.8,398,0.132,13.0
140,3.1,36,14.8,398,0.132,3.0
140,3.1,36,14.8,398,0.132,11.0
140,3.1,36,14.8,398,0.132,11.0
140,3.1,36,14.8,398,0.132,9.0
140,3.1,36,14.8,398,0.132,2.0
140,3.1,36,14.8,398,0.132,4.0
141,3.1,36,14.47,394,0.13,3.0
141,3.1,36,14.47,394,0.13,1.0
141,3.1,36,14.47,394,0.13,5.0
141,3.1,36,14.47,394,0.13,1.0
141,3.1,36,14.47,394,0.13,6.0
141,3.1,36,14.47,394,0.13,1.0
141,3.1,36,14.47,394,0.13,1.0
141,3.1,36,14.47,394,0.13,4.0
141,3.1,36,14.47,394,0.13,2.0
141,3.1,36,14.47,394,0.13,1.0
142,3.0,35,14.15,390,0.129,13.0
142,3.0,35,14.15,390,0.129,0.0
142,3.0,35,14.15,390,0.129,1.0
142,3.0,35,14.15,390,0.129,7.0
142,3.0,35,14.15,390,0.129,19.0
142,3.0,35,14.15,390,0.129,6.0
142,3.0,35,14.15,390,0.129,9.0
142,3.0,35,14.15,390,0.129,1.0
142,3.0,35,14.15,390,0.129,2.0
142,3.0,35,14.15,390,0.129,0.0
143,3.0,35,13.84,387,0.128,
143,3.0,35,13.84,387,0.128,22.0
143,3.0,35,13.84,387,0.128,2.0
143,3.0,35,13.84,387,0.128,
143,3.0,35,13.84,387,0.128,1.0
143,3.0,35,13.84,387,0.128,11.0
143,3.0,35,13.84,387,0.128,19.0
143,3.0,35,13.84,387,0.128,36.0
143,3.0,35,13.84,387,0.128,2.0
143,3.0,35,13.84,387,0.128,1.0
144,3.0,34,13.54,383,0.127,6.0
144,3.0,34,13.54,383,0.127,
144,3.0,34,13.54,383,0.127,14.0
144,3.0,34,13.54,383,0.127,42.0
144,3.0,34,13.54,383,0.127,0.0
144,3.0,34,13.54,383,0.127,14.0
144,3.0,34,13.54,383,0.127,42.0
144,3.0,34,13.54,383,0.127,2.0
144,3.0,34,13.54,383,0.127,1.0
144,3.0,34,13.54,383,0.127,6.0
145,2.9,34,13.24,379,0.126,17.0
145,2.9,34,13.24,379,0.126,0.0
145,2.9,34,13.24,379,0.126,4.0
145,2.9,34,13.24,379,0.126,
145,2.9,34,13.24,379,0.126,17.0
145,2.9,34,13.24,379,0.126,1.0
145,2.9,34,13.24,379,0.126,1.0
145,2.9,34,13.24,379,0.126,22.0
145,2.9,34,13.24,379,0.126,3.0
145,2.9,34,13.24,379,0.126,12.0
146,2.9,33,12.95,376,0.125,4.0
146,2.9,33,12.95,376,0.125,
146,2.9,33,12.95,376,0.125,1.0
146,2.9,33,12.95,376,0.125,1.0
146,2.9,33,12.95,376,0.125,32.0
146,2.9,33,12.95,376,0.125,30.0
146,2.9,33,12.95,376,0.125,60.0
146,2.9,33,12.95,376,0.125,15.0
146,2.9,33,12.95,376,0.125,11.0
146,2.9,33,12.95,376,0.125,24.0
147,2.8,33,12.66,372,0.124,0.0
147,2.8,33,12.66,372,0.124,
147,2.8,33,12.66,372,0.124,1.0
147,2.8,33,12.66,372,0.124,24.0
147,2.8,33,12.66,372,0.124,5.0
147,2.8,33,12.66,372,0.124,12.0
147,2.8,33,12.66,372,0.124,
147,2.8,33,12.66,372,0.124,6.0
147,2.8,33,12.66,372,0.124,
147,2.8,33,12.66,372,0.124,2.0
148,2.8,32,12.38,368,0.122,15.0
148,2.8,32,12.38,368,0.122,0.0
148,2.8,32,12.38,368,0.122,9.0
148,2.8,32,12.38,368,0.122,6.0
148,2.8,32,12.38,368,0.122,
148,2.8,32,12.38,368,0.122,12.0
148,2.8,32,12.38,368,0.122,3.0
148,2.8,32,12.38,368,0.122,6.0
148,2.8,32,12.38,368,0.122,28.0
148,2.8,32,12.38,368,0.122,4.0
149,2.7,32,12.11,365,0.121,1.0
149,2.7,32,12.11,365,0.121,14.0
149,2.7,32,12.11,365,0.121,1.0
149,2.7,32,12.11,365,0.121,15.0
149,2.7,32,12.11,365,0.121,14.0
149,2.7,32,12.11,365,0.121,5.0
149,2.7,32,12.11,365,0.121,12.0
149,2.7,32,12.11,365,0.121,20.0
149,2.7,32,12.11,365,0.121,21.0
149,2.7,32,12.11,365,0.121,7.0
150,2.7,31,11.85,361,0.12,10.0
150,2.7,31,11.85,361,0.12,0.0
150,2.7,31,11.85,361,0.12,
150,2.7,31,11.85,361,0.12,10.0
150,2.7,31,11.85,361,0.12,
150,2.7,31,11.85,361,0.12,22.0
150,2.7,31,11.85,361,0.12,1.0
150,2.7,31,11.85,361,0.12,4.0
150,2.7,31,11.85,361,0.12,9.0
150,2.7,31,11.85,361,0.12,3.0
151,2.7,31,11.58,358,0.119,3.0
151,2.7,31,11.58,358,0.119,0.0
151,2.7,31,11.58,358,0.119,7.0
151,2.7,31,11.58,358,0.119,25.0
151,2.7,31,11.58,358,0.119,13.0
151,2.7,31,11.58,358,0.119,11.0
151,2.7,31,11.58,358,0.119,16.0
151,2.7,31,11.58,358,0.119,0.0
151,2.7,31,11.58,358,0.119,23.0
151,2.7,31,11.58,358,0.119,0.0
152,2.6,31,11.33,354,0.118,6.0
152,2.6,31,11.33,354,0.118,
152,2.6,31,11.33,354,0.118,1.0
152,2.6,31,11.33,354,0.118,3.0
152,2.6,31,11.33,354,0.118,
152,2.6,31,11.33,354,0.118,19.0
152,2.6,31,11.33,354,0.118,2.0
152,2.6,31,11.33,354,0.118,4.0
152,2.6,31,11.33,354,0.118,1.0
152,2.6,31,11.33,354,0.118,1.0
153,2.6,30,11.08,351,0.117,19.0
153,2.6,30,11.08,351,0.117,6.0
153,2.6,30,11.08,351,0.117,2.0
153,2.6,30,11.08,351,0.117,2.0
153,2.6,30,11.08,351,0.117,16.0
153,2.6,30,11.08,351,0.117,9.0
153,2.6,30,11.08,351,0.117,
153,2.6,30,11.08,351,0.117,11.0
153,2.6,30,11.08,351,0.117,0.0
153,2.6,30,11.08,351,0.117,24.0
154,2.5,30,10.84,348,0.116,82.0
154,2.5,30,10.84,348,0.116,
154,2.5,30,10.84,348,0.116,19.0
154,2.5,30,10.84,348,0.116,
154,2.5,30,10.84,348,0.116,16.0
154,2.5,30,10.84,348,0.116,0.0
154,2.5,30,10.84,348,0.116,2.0
154,2.5,30,10.84,348,0.116,5.0
154,2.5,30,10.84,348,0.116,0.0
154,2.5,30,10.84,348,0.116,1.0
155,2.5,29,10.6,344,0.114,6.0
155,2.5,29,10.6,344,0.114,0.0
155,2.5,29,10.6,344,0.114,6.0
155,2.5,29,10.6,344,0.114,
155,2.5,29,10.6,344,0.114,4.0
155,2.5,29,10.6,344,0.114,19.0
155,2.5,29,10.6,344,0.114,23.0
155,2.5,29,10.6,344,0.114,8.0
155,2.5,29,10.6,344,0.114,12.0
155,2.5,29,10.6,344,0.114,9.0
156,2.4,29,10.36,341,0.113,
156,2.4,29,10.36,341,0.113,
156,2.4,29,10.36,341,0.113,0.0
156,2.4,29,10.36,341,0.113,1.0
156,2.4,29,10.36,341,0.113,6.0
156,2.4,29,10.36,341,0.113,1.0
156,2.4,29,10.36,341,0.113,8.0
156,2.4,29,10.36,341,0.113,1.0
156,2.4,29,10.36,341,0.113,1.0
156,2.4,29,10.36,341,0.113,2.0
157,2.4,29,10.14,337,0.112,1.0
157,2.4,29,10.14,337,0.112,0.0
157,2.4,29,10.14,337,0.112,13.0
157,2.4,29,10.14,337,0.112,
157,2.4,29,10.14,337,0.112,13.0
157,2.4,29,10.14,337,0.112,7.0
157,2.4,29,10.14,337,0.112,3.0
157,2.4,29,10.14,337,0.112,8.0
157,2.4,29,10.14,337,0.112,3.0
157,2.4,29,10.14,337,0.112,5.0
158,2.4,28,9.91,334,0.111,
158,2.4,28,9.91,334,0.111,1.0
158,2.4,28,9.91,334,0.111,11.0
158,2.4,28,9.91,334,0.111,6.0
158,2.4,28,9.91,334,0.111,
158,2.4,28,9.91,334,0.111,13.0
158,2.4,28,9.91,334,0.111,5.0
158,2.4,28,9.91,334,0.111,2.0
158,2.4,28,9.91,334,0.111,
158,2.4,28,9.91,334,0.111,10.0
159,2.3,28,9.69,331,0.11,
159,2.3,28,9.69,331,0.11,1.0
159,2.3,28,9.69,331,0.11,13.0
159,2.3,28,9.69,331,0.11,3.0
159,2.3,28,9.69,331,0.11,12.0
159,2.3,28,9.69,331,0.11,0.0
159,2.3,28,9.69,331,0.11,2.0
159,2.3,28,9.69,331,0.11,0.0
159,2.3,28,9.69,331,0.11,9.0
159,2.3,28,9.69,331,0.11,
160,2.3,27,9.48,327,0.109,
160,2.3,27,9.48,327,0.109,1.0
160,2.3,27,9.48,327,0.109,10.0
160,2.3,27,9.48,327,0.109,5.0
160,2.3,27,9.48,327,0.109,10.0
160,2.3,27,9.48,327,0.109,4.0
160,2.3,27,9.48,327,0.109,
160,2.3,27,9.48,327,0.109,2.0
160,2.3,27,9.48,327,0.109,0.0
160,2.3,27,9.48,327,0.109,5.0
161,2.2,27,9.27,324,0.108,1.0
161,2.2,27,9.27,324,0.108,3.0
161,2.2,27,9.27,324,0.108,
161,2.2,27,9.27,324,0.108,47.0
161,2.2,27,9.27,324,0.108,1.0
161,2.2,27,9.27,324,0.108,2.0
161,2.2,27,9.27,324,0.108,22.0
161,2.2,27,9.27,324,0.108,14.0
161,2.2,27,9.27,324,0.108,5.0
161,2.2,27,9.27,324,0.108,5.0
162,2.2,27,9.07,321,0.107,4.0
162,2.2,27,9.07,321,0.107,10.0
162,2.2,27,9.07,321,0.107,0.0
162,2.2,27,9.07,321,0.107,1.0
162,2.2,27,9.07,321,0.107,
162,2.2,27,9.07,321,0.107,
162,2.2,27,9.07,321,0.107,
162,2.2,27,9.07,321,0.107,
162,2.2,27,9.07,321,0.107,0.0
162,2.2,27,9.07,321,0.107,7.0
163,2.2,26,8.87,318,0.106,17.0
163,2.2,26,8.87,318,0.106,0.0
163,2.2,26,8.87,318,0.106,14.0
163,2.2,26,8.87,318,0.106,
163,2.2,26,8.87,318,0.106,0.0
163,2.2,26,8.87,318,0.106,1.0
163,2.2,26,8.87,318,0.106,57.0
163,2.2,26,8.87,318,0.106,4.0
163,2.2,26,8.87,318,0.106,6.0
163,2.2,26,8.87,318,0.106,7.0
164,2.1,26,8.67,314,0.104,3.0
164,2.1,26,8.67,314,0.104,6.0
164,2.1,26,8.67,314,0.104,0.0
164,2.1,26,8.67,314,0.104,3.0
164,2.1,26,8.67,314,0.104,0.0
164,2.1,26,8.67,314,0.104,12.0
164,2.1,26,8.67,314,0.104,0.0
164,2.1,26,8.67,314,0.104,
164,2.1,26,8.67,314,0.104,16.0
164,2.1,26,8.67,314,0.104,
165,2.1,25,8.48,311,0.103,20.0
165,2.1,25,8.48,311,0.103,
165,2.1,25,8.48,311,0.103,14.0
165,2.1,25,8.48,311,0.103,3.0
165,2.1,25,8.48,311,0.103,5.0
165,2.1,25,8.48,311,0.103,61.0
165,2.1,25,8.48,311,0.103,13.0
165,2.1,25,8.48,311,0.103,7.0
165,2.1,25,8.48,311,0.103,0.0
165,2.1,25,8.48,311,0.103,2.0
166,2.0,25,8.3,308,0.102,
166,2.0,25,8.3,308,0.102,15.0
166,2.0,25,8.3,308,0.102,4.0
166,2.0,25,8.3,308,0.102,4.0
166,2.0,25,8.3,308,0.102,8.0
166,2.0,25,8.3,308,0.102,20.0
166,2.0,25,8.3,308,0.102,0.0
166,2.0,25,8.3,308,0.102,1.0
166,2.0,25,8.3,308,0.102,4.0
166,2.0,25,8.3,308,0.102,5.0
167,2.0,25,8.11,305,0.101,0.0
167,2.0,25,8.11,305,0.101,27.0
167,2.0,25,8.11,305,0.101,4.0
167,2.0,25,8.11,305,0.101,0.0
167,2.0,25,8.11,305,0.101,1.0
167,2.0,25,8.11,305,0.101,
167,2.0,25,8.11,305,0.101,2.0
167,2.0,25,8.11,305,0.101,-1.0
167,2.0,25,8.11,305,0.101,
167,2.0,25,8.11,305,0.101,
168,2.0,24,7.93,302,0.1,
168,2.0,24,7.93,302,0.1,1.0
168,2.0,24,7.93,302,0.1,22.0
168,2.0,24,7.93,302,0.1,
168,2.0,24,7.93,302,0.1,0.0
168,2.0,24,7.93,302,0.1,8.0
168,2.0,24,7.93,302,0.1,9.0
168,2.0,24,7.93,302,0.1,7.0
168,2.0,24,7.93,302,0.1,
168,2.0,24,7.93,302,0.1,1.0
169,1.9,24,7.76,299,0.099,1.0
169,1.9,24,7.76,299,0.099,2.0
169,1.9,24,7.76,299,0.099,13.0
169,1.9,24,7.76,299,0.099,1.0
169,1.9,24,7.76,299,0.099,4.0
169,1.9,24,7.76,299,0.099,2.0
169,1.9,24,7.76,299,0.099,1.0
169,1.9,24,7.76,299,0.099,8.0
169,1.9,24,7.76,299,0.099,21.0
169,1.9,24,7.76,299,0.099,2.0
170,1.9,23,7.59,295,0.098,4.0
170,1.9,23,7.59,295,0.098,5.0
170,1.9,23,7.59,295,0.098,1.0
170,1.9,23,7.59,295,0.098,2.0
170,1.9,23,7.59,295,0.098,0.0
170,1.9,23,7.59,295,0.098,0.0
170,1.9,23,7.59,295,0.098,
170,1.9,23,7.59,295,0.098,7.0
170,1.9,23,7.59,295,0.098,3.0
170,1.9,23,7.59,295,0.098,15.0
171,1.9,23,7.42,292,0.097,
171,1.9,23,7.42,292,0.097,20.0
171,1.9,23,7.42,292,0.097,3.0
171,1.9,23,7.42,292,0.097,1.0
171,1.9,23,7.42,292,0.097,9.0
171,1.9,23,7.42,292,0.097,5.0
171,1.9,23,7.42,292,0.097,2.0
171,1.9,23,7.42,292,0.097,
171,1.9,23,7.42,292,0.097,32.0
171,1.9,23,7.42,292,0.097,0.0
172,1.8,23,7.26,289,0.096,24.0
172,1.8,23,7.26,289,0.096,10.0
172,1.8,23,7.26,289,0.096,0.0
172,1.8,23,7.26,289,0.096,
172,1.8,23,7.26,289,0.096,5.0
172,1.8,23,7.26,289,0.096,13.0
172,1.8,23,7.26,289,0.096,0.0
172,1.8,23,7.26,289,0.096,5.0
172,1.8,23,7.26,289,0.096,1.0
172,1.8,23,7.26,289,0.096,
173,1.8,22,7.1,286,0.095,13.0
173,1.8,22,7.1,286,0.095,28.0
173,1.8,22,7.1,286,0.095,
173,1.8,22,7.1,286,0.095,
173,1.8,22,7.1,286,0.095,1.0
173,1.8,22,7.1,286,0.095,0.0
173,1.8,22,7.1,286,0.095,1.0
173,1.8,22,7.1,286,0.095,2.0
173,1.8,22,7.1,286,0.095,22.0
173,1.8,22,7.1,286,0.095,23.0
174,1.7,22,6.94,283,0.094,13.0
174,1.7,22,6.94,283,0.094,8.0
174,1.7,22,6.94,283,0.094,
174,1.7,22,6.94,283,0.094,13.0
174,1.7,22,6.94,283,0.094,5.0
174,1.7,22,6.94,283,0.094,
174,1.7,22,6.94,283,0.094,0.0
174,1.7,22,6.94,283,0.094,18.0
174,1.7,22,6.94,283,0.094,4.0
174,1.7,22,6.94,283,0.094,4.0
175,1.7,21,6.79,280,0.092,4.0
175,1.7,21,6.79,280,0.092,13.0
175,1.7,21,6.79,280,0.092,
175,1.7,21,6.79,280,0.092,7.0
175,1.7,21,6.79,280,0.092,2.0
175,1.7,21,6.79,280,0.092,14.0
175,1.7,21,6.79,280,0.092,
175,1.7,21,6.79,280,0.092,3.0
175,1.7,21,6.79,280,0.092,
175,1.7,21,6.79,280,0.092,3.0
176,1.7,21,6.64,277,0.091,6.0
176,1.7,21,6.64,277,0.091,5.0
176,1.7,21,6.64,277,0.091,0.0
176,1.7,21,6.64,277,0.091,1.0
176,1.7,21,6.64,277,0.091,
176,1.7,21,6.64,277,0.091,2.0
176,1.7,21,6.64,277,0.091,
176,1.7,21,6.64,277,0.091,1.0
176,1.7,21,6.64,277,0.091,
176,1.7,21,6.64,277,0.091,13.0
177,1.6,21,6.49,274,0.09,4.0
177,1.6,21,6.49,274,0.09,16.0
177,1.6,21,6.49,274,0.09,
177,1.6,21,6.49,274,0.09,1.0
177,1.6,21,6.49,274,0.09,0.0
177,1.6,21,6.49,274,0.09,0.0
177,1.6,21,6.49,274,0.09,6.0
177,1.6,21,6.49,274,0.09,1.0
177,1.6,21,6.49,274,0.09,0.0
177,1.6,21,6.49,274,0.09,23.0
178,1.6,20,6.35,271,0.089,5.0
178,1.6,20,6.35,271,0.089,0.0
178,1.6,20,6.35,271,0.089,
178,1.6,20,6.35,271,0.089,1.0
178,1.6,20,6.35,271,0.089,
178,1.6,20,6.35,271,0.089,1.0
178,1.6,20,6.35,271,0.089,12.0
178,1.6,20,6.35,271,0.089,
178,1.6,20,6.35,271,0.089,16.0
178,1.6,20,6.35,271,0.089,14.0
179,1.6,20,6.21,268,0.088,
179,1.6,20,6.21,268,0.088,
179,1.6,20,6.21,268,0.088,5.0
179,1.6,20,6.21,268,0.088,
179,1.6,20,6.21,268,0.088,
179,1.6,20,6.21,268,0.088,5.0
179,1.6,20,6.21,268,0.088,0.0
179,1.6,20,6.21,268,0.088,1.0
179,1.6,20,6.21,268,0.088,2.0
179,1.6,20,6.21,268,0.088,1.0
180,1.5,19,6.07,265,0.087,1.0
180,1.5,19,6.07,265,0.087,0.0
180,1.5,19,6.07,265,0.087,2.0
180,1.5,19,6.07,265,0.087,5.0
180,1.5,19,6.07,265,0.087,1.0
180,1.5,19,6.07,265,0.087,
180,1.5,19,6.07,265,0.087,3.0
180,1.5,19,6.07,265,0.087,11.0
180,1.5,19,6.07,265,0.087,2.0
180,1.5,19,6.07,265,0.087,9.0
181,1.5,19,5.94,262,0.086,0.0
181,1.5,19,5.94,262,0.086,0.0
181,1.5,19,5.94,262,0.086,17.0
181,1.5,19,5.94,262,0.086,18.0
181,1.5,19,5.94,262,0.086,3.0
181,1.5,19,5.94,262,0.086,
181,1.5,19,5.94,262,0.086,0.0
181,1.5,19,5.94,262,0.086,0.0
181,1.5,19,5.94,262,0.086,5.0
181,1.5,19,5.94,262,0.086,3.0
182,1.5,19,5.81,260,0.085,
182,1.5,19,5.81,260,0.085,1.0
182,1.5,19,5.81,260,0.085,0.0
182,1.5,19,5.81,260,0.085,3.0
182,1.5,19,5.81,260,0.085,
182,1.5,19,5.81,260,0.085,
182,1.5,19,5.81,260,0.085,55.0
182,1.5,19,5.81,260,0.085,
182,1.5,19,5.81,260,0.085,3.0
182,1.5,19,5.81,260,0.085,33.0
183,1.4,18,5.68,257,0.084,
183,1.4,18,5.68,257,0.084,
183,1.4,18,5.68,257,0.084,
183,1.4,18,5.68,257,0.084,0.0
183,1.4,18,5.68,257,0.084,0.0
183,1.4,18,5.68,257,0.084,4.0
183,1.4,18,5.68,257,0.084,1.0
183,1.4,18,5.68,257,0.084,0.0
183,1.4,18,5.68,257,0.084,7.0
183,1.4,18,5.68,257,0.084,4.0
184,1.4,18,5.56,254,0.083,4.0
184,1.4,18,5.56,254,0.083,3.0
184,1.4,18,5.56,254,0.083,10.0
184,1.4,18,5.56,254,0.083,
184,1.4,18,5.56,254,0.083,
184,1.4,18,5.56,254,0.083,2.0
184,1.4,18,5.56,254,0.083,18.0
184,1.4,18,5.56,254,0.083,13.0
184,1.4,18,5.56,254,0.083,0.0
184,1.4,18,5.56,254,0.083,9.0
185,1.4,17,5.43,251,0.082,3.0
185,1.4,17,5.43,251,0.082,-4.0
185,1.4,17,5.43,251,0.082,1.0
185,1.4,17,5.43,251,0.082,0.0
185,1.4,17,5.43,251,0.082,
185,1.4,17,5.43,251,0.082,8.0
185,1.4,17,5.43,251,0.082,2.0
185,1.4,17,5.43,251,0.082,0.0
185,1.4,17,5.43,251,0.082,1.0
185,1.4,17,5.43,251,0.082,4.0
186,1.3,17,5.31,248,0.081,5.0
186,1.3,17,5.31,248,0.081,3.0
186,1.3,17,5.31,248,0.081,1.0
186,1.3,17,5.31,248,0.081,
186,1.3,17,5.31,248,0.081,0.0
186,1.3,17,5.31,248,0.081,12.0
186,1.3,17,5.31,248,0.081,27.0
186,1.3,17,5.31,248,0.081,2.0
186,1.3,17,5.31,248,0.081,2.0
186,1.3,17,5.31,248,0.081,14.0
187,1.3,17,5.2,245,0.08,0.0
187,1.3,17,5.2,245,0.08,2.0
187,1.3,17,5.2,245,0.08,17.0
187,1.3,17,5.2,245,0.08,
187,1.3,17,5.2,245,0.08,
187,1.3,17,5.2,245,0.08,
187,1.3,17,5.2,245,0.08,
187,1.3,17,5.2,245,0.08,0.0
187,1.3,17,5.2,245,0.08,0.0
187,1.3,17,5.2,245,0.08,17.0
188,1.3,16,5.08,242,0.079,2.0
188,1.3,16,5.08,242,0.079,19.0
188,1.3,16,5.08,242,0.079,3.0
188,1.3,16,5.08,242,0.079,9.0
188,1.3,16,5.08,242,0.079,1.0
188,1.3,16,5.08,242,0.079,1.0
188,1.3,16,5.08,242,0.079,6.0
188,1.3,16,5.08,242,0.079,
188,1.3,16,5.08,242,0.079,13.0
188,1.3,16,5.08,242,0.079,13.0
189,1.2,16,4.97,240,0.078,0.0
189,1.2,16,4.97,240,0.078,1.0
189,1.2,16,4.97,240,0.078,2.0
189,1.2,16,4.97,240,0.078,7.0
189,1.2,16,4.97,240,0.078,1.0
189,1.2,16,4.97,240,0.078,23.0
189,1.2,16,4.97,240,0.078,4.0
189,1.2,16,4.97,240,0.078,
189,1.2,16,4.97,240,0.078,1.0
189,1.2,16,4.97,240,0.078,2.0
190,1.2,15,4.86,237,0.077,1.0
190,1.2,15,4.86,237,0.077,
190,1.2,15,4.86,237,0.077,4.0
190,1.2,15,4.86,237,0.077,0.0
190,1.2,15,4.86,237,0.077,0.0
190,1.2,15,4.86,237,0.077,2.0
190,1.2,15,4.86,237,0.077,23.0
190,1.2,15,4.86,237,0.077,9.0
190,1.2,15,4.86,237,0.077,7.0
190,1.2,15,4.86,237,0.077,0.0
191,1.2,15,4.75,234,0.077,102.0
191,1.2,15,4.75,234,0.077,0.0
191,1.2,15,4.75,234,0.077,1.0
191,1.2,15,4.75,234,0.077,17.0
191,1.2,15,4.75,234,0.077,
191,1.2,15,4.75,234,0.077,0.0
191,1.2,15,4.75,234,0.077,16.0
191,1.2,15,4.75,234,0.077,
191,1.2,15,4.75,234,0.077,0.0
191,1.2,15,4.75,234,0.077,7.0
192,1.1,15,4.65,231,0.076,14.0
192,1.1,15,4.65,231,0.076,1.0
192,1.1,15,4.65,231,0.076,
192,1.1,15,4.65,231,0.076,
192,1.1,15,4.65,231,0.076,12.0
192,1.1,15,4.65,231,0.076,
192,1.1,15,4.65,231,0.076,0.0
192,1.1,15,4.65,231,0.076,1.0
192,1.1,15,4.65,231,0.076,5.0
192,1.1,15,4.65,231,0.076,26.0
193,1.1,14,4.55,229,0.075,6.0
193,1.1,14,4.55,229,0.075,7.0
193,1.1,14,4.55,229,0.075,7.0
193,1.1,14,4.55,229,0.075,21.0
193,1.1,14,4.55,229,0.075,
193,1.1,14,4.55,229,0.075,0.0
193,1.1,14,4.55,229,0.075,9.0
193,1.1,14,4.55,229,0.075,0.0
193,1.1,14,4.55,229,0.075,8.0
193,1.1,14,4.55,229,0.075,0.0
194,1.1,14,4.45,226,0.074,
194,1.1,14,4.45,226,0.074,0.0
194,1.1,14,4.45,226,0.074,0.0
194,1.1,14,4.45,226,0.074,
194,1.1,14,4.45,226,0.074,4.0
194,1.1,14,4.45,226,0.074,7.0
194,1.1,14,4.45,226,0.074,2.0
194,1.1,14,4.45,226,0.074,17.0
194,1.1,14,4.45,226,0.074,0.0
194,1.1,14,4.45,226,0.074,0.0
195,1.0,13,4.35,223,0.073,1.0
195,1.0,13,4.35,223,0.073,
195,1.0,13,4.35,223,0.073,
195,1.0,13,4.35,223,0.073,
195,1.0,13,4.35,223,0.073,0.0
195,1.0,13,4.35,223,0.073,19.0
195,1.0,13,4.35,223,0.073,1.0
195,1.0,13,4.35,223,0.073,17.0
195,1.0,13,4.35,223,0.073,0.0
195,1.0,13,4.35,223,0.073,6.0
196,1.0,13,4.25,221,0.072,
196,1.0,13,4.25,221,0.072,4.0
196,1.0,13,4.25,221,0.072,0.0
196,1.0,13,4.25,221,0.072,
196,1.0,13,4.25,221,0.072,0.0
196,1.0,13,4.25,221,0.072,0.0
196,1.0,13,4.25,221,0.072,0.0
196,1.0,13,4.25,221,0.072,1.0
196,1.0,13,4.25,221,0.072,5.0
196,1.0,13,4.25,221,0.072,3.0
197,1.0,13,4.16,218,0.071,
197,1.0,13,4.16,218,0.071,11.0
197,1.0,13,4.16,218,0.071,0.0
197,1.0,13,4.16,218,0.071,2.0
197,1.0,13,4.16,218,0.071,2.0
197,1.0,13,4.16,218,0.071,
197,1.0,13,4.16,218,0.071,0.0
197,1.0,13,4.16,218,0.071,8.0
197,1.0,13,4.16,218,0.071,0.0
197,1.0,13,4.16,218,0.071,6.0
198,0.9,12,4.07,215,0.07,1.0
198,0.9,12,4.07,215,0.07,
198,0.9,12,4.07,215,0.07,
198,0.9,12,4.07,215,0.07,1.0
198,0.9,12,4.07,215,0.07,0.0
198,0.9,12,4.07,215,0.07,1.0
198,0.9,12,4.07,215,0.07,20.0
198,0.9,12,4.07,215,0.07,
198,0.9,12,4.07,215,0.07,0.0
198,0.9,12,4.07,215,0.07,0.0
199,0.9,12,3.98,213,0.069,2.0
199,0.9,12,3.98,213,0.069,
199,0.9,12,3.98,213,0.069,24.0
199,0.9,12,3.98,213,0.069,
199,0.9,12,3.98,213,0.069,4.0
199,0.9,12,3.98,213,0.069,3.0
199,0.9,12,3.98,213,0.069,24.0
199,0.9,12,3.98,213,0.069,
199,0.9,12,3.98,213,0.069,
199,0.9,12,3.98,213,0.069,15.0
200,0.9,11,3.89,210,0.068,
200,0.9,11,3.89,210,0.068,
200,0.9,11,3.89,210,0.068,0.0
200,0.9,11,3.89,210,0.068,27.0
200,0.9,11,3.89,210,0.068,11.0
200,0.9,11,3.89,210,0.068,2.0
200,0.9,11,3.89,210,0.068,0.0
200,0.9,11,3.89,210,0.068,16.0
200,0.9,11,3.89,210,0.068,2.0
200,0.9,11,3.89,210,0.068,13.0
201,0.8,11,3.81,207,0.068,3.0
201,0.8,11,3.81,207,0.068,
201,0.8,11,3.81,207,0.068,10.0
201,0.8,11,3.81,207,0.068,
201,0.8,11,3.81,207,0.068,
201,0.8,11,3.81,207,0.068,
201,0.8,11,3.81,207,0.068,
201,0.8,11,3.81,207,0.068,
201,0.8,11,3.81,207,0.068,7.0
201,0.8,11,3.81,207,0.068,3.0
202,0.8,11,3.72,205,0.067,13.0
202,0.8,11,3.72,205,0.067,
202,0.8,11,3.72,205,0.067,0.0
202,0.8,11,3.72,205,0.067,
202,0.8,11,3.72,205,0.067,0.0
202,0.8,11,3.72,205,0.067,8.0
202,0.8,11,3.72,205,0.067,0.0
202,0.8,11,3.72,205,0.067,0.0
202,0.8,11,3.72,205,0.067,1.0
202,0.8,11,3.72,205,0.067,
203,0.8,10,3.64,202,0.066,
203,0.8,10,3.64,202,0.066,
203,0.8,10,3.64,202,0.066,11.0
203,0.8,10,3.64,202,0.066,1.0
203,0.8,10,3.64,202,0.066,2.0
203,0.8,10,3.64,202,0.066,1.0
203,0.8,10,3.64,202,0.066,0.0
203,0.8,10,3.64,202,0.066,
203,0.8,10,3.64,202,0.066,
203,0.8,10,3.64,202,0.066,15.0
204,0.7,10,3.56,199,0.065,5.0
204,0.7,10,3.56,199,0.065,
204,0.7,10,3.56,199,0.065,
204,0.7,10,3.56,199,0.065,
204,0.7,10,3.56,199,0.065,1.0
204,0.7,10,3.56,199,0.065,1.0
204,0.7,10,3.56,199,0.065,0.0
204,0.7,10,3.56,199,0.065,2.0
204,0.7,10,3.56,199,0.065,8.0
204,0.7,10,3.56,199,0.065,1.0
205,0.7,9,3.48,197,0.065,0.0
205,0.7,9,3.48,197,0.065,12.0
205,0.7,9,3.48,197,0.065,10.0
205,0.7,9,3.48,197,0.065,5.0
205,0.7,9,3.48,197,0.065,0.0
205,0.7,9,3.48,197,0.065,2.0
205,0.7,9,3.48,197,0.065,1.0
205,0.7,9,3.48,197,0.065,0.0
205,0.7,9,3.48,197,0.065,3.0
205,0.7,9,3.48,197,0.065,20.0
206,0.7,9,3.4,194,0.064,4.0
206,0.7,9,3.4,194,0.064,3.0
206,0.7,9,3.4,194,0.064,35.0
206,0.7,9,3.4,194,0.064,
206,0.7,9,3.4,194,0.064,2.0
206,0.7,9,3.4,194,0.064,1.0
206,0.7,9,3.4,194,0.064,
206,0.7,9,3.4,194,0.064,5.0
206,0.7,9,3.4,194,0.064,3.0
206,0.7,9,3.4,194,0.064,0.0
207,0.6,9,3.33,192,0.063,
207,0.6,9,3.33,192,0.063,7.0
207,0.6,9,3.33,192,0.063,1.0
207,0.6,9,3.33,192,0.063,21.0
207,0.6,9,3.33,192,0.063,0.0
207,0.6,9,3.33,192,0.063,
207,0.6,9,3.33,192,0.063,6.0
207,0.6,9,3.33,192,0.063,4.0
207,0.6,9,3.33,192,0.063,2.0
207,0.6,9,3.33,192,0.063,0.0
208,0.6,8,3.26,189,0.063,1.0
208,0.6,8,3.26,189,0.063,
208,0.6,8,3.26,189,0.063,0.0
208,0.6,8,3.26,189,0.063,1.0
208,0.6,8,3.26,189,0.063,4.0
208,0.6,8,3.26,189,0.063,
208,0.6,8,3.26,189,0.063,2.0
208,0.6,8,3.26,189,0.063,6.0
208,0.6,8,3.26,189,0.063,9.0
208,0.6,8,3.26,189,0.063,1.0
209,0.6,8,3.18,187,0.062,
209,0.6,8,3.18,187,0.062,
209,0.6,8,3.18,187,0.062,3.0
209,0.6,8,3.18,187,0.062,13.0
209,0.6,8,3.18,187,0.062,
209,0.6,8,3.18,187,0.062,2.0
209,0.6,8,3.18,187,0.062,0.0
209,0.6,8,3.18,187,0.062,1.0
209,0.6,8,3.18,187,0.062,
209,0.6,8,3.18,187,0.062,
210,0.6,7,3.11,184,0.061,
210,0.6,7,3.11,184,0.061,7.0
210,0.6,7,3.11,184,0.061,8.0
210,0.6,7,3.11,184,0.061,0.0
210,0.6,7,3.11,184,0.061,1.0
210,0.6,7,3.11,184,0.061,
210,0.6,7,3.11,184,0.061,
210,0.6,7,3.11,184,0.061,
210,0.6,7,3.11,184,0.061,
210,0.6,7,3.11,184,0.061,0.0
211,0.5,7,3.05,182,0.061,7.0
211,0.5,7,3.05,182,0.061,1.0
211,0.5,7,3.05,182,0.061,
211,0.5,7,3.05,182,0.061,0.0
211,0.5,7,3.05,182,0.061,
211,0.5,7,3.05,182,0.061,
211,0.5,7,3.05,182,0.061,5.0
211,0.5,7,3.05,182,0.061,2.0
211,0.5,7,3.05,182,0.061,
211,0.5,7,3.05,182,0.061,7.0
212,0.5,7,2.98,179,0.06,0.0
212,0.5,7,2.98,179,0.06,0.0
212,0.5,7,2.98,179,0.06,
212,0.5,7,2.98,179,0.06,4.0
212,0.5,7,2.98,179,0.06,9.0
212,0.5,7,2.98,179,0.06,3.0
212,0.5,7,2.98,179,0.06,
212,0.5,7,2.98,179,0.06,
212,0.5,7,2.98,179,0.06,8.0
212,0.5,7,2.98,179,0.06,0.0
213,0.5,6,2.91,177,0.06,1.0
213,0.5,6,2.91,177,0.06,1.0
213,0.5,6,2.91,177,0.06,2.0
213,0.5,6,2.91,177,0.06,
213,0.5,6,2.91,177,0.06,0.0
213,0.5,6,2.91,177,0.06,1.0
213,0.5,6,2.91,177,0.06,
213,0.5,6,2.91,177,0.06,
213,0.5,6,2.91,177,0.06,23.0
213,0.5,6,2.91,177,0.06,2.0
214,0.4,6,2.85,174,0.06,28.0
214,0.4,6,2.85,174,0.06,
214,0.4,6,2.85,174,0.06,
214,0.4,6,2.85,174,0.06,
214,0.4,6,2.85,174,0.06,0.0
214,0.4,6,2.85,174,0.06,17.0
214,0.4,6,2.85,174,0.06,1.0
214,0.4,6,2.85,174,0.06,3.0
214,0.4,6,2.85,174,0.06,2.0
214,0.4,6,2.85,174,0.06,5.0
215,0.4,5,2.79,172,0.059,0.0
215,0.4,5,2.79,172,0.059,1.0
215,0.4,5,2.79,172,0.059,1.0
215,0.4,5,2.79,172,0.059,6.0
215,0.4,5,2.79,172,0.059,6.0
215,0.4,5,2.79,172,0.059,7.0
215,0.4,5,2.79,172,0.059,
215,0.4,5,2.79,172,0.059,23.0
215,0.4,5,2.79,172,0.059,
215,0.4,5,2.79,172,0.059,7.0
216,0.4,5,2.73,169,0.059,
216,0.4,5,2.73,169,0.059,2.0
216,0.4,5,2.73,169,0.059,
216,0.4,5,2.73,169,0.059,17.0
216,0.4,5,2.73,169,0.059,8.0
216,0.4,5,2.73,169,0.059,0.0
216,0.4,5,2.73,169,0.059,
216,0.4,5,2.73,169,0.059,
216,0.4,5,2.73,169,0.059,10.0
216,0.4,5,2.73,169,0.059,17.0
217,0.3,5,2.67,167,0.058,6.0
217,0.3,5,2.67,167,0.058,0.0
217,0.3,5,2.67,167,0.058,4.0
217,0.3,5,2.67,167,0.058,
217,0.3,5,2.67,167,0.058,7.0
217,0.3,5,2.67,167,0.058,0.0
217,0.3,5,2.67,167,0.058,7.0
217,0.3,5,2.67,167,0.058,1.0
217,0.3,5,2.67,167,0.058,6.0
217,0.3,5,2.67,167,0.058,21.0
218,0.3,4,2.61,165,0.058,0.0
218,0.3,4,2.61,165,0.058,
218,0.3,4,2.61,165,0.058,0.0
218,0.3,4,2.61,165,0.058,4.0
218,0.3,4,2.61,165,0.058,
218,0.3,4,2.61,165,0.058,1.0
218,0.3,4,2.61,165,0.058,0.0
218,0.3,4,2.61,165,0.058,
218,0.3,4,2.61,165,0.058,
218,0.3,4,2.61,165,0.058,5.0
219,0.3,4,2.55,162,0.058,0.0
219,0.3,4,2.55,162,0.058,
219,0.3,4,2.55,162,0.058,0.0
219,0.3,4,2.55,162,0.058,13.0
219,0.3,4,2.55,162,0.058,
219,0.3,4,2.55,162,0.058,8.0
219,0.3,4,2.55,162,0.058,0.0
219,0.3,4,2.55,162,0.058,
219,0.3,4,2.55,162,0.058,0.0
219,0.3,4,2.55,162,0.058,11.0
220,0.3,3,2.49,160,0.057,0.0
220,0.3,3,2.49,160,0.057,
220,0.3,3,2.49,160,0.057,
220,0.3,3,2.49,160,0.057,25.0
220,0.3,3,2.49,160,0.057,1.0
220,0.3,3,2.49,160,0.057,
220,0.3,3,2.49,160,0.057,9.0
220,0.3,3,2.49,160,0.057,
220,0.3,3,2.49,160,0.057,0.0
220,0.3,3,2.49,160,0.057,1.0
221,0.2,3,2.44,157,0.057,1.0
221,0.2,3,2.44,157,0.057,3.0
221,0.2,3,2.44,157,0.057,
221,0.2,3,2.44,157,0.057,2.0
221,0.2,3,2.44,157,0.057,
221,0.2,3,2.44,157,0.057,17.0
221,0.2,3,2.44,157,0.057,1.0
221,0.2,3,2.44,157,0.057,9.0
221,0.2,3,2.44,157,0.057,
221,0.2,3,2.44,157,0.057,2.0
222,0.2,3,2.38,155,0.056,1.0
222,0.2,3,2.38,155,0.056,
222,0.2,3,2.38,155,0.056,1.0
222,0.2,3,2.38,155,0.056,0.0
222,0.2,3,2.38,155,0.056,
222,0.2,3,2.38,155,0.056,1.0
222,0.2,3,2.38,155,0.056,0.0
222,0.2,3,2.38,155,0.056,
222,0.2,3,2.38,155,0.056,
222,0.2,3,2.38,155,0.056,4.0
223,0.2,2,2.33,153,0.056,
223,0.2,2,2.33,153,0.056,4.0
223,0.2,2,2.33,153,0.056,
223,0.2,2,2.33,153,0.056,1.0
223,0.2,2,2.33,153,0.056,2.0
223,0.2,2,2.33,153,0.056,
223,0.2,2,2.33,153,0.056,
223,0.2,2,2.33,153,0.056,1.0
223,0.2,2,2.33,153,0.056,
223,0.2,2,2.33,153,0.056,5.0
224,0.1,2,2.28,150,0.056,0.0
224,0.1,2,2.28,150,0.056,9.0
224,0.1,2,2.28,150,0.056,0.0
224,0.1,2,2.28,150,0.056,8.0
224,0.1,2,2.28,150,0.056,5.0
224,0.1,2,2.28,150,0.056,
224,0.1,2,2.28,150,0.056,1.0
224,0.1,2,2.28,150,0.056,1.0
224,0.1,2,2.28,150,0.056,0.0
224,0.1,2,2.28,150,0.056,
225,0.0,0,2.23,148,0.055,1.0
225,0.0,0,2.23,148,0.055,32.0
225,0.0,0,2.23,148,0.055,
225,0.0,0,2.23,148,0.055,1.0
225,0.0,0,2.23,148,0.055,
225,0.0,0,2.23,148,0.055,
225,0.0,0,2.23,148,0.055,8.0
225,0.0,0,2.23,148,0.055,1.0
225,0.0,0,2.23,148,0.055,3.0
225,0.0,0,2.23,148,0.055,1.0
226,0.0,0,2.18,146,0.055,
226,0.0,0,2.18,146,0.055,1.0
226,0.0,0,2.18,146,0.055,2.0
226,0.0,0,2.18,146,0.055,
226,0.0,0,2.18,146,0.055,7.0
226,0.0,0,2.18,146,0.055,
226,0.0,0,2.18,146,0.055,12.0
226,0.0,0,2.18,146,0.055,
226,0.0,0,2.18,146,0.055,4.0
226,0.0,0,2.18,146,0.055,1.0
227,0.0,0,2.13,143,0.054,
227,0.0,0,2.13,143,0.054,8.0
227,0.0,0,2.13,143,0.054,1.0
227,0.0,0,2.13,143,0.054,
227,0.0,0,2.13,143,0.054,
227,0.0,0,2.13,143,0.054,8.0
227,0.0,0,2.13,143,0.054,0.0
227,0.0,0,2.13,143,0.054,
227,0.0,0,2.13,143,0.054,5.0
227,0.0,0,2.13,143,0.054,0.0
228,0.0,0,2.09,141,0.054,0.0
228,0.0,0,2.09,141,0.054,0.0
228,0.0,0,2.09,141,0.054,
228,0.0,0,2.09,141,0.054,
228,0.0,0,2.09,141,0.054,1.0
228,0.0,0,2.09,141,0.054,9.0
228,0.0,0,2.09,141,0.054,
228,0.0,0,2.09,141,0.054,2.0
228,0.0,0,2.09,141,0.054,1.0
228,0.0,0,2.09,141,0.054,1.0
229,0.0,0,2.04,139,0.054,
229,0.0,0,2.04,139,0.054,6.0
229,0.0,0,2.04,139,0.054,
229,0.0,0,2.04,139,0.054,-1.0
229,0.0,0,2.04,139,0.054,1.0
229,0.0,0,2.04,139,0.054,0.0
229,0.0,0,2.04,139,0.054,5.0
229,0.0,0,2.04,139,0.054,23.0
229,0.0,0,2.04,139,0.054,
229,0.0,0,2.04,139,0.054,13.0
230,0.0,0,2.0,136,0.053,3.0
230,0.0,0,2.0,136,0.053,
230,0.0,0,2.0,136,0.053,0.0
230,0.0,0,2.0,136,0.053,
230,0.0,0,2.0,136,0.053,1.0
230,0.0,0,2.0,136,0.053,0.0
230,0.0,0,2.0,136,0.053,4.0
230,0.0,0,2.0,136,0.053,7.0
230,0.0,0,2.0,136,0.053,
230,0.0,0,2.0,136,0.053,
231,0.0,0,1.95,134,0.053,
231,0.0,0,1.95,134,0.053,
231,0.0,0,1.95,134,0.053,
231,0.0,0,1.95,134,0.053,
231,0.0,0,1.95,134,0.053,
231,0.0,0,1.95,134,0.053,0.0
231,0.0,0,1.95,134,0.053,0.0
231,0.0,0,1.95,134,0.053,3.0
231,0.0,0,1.95,134,0.053,
231,0.0,0,1.95,134,0.053,1.0
232,0.0,0,1.91,132,0.052,1.0
232,0.0,0,1.91,132,0.052,1.0
232,0.0,0,1.91,132,0.052,4.0
232,0.0,0,1.91,132,0.052,
232,0.0,0,1.91,132,0.052,2.0
232,0.0,0,1.91,132,0.052,
232,0.0,0,1.91,132,0.052,
232,0.0,0,1.91,132,0.052,0.0
232,0.0,0,1.91,132,0.052,
232,0.0,0,1.91,132,0.052,1.0
233,0.0,0,1.87,129,0.052,
233,0.0,0,1.87,129,0.052,
233,0.0,0,1.87,129,0.052,
233,0.0,0,1.87,129,0.052,3.0
233,0.0,0,1.87,129,0.052,
233,0.0,0,1.87,129,0.052,18.0
233,0.0,0,1.87,129,0.052,
233,0.0,0,1.87,129,0.052,41.0
233,0.0,0,1.87,129,0.052,0.0
233,0.0,0,1.87,129,0.052,0.0
234,0.0,0,1.83,127,0.052,7.0
234,0.0,0,1.83,127,0.052,
234,0.0,0,1.83,127,0.052,
234,0.0,0,1.83,127,0.052,5.0
234,0.0,0,1.83,127,0.052,0.0
234,0.0,0,1.83,127,0.052,6.0
234,0.0,0,1.83,127,0.052,0.0
234,0.0,0,1.83,127,0.052,1.0
234,0.0,0,1.83,127,0.052,13.0
234,0.0,0,1.83,127,0.052,
235,0.0,0,1.79,125,0.051,9.0
235,0.0,0,1.79,125,0.051,
235,0.0,0,1.79,125,0.051,0.0
235,0.0,0,1.79,125,0.051,1.0
235,0.0,0,1.79,125,0.051,
235,0.0,0,1.79,125,0.051,9.0
235,0.0,0,1.79,125,0.051,1.0
235,0.0,0,1.79,125,0.051,40.0
235,0.0,0,1.79,125,0.051,0.0
235,0.0,0,1.79,125,0.051,0.0
236,0.0,0,1.75,123,0.051,0.0
236,0.0,0,1.75,123,0.051,6.0
236,0.0,0,1.75,123,0.051,6.0
236,0.0,0,1.75,123,0.051,2.0
236,0.0,0,1.75,123,0.051,0.0
236,0.0,0,1.75,123,0.051,2.0
236,0.0,0,1.75,123,0.051,
236,0.0,0,1.75,123,0.051,
236,0.0,0,1.75,123,0.051,0.0
236,0.0,0,1.75,123,0.051,1.0
237,0.0,0,1.71,121,0.051,
237,0.0,0,1.71,121,0.051,0.0
237,0.0,0,1.71,121,0.051,
237,0.0,0,1.71,121,0.051,13.0
237,0.0,0,1.71,121,0.051,
237,0.0,0,1.71,121,0.051,0.0
237,0.0,0,1.71,121,0.051,5.0
237,0.0,0,1.71,121,0.051,0.0
237,0.0,0,1.71,121,0.051,
237,0.0,0,1.71,121,0.051,1.0
238,0.0,0,1.67,118,0.05,
238,0.0,0,1.67,118,0.05,2.0
238,0.0,0,1.67,118,0.05,
238,0.0,0,1.67,118,0.05,
238,0.0,0,1.67,118,0.05,0.0
238,0.0,0,1.67,118,0.05,
238,0.0,0,1.67,118,0.05,0.0
238,0.0,0,1.67,118,0.05,0.0
238,0.0,0,1.67,118,0.05,
238,0.0,0,1.67,118,0.05,0.0
239,0.0,0,1.63,116,0.05,15.0
239,0.0,0,1.63,116,0.05,6.0
239,0.0,0,1.63,116,0.05,
239,0.0,0,1.63,116,0.05,2.0
239,0.0,0,1.63,116,0.05,
239,0.0,0,1.63,116,0.05,0.0
239,0.0,0,1.63,116,0.05,9.0
239,0.0,0,1.63,116,0.05,3.0
239,0.0,0,1.63,116,0.05,
239,0.0,0,1.63,116,0.05,12.0
240,0.0,0,1.6,114,0.05,0.0
240,0.0,0,1.6,114,0.05,1.0
240,0.0,0,1.6,114,0.05,
240,0.0,0,1.6,114,0.05,
240,0.0,0,1.6,114,0.05,6.0
240,0.0,0,1.6,114,0.05,
240,0.0,0,1.6,114,0.05,
240,0.0,0,1.6,114,0.05,6.0
240,0.0,0,1.6,114,0.05,
240,0.0,0,1.6,114,0.05,
241,0.0,0,1.56,112,0.05,1.0
241,0.0,0,1.56,112,0.05,
241,0.0,0,1.56,112,0.05,
241,0.0,0,1.56,112,0.05,1.0
241,0.0,0,1.56,112,0.05,
241,0.0,0,1.56,112,0.05,1.0
241,0.0,0,1.56,112,0.05,
241,0.0,0,1.56,112,0.05,2.0
241,0.0,0,1.56,112,0.05,
241,0.0,0,1.56,112,0.05,1.0
242,0.0,0,1.53,110,0.05,11.0
242,0.0,0,1.53,110,0.05,9.0
242,0.0,0,1.53,110,0.05,4.0
242,0.0,0,1.53,110,0.05,8.0
242,0.0,0,1.53,110,0.05,2.0
242,0.0,0,1.53,110,0.05,
242,0.0,0,1.53,110,0.05,0.0
242,0.0,0,1.53,110,0.05,
242,0.0,0,1.53,110,0.05,1.0
242,0.0,0,1.53,110,0.05,3.0
243,0.0,0,1.49,107,0.049,0.0
243,0.0,0,1.49,107,0.049,
243,0.0,0,1.49,107,0.049,13.0
243,0.0,0,1.49,107,0.049,
243,0.0,0,1.49,107,0.049,
243,0.0,0,1.49,107,0.049,
243,0.0,0,1.49,107,0.049,1.0
243,0.0,0,1.49,107,0.049,1.0
243,0.0,0,1.49,107,0.049,7.0
243,0.0,0,1.49,107,0.049,2.0
244,0.0,0,1.46,105,0.049,1.0
244,0.0,0,1.46,105,0.049,0.0
244,0.0,0,1.46,105,0.049,1.0
244,0.0,0,1.46,105,0.049,
244,0.0,0,1.46,105,0.049,11.0
244,0.0,0,1.46,105,0.049,4.0
244,0.0,0,1.46,105,0.049,1.0
244,0.0,0,1.46,105,0.049,1.0
244,0.0,0,1.46,105,0.049,7.0
244,0.0,0,1.46,105,0.049,
245,0.0,0,1.43,103,0.049,
245,0.0,0,1.43,103,0.049,1.0
245,0.0,0,1.43,103,0.049,
245,0.0,0,1.43,103,0.049,
245,0.0,0,1.43,103,0.049,0.0
245,0.0,0,1.43,103,0.049,6.0
245,0.0,0,1.43,103,0.049,
245,0.0,0,1.43,103,0.049,4.0
245,0.0,0,1.43,103,0.049,
245,0.0,0,1.43,103,0.049,
246,0.0,0,1.4,101,0.049,
246,0.0,0,1.4,101,0.049,
246,0.0,0,1.4,101,0.049,
246,0.0,0,1.4,101,0.049,37.0
246,0.0,0,1.4,101,0.049,3.0
246,0.0,0,1.4,101,0.049,5.0
246,0.0,0,1.4,101,0.049,
246,0.0,0,1.4,101,0.049,
246,0.0,0,1.4,101,0.049,
246,0.0,0,1.4,101,0.049,1.0
247,0.0,0,1.37,99,0.049,
247,0.0,0,1.37,99,0.049,0.0
247,0.0,0,1.37,99,0.049,
247,0.0,0,1.37,99,0.049,0.0
247,0.0,0,1.37,99,0.049,
247,0.0,0,1.37,99,0.049,
247,0.0,0,1.37,99,0.049,
247,0.0,0,1.37,99,0.049,19.0
247,0.0,0,1.37,99,0.049,5.0
247,0.0,0,1.37,99,0.049,
248,0.0,0,1.34,97,0.049,3.0
248,0.0,0,1.34,97,0.049,14.0
248,0.0,0,1.34,97,0.049,7.0
248,0.0,0,1.34,97,0.049,
248,0.0,0,1.34,97,0.049,
248,0.0,0,1.34,97,0.049,1.0
248,0.0,0,1.34,97,0.049,
248,0.0,0,1.34,97,0.049,
248,0.0,0,1.34,97,0.049,2.0
248,0.0,0,1.34,97,0.049,0.0
249,0.0,0,1.31,94,0.048,0.0
249,0.0,0,1.31,94,0.048,1.0
249,0.0,0,1.31,94,0.048,0.0
249,0.0,0,1.31,94,0.048,
249,0.0,0,1.31,94,0.048,0.0
249,0.0,0,1.31,94,0.048,0.0
249,0.0,0,1.31,94,0.048,29.0
249,0.0,0,1.31,94,0.048,
249,0.0,0,1.31,94,0.048,4.0
249,0.0,0,1.31,94,0.048,
250,0.0,0,1.28,92,0.048,
250,0.0,0,1.28,92,0.048,
250,0.0,0,1.28,92,0.048,1.0
250,0.0,0,1.28,92,0.048,2.0
250,0.0,0,1.28,92,0.048,13.0
250,0.0,0,1.28,92,0.048,
250,0.0,0,1.28,92,0.048,1.0
250,0.0,0,1.28,92,0.048,3.0
250,0.0,0,1.28,92,0.048,2.0
250,0.0,0,1.28,92,0.048,2.0
251,0.0,0,1.25,90,0.048,4.0
251,0.0,0,1.25,90,0.048,0.0
251,0.0,0,1.25,90,0.048,5.0
251,0.0,0,1.25,90,0.048,0.0
251,0.0,0,1.25,90,0.048,0.0
251,0.0,0,1.25,90,0.048,2.0
251,0.0,0,1.25,90,0.048,0.0
251,0.0,0,1.25,90,0.048,10.0
251,0.0,0,1.25,90,0.048,
251,0.0,0,1.25,90,0.048,0.0
252,0.0,0,1.22,88,0.048,2.0
252,0.0,0,1.22,88,0.048,7.0
252,0.0,0,1.22,88,0.048,
252,0.0,0,1.22,88,0.048,
252,0.0,0,1.22,88,0.048,
252,0.0,0,1.22,88,0.048,
252,0.0,0,1.22,88,0.048,0.0
252,0.0,0,1.22,88,0.048,
252,0.0,0,1.22,88,0.048,
252,0.0,0,1.22,88,0.048,0.0
253,0.0,0,1.2,86,0.048,2.0
253,0.0,0,1.2,86,0.048,
253,0.0,0,1.2,86,0.048,0.0
253,0.0,0,1.2,86,0.048,
253,0.0,0,1.2,86,0.048,
253,0.0,0,1.2,86,0.048,0.0
253,0.0,0,1.2,86,0.048,0.0
253,0.0,0,1.2,86,0.048,5.0
253,0.0,0,1.2,86,0.048,
253,0.0,0,1.2,86,0.048,0.0
254,0.0,0,1.17,84,0.048,
254,0.0,0,1.17,84,0.048,0.0
254,0.0,0,1.17,84,0.048,0.0
254,0.0,0,1.17,84,0.048,
254,0.0,0,1.17,84,0.048,2.0
254,0.0,0,1.17,84,0.048,
254,0.0,0,1.17,84,0.048,1.0
255,0.0,0,1.14,82,0.047,0.0
255,0.0,0,1.14,82,0.047,10.0
255,0.0,0,1.14,82,0.047,
255,0.0,0,1.14,82,0.047,16.0
256,0.0,0,1.12,80,0.047,0.0
256,0.0,0,1.12,80,0.047,
256,0.0,0,1.12,80,0.047,2.0
257,0.0,0,1.1,78,0.047,
258,0.0,0,1.08,76,0.047,
259,0.0,0,1.06,74,0.047,
260,0.0,0,1.04,72,0.046,
261,0.0,0,1.02,70,0.046,
262,0.0,0,1.0,68,0.046,
